lang,file,line,symbol
lua,tests/860.lua,16,g_ui.
lua,tests/860.lua,25,onClick
lua,tests/860.lua,31,g_ui.
lua,tests/860.lua,41,g_ui.
lua,tests/860.lua,43,onClick
lua,tests/860.lua,53,g_ui.
lua,tests/860.lua,57,onClick
lua,tests/860.lua,64,g_ui.
lua,tests/1098.lua,34,g_ui.
lua,tests/1098.lua,43,onClick
lua,tests/1098.lua,49,g_ui.
lua,tests/1098.lua,59,g_ui.
lua,tests/1098.lua,61,onClick
lua,modules/game_questlog/questlog.lua,11,g_ui.
lua,modules/game_questlog/questlog.lua,13,g_ui.
lua,modules/game_questlog/questlog.lua,15,g_ui.
lua,modules/game_questlog/questlog.lua,24,connect
lua,modules/game_questlog/questlog.lua,25,onQuestLine
lua,modules/game_questlog/questlog.lua,26,onGameEnd
lua,modules/game_questlog/questlog.lua,27,onGameStart
lua,modules/game_questlog/questlog.lua,32,onQuestLog
lua,modules/game_questlog/questlog.lua,33,onQuestLine
lua,modules/game_questlog/questlog.lua,34,onGameEnd
lua,modules/game_questlog/questlog.lua,35,onGameStart
lua,modules/game_questlog/questlog.lua,81,connect
lua,modules/game_questlog/questlog.lua,82,onChildFocusChange
lua,modules/game_questlog/questlog.lua,134,onGameQuestLog
lua,modules/game_questlog/questlog.lua,143,g_ui.
lua,modules/game_questlog/questlog.lua,149,onDoubleClick
lua,modules/game_questlog/questlog.lua,158,onGameQuestLine
lua,modules/game_questlog/questlog.lua,169,g_ui.
lua,modules/game_questlog/questlog.lua,181,g_ui.
lua,modules/game_questlog/questlog.lua,193,onTrackOptionChange
lua,modules/game_questlog/questlog.lua,233,schedule
lua,modules/game_questlog/questlog.lua,240,schedule
lua,modules/game_spelllist/spelllist.lua,98,connect
lua,modules/game_spelllist/spelllist.lua,99,onGameEnd
lua,modules/game_spelllist/spelllist.lua,101,g_ui.
lua,modules/game_spelllist/spelllist.lua,155,onSelectionChange
lua,modules/game_spelllist/spelllist.lua,156,onSelectionChange
lua,modules/game_spelllist/spelllist.lua,157,onSelectionChange
lua,modules/game_spelllist/spelllist.lua,173,onGameStart
lua,modules/game_spelllist/spelllist.lua,174,onGameEnd
lua,modules/game_spelllist/spelllist.lua,176,onChildFocusChange
lua,modules/game_spelllist/spelllist.lua,194,g_ui.
lua,modules/game_spelllist/spelllist.lua,213,onClick
lua,modules/game_spelllist/spelllist.lua,216,connect
lua,modules/client_locales/locales.lua,10,g_ui.
lua,modules/client_locales/locales.lua,18,g_ui.
lua,modules/client_locales/locales.lua,21,onClick
lua,modules/client_locales/locales.lua,28,addEvent
lua,modules/client_locales/locales.lua,53,connect
lua,modules/client_locales/locales.lua,61,onRun
lua,modules/client_locales/locales.lua,130,onLocaleChanged
lua,modules/client_locales/neededtranslations.lua,100,connect
lua,modules/client_locales/neededtranslations.lua,274,connect
lua,modules/game_containers/containers.lua,4,connect
lua,modules/game_containers/containers.lua,5,onClose
lua,modules/game_containers/containers.lua,6,onSizeChange
lua,modules/game_containers/containers.lua,7,onUpdateItem
lua,modules/game_containers/containers.lua,8,connect
lua,modules/game_containers/containers.lua,9,onGameStart
lua,modules/game_containers/containers.lua,10,onGameEnd
lua,modules/game_containers/containers.lua,17,onOpen
lua,modules/game_containers/containers.lua,18,onClose
lua,modules/game_containers/containers.lua,19,onSizeChange
lua,modules/game_containers/containers.lua,20,onUpdateItem
lua,modules/game_containers/containers.lua,22,onGameStart
lua,modules/game_containers/containers.lua,23,onGameEnd
lua,modules/game_containers/containers.lua,30,onContainerOpen
lua,modules/game_containers/containers.lua,87,onClick
lua,modules/game_containers/containers.lua,95,onClick
lua,modules/game_containers/containers.lua,100,onMouseWheel
lua,modules/game_containers/containers.lua,103,onClick
lua,modules/game_containers/containers.lua,105,onClick
lua,modules/game_containers/containers.lua,111,onContainerOpen
lua,modules/game_containers/containers.lua,118,g_ui.
lua,modules/game_containers/containers.lua,123,schedule
lua,modules/game_containers/containers.lua,137,onClose
lua,modules/game_containers/containers.lua,141,onDrop
lua,modules/game_containers/containers.lua,147,onDrop
lua,modules/game_containers/containers.lua,151,onMouseRelease
lua,modules/game_containers/containers.lua,170,onClick
lua,modules/game_containers/containers.lua,183,g_ui.
lua,modules/game_containers/containers.lua,220,onContainerClose
lua,modules/game_containers/containers.lua,224,onContainerChangeSize
lua,modules/game_containers/containers.lua,229,onContainerUpdateItem
lua,modules/game_playertrade/playertrade.lua,4,g_ui.
lua,modules/game_playertrade/playertrade.lua,6,connect
lua,modules/game_playertrade/playertrade.lua,7,onCounterTrade
lua,modules/game_playertrade/playertrade.lua,8,onCloseTrade
lua,modules/game_playertrade/playertrade.lua,9,onGameEnd
lua,modules/game_playertrade/playertrade.lua,13,onOwnTrade
lua,modules/game_playertrade/playertrade.lua,14,onCounterTrade
lua,modules/game_playertrade/playertrade.lua,15,onCloseTrade
lua,modules/game_playertrade/playertrade.lua,16,onGameEnd
lua,modules/game_playertrade/playertrade.lua,24,g_ui.
lua,modules/game_playertrade/playertrade.lua,25,onClose
lua,modules/game_playertrade/playertrade.lua,58,g_ui.
lua,modules/game_playertrade/playertrade.lua,62,onClick
lua,modules/game_playertrade/playertrade.lua,68,onGameOwnTrade
lua,modules/game_playertrade/playertrade.lua,72,onGameCounterTrade
lua,modules/game_playertrade/playertrade.lua,76,onGameCloseTrade
lua,modules/game_imbuing/imbuing.lua,17,connect
lua,modules/game_imbuing/imbuing.lua,18,onGameEnd
lua,modules/game_imbuing/imbuing.lua,19,onResourceBalance
lua,modules/game_imbuing/imbuing.lua,20,onImbuementWindow
lua,modules/game_imbuing/imbuing.lua,21,onCloseImbuementWindow
lua,modules/game_imbuing/imbuing.lua,24,g_ui.
lua,modules/game_imbuing/imbuing.lua,32,onOptionChange
lua,modules/game_imbuing/imbuing.lua,41,onOptionChange
lua,modules/game_imbuing/imbuing.lua,45,onOptionChange
lua,modules/game_imbuing/imbuing.lua,106,onClick
lua,modules/game_imbuing/imbuing.lua,134,onGameEnd
lua,modules/game_imbuing/imbuing.lua,135,onResourceBalance
lua,modules/game_imbuing/imbuing.lua,136,onImbuementWindow
lua,modules/game_imbuing/imbuing.lua,137,onCloseImbuementWindow
lua,modules/game_imbuing/imbuing.lua,150,onClick
lua,modules/game_imbuing/imbuing.lua,192,onClick
lua,modules/game_imbuing/imbuing.lua,222,onClick
lua,modules/game_imbuing/imbuing.lua,238,onImbuementWindow
lua,modules/game_imbuing/imbuing.lua,248,onClick
lua,modules/game_imbuing/imbuing.lua,261,onClick
lua,modules/game_imbuing/imbuing.lua,282,onResourceBalance
lua,modules/game_imbuing/imbuing.lua,293,onCloseImbuementWindow
lua,modules/client_mobile/mobile.lua,15,g_ui.
lua,modules/client_mobile/mobile.lua,31,schedule
lua,modules/client_mobile/mobile.lua,35,connect
lua,modules/client_mobile/mobile.lua,36,onMousePress
lua,modules/client_mobile/mobile.lua,37,onMouseRelease
lua,modules/client_mobile/mobile.lua,38,onTouchPress
lua,modules/client_mobile/mobile.lua,39,onTouchRelease
lua,modules/client_mobile/mobile.lua,40,onMouseMove
lua,modules/client_mobile/mobile.lua,42,connect
lua,modules/client_mobile/mobile.lua,43,onTouchPress
lua,modules/client_mobile/mobile.lua,44,onTouchRelease
lua,modules/client_mobile/mobile.lua,45,onMouseMove
lua,modules/client_mobile/mobile.lua,47,connect
lua,modules/client_mobile/mobile.lua,48,onGameStart
lua,modules/client_mobile/mobile.lua,49,onGameEnd
lua,modules/client_mobile/mobile.lua,62,onMousePress
lua,modules/client_mobile/mobile.lua,63,onMouseRelease
lua,modules/client_mobile/mobile.lua,64,onTouchPress
lua,modules/client_mobile/mobile.lua,65,onTouchRelease
lua,modules/client_mobile/mobile.lua,66,onMouseMove
lua,modules/client_mobile/mobile.lua,69,onTouchPress
lua,modules/client_mobile/mobile.lua,70,onTouchRelease
lua,modules/client_mobile/mobile.lua,71,onMouseMove
lua,modules/client_mobile/mobile.lua,74,onGameStart
lua,modules/client_mobile/mobile.lua,75,onGameEnd
lua,modules/client_mobile/mobile.lua,103,onMouseMove
lua,modules/client_mobile/mobile.lua,107,onMousePress
lua,modules/client_mobile/mobile.lua,121,onMouseRelease
lua,modules/client_mobile/mobile.lua,135,schedule
lua,modules/client_mobile/mobile.lua,141,onKeypadTouchMove
lua,modules/client_mobile/mobile.lua,147,onKeypadTouchPress
lua,modules/client_mobile/mobile.lua,156,onKeypadTouchRelease
lua,modules/client_mobile/mobile.lua,175,schedule
lua,modules/game_outfit/outfit.lua,49,connect
lua,modules/game_outfit/outfit.lua,52,onOpenOutfitWindow
lua,modules/game_outfit/outfit.lua,53,onGameEnd
lua,modules/game_outfit/outfit.lua,62,onOpenOutfitWindow
lua,modules/game_outfit/outfit.lua,63,onGameEnd
lua,modules/game_outfit/outfit.lua,69,onMovementChange
lua,modules/game_outfit/outfit.lua,74,onShowFloorChange
lua,modules/game_outfit/outfit.lua,132,onShowMountChange
lua,modules/game_outfit/outfit.lua,137,onShowOutfitChange
lua,modules/game_outfit/outfit.lua,147,onShowAuraChange
lua,modules/game_outfit/outfit.lua,152,onShowWingsChange
lua,modules/game_outfit/outfit.lua,157,onShowShaderChange
lua,modules/game_outfit/outfit.lua,162,onShowBarsChange
lua,modules/game_outfit/outfit.lua,168,onShowFloorChange
lua,modules/game_outfit/outfit.lua,169,onShowOutfitChange
lua,modules/game_outfit/outfit.lua,170,onShowMountChange
lua,modules/game_outfit/outfit.lua,171,onShowWingsChange
lua,modules/game_outfit/outfit.lua,172,onShowAuraChange
lua,modules/game_outfit/outfit.lua,173,onShowShaderChange
lua,modules/game_outfit/outfit.lua,174,onShowBarsChange
lua,modules/game_outfit/outfit.lua,203,g_ui.
lua,modules/game_outfit/outfit.lua,207,g_ui.
lua,modules/game_outfit/outfit.lua,251,onCheckChange
lua,modules/game_outfit/outfit.lua,252,onCheckChange
lua,modules/game_outfit/outfit.lua,265,onCheckChange
lua,modules/game_outfit/outfit.lua,267,onCheckChange
lua,modules/game_outfit/outfit.lua,291,g_ui.
lua,modules/game_outfit/outfit.lua,305,onSelectionChange
lua,modules/game_outfit/outfit.lua,317,onSelectionChange
lua,modules/game_outfit/outfit.lua,326,onSelectionChange
lua,modules/game_outfit/outfit.lua,343,onKeyPress
lua,modules/game_outfit/outfit.lua,393,onCheckChange
lua,modules/game_outfit/outfit.lua,394,onCheckChange
lua,modules/game_outfit/outfit.lua,407,onCheckChange
lua,modules/game_outfit/outfit.lua,408,onCheckChange
lua,modules/game_outfit/outfit.lua,416,g_ui.
lua,modules/game_outfit/outfit.lua,495,onClick
lua,modules/game_outfit/outfit.lua,519,onAppearanceChange
lua,modules/game_outfit/outfit.lua,548,g_ui.
lua,modules/game_outfit/outfit.lua,565,onChildFocusChange
lua,modules/game_outfit/outfit.lua,576,onChildFocusChange
lua,modules/game_outfit/outfit.lua,581,g_ui.
lua,modules/game_outfit/outfit.lua,608,onChildFocusChange
lua,modules/game_outfit/outfit.lua,619,onChildFocusChange
lua,modules/game_outfit/outfit.lua,624,g_ui.
lua,modules/game_outfit/outfit.lua,648,onChildFocusChange
lua,modules/game_outfit/outfit.lua,659,onChildFocusChange
lua,modules/game_outfit/outfit.lua,664,g_ui.
lua,modules/game_outfit/outfit.lua,675,g_ui.
lua,modules/game_outfit/outfit.lua,692,onChildFocusChange
lua,modules/game_outfit/outfit.lua,703,onChildFocusChange
lua,modules/game_outfit/outfit.lua,708,g_ui.
lua,modules/game_outfit/outfit.lua,719,g_ui.
lua,modules/game_outfit/outfit.lua,736,onChildFocusChange
lua,modules/game_outfit/outfit.lua,747,onChildFocusChange
lua,modules/game_outfit/outfit.lua,752,g_ui.
lua,modules/game_outfit/outfit.lua,763,g_ui.
lua,modules/game_outfit/outfit.lua,780,onChildFocusChange
lua,modules/game_outfit/outfit.lua,791,onChildFocusChange
lua,modules/game_outfit/outfit.lua,796,g_ui.
lua,modules/game_outfit/outfit.lua,807,g_ui.
lua,modules/game_outfit/outfit.lua,827,onChildFocusChange
lua,modules/game_outfit/outfit.lua,838,onChildFocusChange
lua,modules/game_outfit/outfit.lua,843,g_ui.
lua,modules/game_outfit/outfit.lua,854,g_ui.
lua,modules/game_outfit/outfit.lua,874,onChildFocusChange
lua,modules/game_outfit/outfit.lua,880,onPresetSelect
lua,modules/game_outfit/outfit.lua,906,onOutfitSelect
lua,modules/game_outfit/outfit.lua,924,onMountSelect
lua,modules/game_outfit/outfit.lua,942,onAuraSelect
lua,modules/game_outfit/outfit.lua,954,onWingsSelect
lua,modules/game_outfit/outfit.lua,966,onShaderSelect
lua,modules/game_outfit/outfit.lua,978,onHealthBarSelect
lua,modules/game_outfit/outfit.lua,990,onManaBarSelect
lua,modules/game_outfit/outfit.lua,1039,onAddonChange
lua,modules/game_outfit/outfit.lua,1058,onColorModeChange
lua,modules/game_outfit/outfit.lua,1071,onColorCheckChange
lua,modules/game_outfit/outfit.lua,1202,onFilterSearch
lua,modules/game_outfit/outfit.lua,1203,addEvent
lua,modules/client_topmenu/topmenu.lua,21,g_ui.
lua,modules/client_topmenu/topmenu.lua,31,onMouseRelease
lua,modules/client_topmenu/topmenu.lua,37,onTouchRelease
lua,modules/client_topmenu/topmenu.lua,46,connect
lua,modules/client_topmenu/topmenu.lua,47,onGameEnd
lua,modules/client_topmenu/topmenu.lua,48,onPingBack
lua,modules/client_topmenu/topmenu.lua,50,g_ui.
lua,modules/client_topmenu/topmenu.lua,54,schedule
lua,modules/client_topmenu/topmenu.lua,62,onGameStart
lua,modules/client_topmenu/topmenu.lua,63,onGameEnd
lua,modules/client_topmenu/topmenu.lua,64,onPingBack
lua,modules/client_topmenu/topmenu.lua,85,addEvent
lua,modules/client_topmenu/topmenu.lua,112,schedule
lua,modules/client_topmenu/topmenu.lua,262,schedule
lua,modules/client_topmenu/topmenu.lua,279,onClick
lua,modules/client_topmenu/topmenu.lua,280,onClick
lua,modules/client_topmenu/topmenu.lua,282,schedule
lua,modules/game_itemselector/itemselector.lua,4,g_ui.
lua,modules/game_itemselector/itemselector.lua,6,connect
lua,modules/game_itemselector/itemselector.lua,10,onGameEnd
lua,modules/game_itemselector/itemselector.lua,29,g_ui.
lua,modules/game_itemselector/itemselector.lua,47,onClick
lua,modules/game_itemselector/itemselector.lua,48,onClick
lua,modules/game_itemselector/itemselector.lua,49,onClick
lua,modules/game_itemselector/itemselector.lua,50,onEnter
lua,modules/game_itemselector/itemselector.lua,51,onEscape
lua,modules/game_itemselector/itemselector.lua,60,onValueChange
lua,modules/game_itemselector/itemselector.lua,63,onValueChange
lua,modules/game_hotkeys/hotkeys_manager.lua,50,g_ui.
lua,modules/game_hotkeys/hotkeys_manager.lua,71,onSelectionChange
lua,modules/game_hotkeys/hotkeys_manager.lua,73,g_ui.
lua,modules/game_hotkeys/hotkeys_manager.lua,76,onMouseRelease
lua,modules/game_hotkeys/hotkeys_manager.lua,78,onChildFocusChange
lua,modules/game_hotkeys/hotkeys_manager.lua,86,connect
lua,modules/game_hotkeys/hotkeys_manager.lua,87,onGameStart
lua,modules/game_hotkeys/hotkeys_manager.lua,88,onGameEnd
lua,modules/game_hotkeys/hotkeys_manager.lua,100,onGameStart
lua,modules/game_hotkeys/hotkeys_manager.lua,101,onGameEnd
lua,modules/game_hotkeys/hotkeys_manager.lua,245,onConfigChange
lua,modules/game_hotkeys/hotkeys_manager.lua,273,onChooseItemMouseRelease
lua,modules/game_hotkeys/hotkeys_manager.lua,316,g_ui.
lua,modules/game_hotkeys/hotkeys_manager.lua,334,g_ui.
lua,modules/game_hotkeys/hotkeys_manager.lua,339,onKeyDown
lua,modules/game_hotkeys/hotkeys_manager.lua,347,g_ui.
lua,modules/game_hotkeys/hotkeys_manager.lua,428,schedule
lua,modules/game_hotkeys/hotkeys_manager.lua,651,onHotkeyTextChange
lua,modules/game_hotkeys/hotkeys_manager.lua,663,onSendAutomaticallyChange
lua,modules/game_hotkeys/hotkeys_manager.lua,673,onChangeUseType
lua,modules/game_hotkeys/hotkeys_manager.lua,690,onSelectHotkeyLabel
lua,modules/game_textwindow/textwindow.lua,4,g_ui.
lua,modules/game_textwindow/textwindow.lua,6,connect
lua,modules/game_textwindow/textwindow.lua,7,onEditList
lua,modules/game_textwindow/textwindow.lua,8,onGameEnd
lua,modules/game_textwindow/textwindow.lua,12,onEditText
lua,modules/game_textwindow/textwindow.lua,13,onEditList
lua,modules/game_textwindow/textwindow.lua,14,onGameEnd
lua,modules/game_textwindow/textwindow.lua,26,onGameEditText
lua,modules/game_textwindow/textwindow.lua,27,g_ui.
lua,modules/game_textwindow/textwindow.lua,94,onClick
lua,modules/game_textwindow/textwindow.lua,95,onClick
lua,modules/game_textwindow/textwindow.lua,98,onEnter
lua,modules/game_textwindow/textwindow.lua,101,onEscape
lua,modules/game_textwindow/textwindow.lua,106,onGameEditList
lua,modules/game_textwindow/textwindow.lua,107,g_ui.
lua,modules/game_textwindow/textwindow.lua,139,onClick
lua,modules/game_textwindow/textwindow.lua,140,onClick
lua,modules/game_textwindow/textwindow.lua,141,onEscape
lua,modules/updater/updater.lua,11,schedule
lua,modules/updater/updater.lua,14,onLog
lua,modules/updater/updater.lua,50,schedule
lua,modules/updater/updater.lua,90,schedule
lua,modules/updater/updater.lua,149,schedule
lua,modules/updater/updater.lua,179,schedule
lua,modules/updater/updater.lua,201,onLog
lua,modules/updater/updater.lua,214,schedule
lua,modules/updater/updater.lua,225,g_ui.
lua,modules/updater/updater.lua,232,schedule
lua,modules/updater/updater.lua,239,schedule
lua,modules/updater/updater.lua,259,schedule
lua,modules/updater/updater.lua,261,onOk
lua,modules/updater/updater.lua,267,schedule
lua,modules/game_shop/shop.lua,39,connect
lua,modules/game_shop/shop.lua,40,onGameStart
lua,modules/game_shop/shop.lua,41,onGameEnd
lua,modules/game_shop/shop.lua,42,onStoreInit
lua,modules/game_shop/shop.lua,43,onStoreCategories
lua,modules/game_shop/shop.lua,44,onStoreOffers
lua,modules/game_shop/shop.lua,45,onStoreTransactionHistory
lua,modules/game_shop/shop.lua,46,onStorePurchase
lua,modules/game_shop/shop.lua,47,onStoreError
lua,modules/game_shop/shop.lua,48,onCoinBalance
lua,modules/game_shop/shop.lua,51,onExtendedJSONOpcode
lua,modules/game_shop/shop.lua,62,onGameStart
lua,modules/game_shop/shop.lua,63,onGameEnd
lua,modules/game_shop/shop.lua,64,onStoreInit
lua,modules/game_shop/shop.lua,65,onStoreCategories
lua,modules/game_shop/shop.lua,66,onStoreOffers
lua,modules/game_shop/shop.lua,67,onStoreTransactionHistory
lua,modules/game_shop/shop.lua,68,onStorePurchase
lua,modules/game_shop/shop.lua,69,onStoreError
lua,modules/game_shop/shop.lua,70,onCoinBalance
lua,modules/game_shop/shop.lua,73,onExtendedJSONOpcode
lua,modules/game_shop/shop.lua,80,onChildFocusChange
lua,modules/game_shop/shop.lua,150,g_ui.
lua,modules/game_shop/shop.lua,153,connect
lua,modules/game_shop/shop.lua,158,g_ui.
lua,modules/game_shop/shop.lua,162,onStoreInit
lua,modules/game_shop/shop.lua,179,onStoreCategories
lua,modules/game_shop/shop.lua,197,onStoreOffers
lua,modules/game_shop/shop.lua,240,onStoreTransactionHistory
lua,modules/game_shop/shop.lua,262,onStorePurchase
lua,modules/game_shop/shop.lua,272,onStoreError
lua,modules/game_shop/shop.lua,281,onCoinBalance
lua,modules/game_shop/shop.lua,301,onExtendedJSONOpcode
lua,modules/game_shop/shop.lua,384,onDestroy
lua,modules/game_shop/shop.lua,408,onMouseRelease
lua,modules/game_shop/shop.lua,409,schedule
lua,modules/game_shop/shop.lua,441,onMouseRelease
lua,modules/game_shop/shop.lua,442,schedule
lua,modules/game_shop/shop.lua,445,onMouseRelease
lua,modules/game_shop/shop.lua,452,g_ui.
lua,modules/game_shop/shop.lua,457,g_ui.
lua,modules/game_shop/shop.lua,463,g_ui.
lua,modules/game_shop/shop.lua,501,g_ui.
lua,modules/game_shop/shop.lua,506,g_ui.
lua,modules/game_shop/shop.lua,512,g_ui.
lua,modules/game_shop/shop.lua,531,onDoubleClick
lua,modules/game_shop/shop.lua,532,onClick
lua,modules/game_shop/shop.lua,577,schedule
lua,modules/game_protocol/protocol.lua,53,connect
lua,modules/game_protocol/protocol.lua,54,onPendingGame
lua,modules/game_protocol/protocol.lua,55,onGameEnd
lua,modules/game_protocol/protocol.lua,62,onEnterGame
lua,modules/game_protocol/protocol.lua,63,onPendingGame
lua,modules/game_protocol/protocol.lua,64,onGameEnd
lua,modules/game_battle/battle.lua,19,g_ui.
lua,modules/game_battle/battle.lua,22,g_ui.
lua,modules/game_battle/battle.lua,41,g_ui.
lua,modules/game_battle/battle.lua,54,onOptionChange
lua,modules/game_battle/battle.lua,59,onOptionChange
lua,modules/game_battle/battle.lua,64,g_ui.
lua,modules/game_battle/battle.lua,67,onHoverChange
lua,modules/game_battle/battle.lua,68,onMouseRelease
lua,modules/game_battle/battle.lua,74,connect
lua,modules/game_battle/battle.lua,75,onPositionChange
lua,modules/game_battle/battle.lua,77,connect
lua,modules/game_battle/battle.lua,78,onAppear
lua,modules/game_battle/battle.lua,79,onDisappear
lua,modules/game_battle/battle.lua,81,connect
lua,modules/game_battle/battle.lua,82,onAttackingCreatureChange
lua,modules/game_battle/battle.lua,83,onFollowingCreatureChange
lua,modules/game_battle/battle.lua,100,onPositionChange
lua,modules/game_battle/battle.lua,103,onAppear
lua,modules/game_battle/battle.lua,104,onDisappear
lua,modules/game_battle/battle.lua,107,onAttackingCreatureChange
lua,modules/game_battle/battle.lua,108,onFollowingCreatureChange
lua,modules/game_battle/battle.lua,124,onMiniWindowClose
lua,modules/game_battle/battle.lua,211,onChangeSortType
lua,modules/game_battle/battle.lua,215,onChangeSortOrder
lua,modules/game_battle/battle.lua,223,schedule
lua,modules/game_battle/battle.lua,280,onBattleButtonHoverChange
lua,modules/game_battle/battle.lua,365,onBattleButtonMouseRelease
lua,modules/game_battle/battle.lua,395,onBattleButtonHoverChange
lua,modules/game_battle/battle.lua,408,onPlayerPositionChange
lua,modules/game_battle/battle.lua,409,addEvent
lua,modules/game_battle/battle.lua,413,onIdle
lua,modules/game_battle/battle.lua,414,onTargeted
lua,modules/game_battle/battle.lua,415,onFollowed
lua,modules/game_battle/battle.lua,432,onIdle
lua,modules/game_battle/battle.lua,435,onIdle
lua,modules/game_battle/battle.lua,438,onTargeted
lua,modules/game_battle/battle.lua,441,onFollowed
lua,modules/game_actionbar/actionbar.lua,64,connect
lua,modules/game_actionbar/actionbar.lua,65,onGameStart
lua,modules/game_actionbar/actionbar.lua,66,onGameEnd
lua,modules/game_actionbar/actionbar.lua,67,onSpellGroupCooldown
lua,modules/game_actionbar/actionbar.lua,68,onSpellCooldown
lua,modules/game_actionbar/actionbar.lua,76,g_ui.
lua,modules/game_actionbar/actionbar.lua,79,onMouseRelease
lua,modules/game_actionbar/actionbar.lua,84,onGameStart
lua,modules/game_actionbar/actionbar.lua,85,onGameEnd
lua,modules/game_actionbar/actionbar.lua,86,onSpellGroupCooldown
lua,modules/game_actionbar/actionbar.lua,87,onSpellCooldown
lua,modules/game_actionbar/actionbar.lua,118,g_ui.
lua,modules/game_actionbar/actionbar.lua,232,g_ui.
lua,modules/game_actionbar/actionbar.lua,281,onDropActionButton
lua,modules/game_actionbar/actionbar.lua,282,g_ui.
lua,modules/game_actionbar/actionbar.lua,329,onMouseWheel
lua,modules/game_actionbar/actionbar.lua,341,g_ui.
lua,modules/game_actionbar/actionbar.lua,358,onItemChange
lua,modules/game_actionbar/actionbar.lua,414,onDragEnter
lua,modules/game_actionbar/actionbar.lua,415,g_ui.
lua,modules/game_actionbar/actionbar.lua,424,onMouseRelease
lua,modules/game_actionbar/actionbar.lua,427,g_ui.
lua,modules/game_actionbar/actionbar.lua,444,onItemChange
lua,modules/game_actionbar/actionbar.lua,523,g_ui.
lua,modules/game_actionbar/actionbar.lua,533,onClick
lua,modules/game_actionbar/actionbar.lua,539,onItemChange
lua,modules/game_actionbar/actionbar.lua,645,onClick
lua,modules/game_actionbar/actionbar.lua,646,onEnter
lua,modules/game_actionbar/actionbar.lua,647,onClick
lua,modules/game_actionbar/actionbar.lua,648,onClick
lua,modules/game_actionbar/actionbar.lua,649,onEscape
lua,modules/game_actionbar/actionbar.lua,661,g_ui.
lua,modules/game_actionbar/actionbar.lua,666,onTextChange
lua,modules/game_actionbar/actionbar.lua,730,onClick
lua,modules/game_actionbar/actionbar.lua,731,onClick
lua,modules/game_actionbar/actionbar.lua,732,onClick
lua,modules/game_actionbar/actionbar.lua,733,onEscape
lua,modules/game_actionbar/actionbar.lua,734,onEnter
lua,modules/game_actionbar/actionbar.lua,747,g_ui.
lua,modules/game_actionbar/actionbar.lua,761,g_ui.
lua,modules/game_actionbar/actionbar.lua,801,onChildFocusChange
lua,modules/game_actionbar/actionbar.lua,834,onSelectionChange
lua,modules/game_actionbar/actionbar.lua,853,onCheckChange
lua,modules/game_actionbar/actionbar.lua,883,onClick
lua,modules/game_actionbar/actionbar.lua,884,onClick
lua,modules/game_actionbar/actionbar.lua,885,onClick
lua,modules/game_actionbar/actionbar.lua,886,onEscape
lua,modules/game_actionbar/actionbar.lua,887,onEnter
lua,modules/game_actionbar/actionbar.lua,899,g_ui.
lua,modules/game_actionbar/actionbar.lua,922,onKeyDown
lua,modules/game_actionbar/actionbar.lua,960,onClick
lua,modules/game_actionbar/actionbar.lua,961,onClick
lua,modules/game_actionbar/actionbar.lua,962,onClick
lua,modules/game_actionbar/actionbar.lua,1082,onSpellCooldown
lua,modules/game_actionbar/actionbar.lua,1092,onSpellGroupCooldown
lua,modules/game_actionbar/actionbar.lua,1145,schedule
lua,modules/game_features/features.lua,2,connect
lua,modules/game_features/features.lua,6,onClientVersionChange
lua,modules/game_buttons/buttons.lua,5,g_ui.
lua,modules/game_skills/skills.lua,5,connect
lua,modules/game_skills/skills.lua,6,onExperienceChange
lua,modules/game_skills/skills.lua,7,onLevelChange
lua,modules/game_skills/skills.lua,8,onHealthChange
lua,modules/game_skills/skills.lua,9,onManaChange
lua,modules/game_skills/skills.lua,10,onSoulChange
lua,modules/game_skills/skills.lua,11,onFreeCapacityChange
lua,modules/game_skills/skills.lua,12,onTotalCapacityChange
lua,modules/game_skills/skills.lua,13,onStaminaChange
lua,modules/game_skills/skills.lua,14,onOfflineTrainingChange
lua,modules/game_skills/skills.lua,15,onRegenerationChange
lua,modules/game_skills/skills.lua,16,onSpeedChange
lua,modules/game_skills/skills.lua,17,onBaseSpeedChange
lua,modules/game_skills/skills.lua,18,onMagicLevelChange
lua,modules/game_skills/skills.lua,19,onBaseMagicLevelChange
lua,modules/game_skills/skills.lua,20,onSkillChange
lua,modules/game_skills/skills.lua,21,onBaseSkillChange
lua,modules/game_skills/skills.lua,23,connect
lua,modules/game_skills/skills.lua,24,onGameStart
lua,modules/game_skills/skills.lua,25,onGameEnd
lua,modules/game_skills/skills.lua,30,g_ui.
lua,modules/game_skills/skills.lua,38,onExperienceChange
lua,modules/game_skills/skills.lua,39,onLevelChange
lua,modules/game_skills/skills.lua,40,onHealthChange
lua,modules/game_skills/skills.lua,41,onManaChange
lua,modules/game_skills/skills.lua,42,onSoulChange
lua,modules/game_skills/skills.lua,43,onFreeCapacityChange
lua,modules/game_skills/skills.lua,44,onTotalCapacityChange
lua,modules/game_skills/skills.lua,45,onStaminaChange
lua,modules/game_skills/skills.lua,46,onOfflineTrainingChange
lua,modules/game_skills/skills.lua,47,onRegenerationChange
lua,modules/game_skills/skills.lua,48,onSpeedChange
lua,modules/game_skills/skills.lua,49,onBaseSpeedChange
lua,modules/game_skills/skills.lua,50,onMagicLevelChange
lua,modules/game_skills/skills.lua,51,onBaseMagicLevelChange
lua,modules/game_skills/skills.lua,52,onSkillChange
lua,modules/game_skills/skills.lua,53,onBaseSkillChange
lua,modules/game_skills/skills.lua,56,onGameStart
lua,modules/game_skills/skills.lua,57,onGameEnd
lua,modules/game_skills/skills.lua,203,onExperienceChange
lua,modules/game_skills/skills.lua,204,onLevelChange
lua,modules/game_skills/skills.lua,205,onHealthChange
lua,modules/game_skills/skills.lua,206,onManaChange
lua,modules/game_skills/skills.lua,207,onSoulChange
lua,modules/game_skills/skills.lua,208,onFreeCapacityChange
lua,modules/game_skills/skills.lua,209,onStaminaChange
lua,modules/game_skills/skills.lua,210,onMagicLevelChange
lua,modules/game_skills/skills.lua,211,onOfflineTrainingChange
lua,modules/game_skills/skills.lua,212,onRegenerationChange
lua,modules/game_skills/skills.lua,213,onSpeedChange
lua,modules/game_skills/skills.lua,217,onSkillChange
lua,modules/game_skills/skills.lua,218,onBaseSkillChange
lua,modules/game_skills/skills.lua,258,onLevelChange
lua,modules/game_skills/skills.lua,268,onMiniWindowClose
lua,modules/game_skills/skills.lua,272,onSkillButtonClick
lua,modules/game_skills/skills.lua,284,onExperienceChange
lua,modules/game_skills/skills.lua,299,onLevelChange
lua,modules/game_skills/skills.lua,319,onHealthChange
lua,modules/game_skills/skills.lua,324,onManaChange
lua,modules/game_skills/skills.lua,329,onSoulChange
lua,modules/game_skills/skills.lua,333,onFreeCapacityChange
lua,modules/game_skills/skills.lua,338,onTotalCapacityChange
lua,modules/game_skills/skills.lua,342,onStaminaChange
lua,modules/game_skills/skills.lua,378,onOfflineTrainingChange
lua,modules/game_skills/skills.lua,393,onRegenerationChange
lua,modules/game_skills/skills.lua,407,onSpeedChange
lua,modules/game_skills/skills.lua,410,onBaseSpeedChange
lua,modules/game_skills/skills.lua,413,onBaseSpeedChange
lua,modules/game_skills/skills.lua,417,onMagicLevelChange
lua,modules/game_skills/skills.lua,421,onBaseMagicLevelChange
lua,modules/game_skills/skills.lua,424,onBaseMagicLevelChange
lua,modules/game_skills/skills.lua,428,onSkillChange
lua,modules/game_skills/skills.lua,432,onBaseSkillChange
lua,modules/game_skills/skills.lua,435,onBaseSkillChange
lua,modules/client_feedback/feedback.lua,10,g_ui.
lua,modules/client_feedback/feedback.lua,17,onClick
lua,modules/client_feedback/feedback.lua,18,onClick
lua,modules/client_feedback/feedback.lua,19,onEscape
lua,modules/client_feedback/feedback.lua,103,schedule
lua,modules/game_interface/gameinterface.lua,22,g_ui.
lua,modules/game_interface/gameinterface.lua,24,connect
lua,modules/game_interface/gameinterface.lua,25,onGameStart
lua,modules/game_interface/gameinterface.lua,26,onGameEnd
lua,modules/game_interface/gameinterface.lua,27,onLoginAdvice
lua,modules/game_interface/gameinterface.lua,32,onGeometryChange
lua,modules/game_interface/gameinterface.lua,34,connect
lua,modules/game_interface/gameinterface.lua,35,onRun
lua,modules/game_interface/gameinterface.lua,36,onExit
lua,modules/game_interface/gameinterface.lua,39,g_ui.
lua,modules/game_interface/gameinterface.lua,42,onGeometryChange
lua,modules/game_interface/gameinterface.lua,45,onMouseRelease
lua,modules/game_interface/gameinterface.lua,46,onTouchRelease
lua,modules/game_interface/gameinterface.lua,58,connect
lua,modules/game_interface/gameinterface.lua,64,g_ui.
lua,modules/game_interface/gameinterface.lua,71,connect
lua,modules/game_interface/gameinterface.lua,72,connect
lua,modules/game_interface/gameinterface.lua,103,onGameStart
lua,modules/game_interface/gameinterface.lua,104,onGameEnd
lua,modules/game_interface/gameinterface.lua,105,onLoginAdvice
lua,modules/game_interface/gameinterface.lua,108,onGeometryChange
lua,modules/game_interface/gameinterface.lua,109,connect
lua,modules/game_interface/gameinterface.lua,115,onGameStart
lua,modules/game_interface/gameinterface.lua,127,onGameEnd
lua,modules/game_interface/gameinterface.lua,133,connect
lua,modules/game_interface/gameinterface.lua,142,addEvent
lua,modules/game_interface/gameinterface.lua,154,onClose
lua,modules/game_interface/gameinterface.lua,189,onLoginAdvice
lua,modules/game_interface/gameinterface.lua,195,schedule
lua,modules/game_interface/gameinterface.lua,204,schedule
lua,modules/game_interface/gameinterface.lua,232,connect
lua,modules/game_interface/gameinterface.lua,277,onMouseGrabberRelease
lua,modules/game_interface/gameinterface.lua,284,onUseWith
lua,modules/game_interface/gameinterface.lua,286,onTradeWith
lua,modules/game_interface/gameinterface.lua,298,onUseWith
lua,modules/game_interface/gameinterface.lua,323,onTradeWith
lua,modules/game_interface/gameinterface.lua,340,g_ui.
lua,modules/game_interface/gameinterface.lua,356,g_ui.
lua,modules/game_interface/gameinterface.lua,400,g_ui.
lua,modules/game_interface/gameinterface.lua,746,g_ui.
lua,modules/game_interface/gameinterface.lua,767,onValueChange
lua,modules/game_interface/gameinterface.lua,796,onValueChange
lua,modules/game_interface/gameinterface.lua,798,onValueChange
lua,modules/game_interface/gameinterface.lua,800,onValueChange
lua,modules/game_interface/gameinterface.lua,802,onEnter
lua,modules/game_interface/gameinterface.lua,803,onEscape
lua,modules/game_interface/gameinterface.lua,805,onClick
lua,modules/game_interface/gameinterface.lua,806,onClick
lua,modules/game_interface/gameinterface.lua,847,g_ui.
lua,modules/game_interface/gameinterface.lua,856,g_ui.
lua,modules/game_interface/gameinterface.lua,1052,onGeometryChange
lua,modules/game_interface/gameinterface.lua,1053,onGeometryChange
lua,modules/game_interface/gameinterface.lua,1083,onClick
lua,modules/game_interface/gameinterface.lua,1162,onClick
lua,modules/client_options/options.lua,96,g_ui.
lua,modules/client_options/options.lua,105,g_ui.
lua,modules/client_options/options.lua,108,g_ui.
lua,modules/client_options/options.lua,111,g_ui.
lua,modules/client_options/options.lua,114,g_ui.
lua,modules/client_options/options.lua,117,g_ui.
lua,modules/client_options/options.lua,121,g_ui.
lua,modules/client_options/options.lua,123,g_ui.
lua,modules/client_options/options.lua,132,g_ui.
lua,modules/client_options/options.lua,141,addEvent
lua,modules/client_options/options.lua,143,connect
lua,modules/client_options/options.lua,144,onGameEnd
lua,modules/client_options/options.lua,148,onGameStart
lua,modules/client_options/options.lua,149,onGameEnd
lua,modules/client_options/options.lua,326,addEvent
lua,modules/client_options/options.lua,383,onProfileChange
lua,modules/game_playerdeath/playerdeath.lua,10,g_ui.
lua,modules/game_playerdeath/playerdeath.lua,12,connect
lua,modules/game_playerdeath/playerdeath.lua,13,onGameEnd
lua,modules/game_playerdeath/playerdeath.lua,17,onDeath
lua,modules/game_playerdeath/playerdeath.lua,18,onGameEnd
lua,modules/game_playerdeath/playerdeath.lua,48,g_ui.
lua,modules/game_playerdeath/playerdeath.lua,81,onEnter
lua,modules/game_playerdeath/playerdeath.lua,82,onEscape
lua,modules/game_playerdeath/playerdeath.lua,84,onClick
lua,modules/game_playerdeath/playerdeath.lua,85,onClick
lua,modules/client_background/background.lua,7,g_ui.
lua,modules/client_background/background.lua,14,addEvent
lua,modules/client_background/background.lua,17,connect
lua,modules/client_background/background.lua,18,connect
lua,modules/client_background/background.lua,22,onGameStart
lua,modules/client_background/background.lua,23,onGameEnd
lua,modules/game_cooldown/cooldown.lua,17,connect
lua,modules/game_cooldown/cooldown.lua,18,onSpellGroupCooldown
lua,modules/game_cooldown/cooldown.lua,19,onSpellCooldown
lua,modules/game_cooldown/cooldown.lua,26,g_ui.
lua,modules/game_cooldown/cooldown.lua,44,onGameStart
lua,modules/game_cooldown/cooldown.lua,45,onSpellGroupCooldown
lua,modules/game_cooldown/cooldown.lua,46,onSpellCooldown
lua,modules/game_cooldown/cooldown.lua,67,g_ui.
lua,modules/game_cooldown/cooldown.lua,81,onMiniWindowClose
lua,modules/game_cooldown/cooldown.lua,131,g_ui.
lua,modules/game_cooldown/cooldown.lua,133,schedule
lua,modules/game_cooldown/cooldown.lua,155,schedule
lua,modules/game_cooldown/cooldown.lua,172,onSpellCooldown
lua,modules/game_cooldown/cooldown.lua,181,g_ui.
lua,modules/game_cooldown/cooldown.lua,203,onSpellGroupCooldown
lua,modules/game_ruleviolation/ruleviolation.lua,38,connect
lua,modules/game_ruleviolation/ruleviolation.lua,40,g_ui.
lua,modules/game_ruleviolation/ruleviolation.lua,54,onGMActions
lua,modules/game_ruleviolation/ruleviolation.lua,70,g_ui.
lua,modules/game_ruleviolation/ruleviolation.lua,71,onFocusChange
lua,modules/game_ruleviolation/ruleviolation.lua,102,onSelectReason
lua,modules/game_ruleviolation/ruleviolation.lua,108,g_ui.
lua,modules/game_minimap/minimap.lua,10,g_ui.
lua,modules/game_minimap/minimap.lua,31,connect
lua,modules/game_minimap/minimap.lua,32,onGameStart
lua,modules/game_minimap/minimap.lua,33,onGameEnd
lua,modules/game_minimap/minimap.lua,36,connect
lua,modules/game_minimap/minimap.lua,37,onPositionChange
lua,modules/game_minimap/minimap.lua,51,onGameStart
lua,modules/game_minimap/minimap.lua,52,onGameEnd
lua,modules/game_minimap/minimap.lua,56,onPositionChange
lua,modules/game_minimap/minimap.lua,84,onMiniWindowClose
lua,modules/client/client.lua,45,connect
lua,modules/client/client.lua,46,connect
lua,modules/client/client.lua,55,connect
lua,modules/client/client.lua,56,onExit
lua,modules/client/client.lua,57,connect
lua,modules/client/client.lua,58,onGameEnd
lua,modules/client/client.lua,103,onRun
lua,modules/client/client.lua,104,onExit
lua,modules/client/client.lua,105,onGameStart
lua,modules/client/client.lua,106,onGameEnd
lua,modules/client/client.lua,117,onGameStart
lua,modules/client/client.lua,123,onGameEnd
lua,modules/game_things/things.lua,49,addEvent
lua,modules/client_styles/styles.lua,28,g_ui.
lua,modules/game_healthinfo/healthinfo.lua,39,connect
lua,modules/game_healthinfo/healthinfo.lua,40,onManaChange
lua,modules/game_healthinfo/healthinfo.lua,41,onLevelChange
lua,modules/game_healthinfo/healthinfo.lua,42,onStatesChange
lua,modules/game_healthinfo/healthinfo.lua,43,onSoulChange
lua,modules/game_healthinfo/healthinfo.lua,44,onFreeCapacityChange
lua,modules/game_healthinfo/healthinfo.lua,46,connect
lua,modules/game_healthinfo/healthinfo.lua,48,g_ui.
lua,modules/game_healthinfo/healthinfo.lua,66,g_ui.
lua,modules/game_healthinfo/healthinfo.lua,74,connect
lua,modules/game_healthinfo/healthinfo.lua,83,onHealthChange
lua,modules/game_healthinfo/healthinfo.lua,84,onManaChange
lua,modules/game_healthinfo/healthinfo.lua,85,onLevelChange
lua,modules/game_healthinfo/healthinfo.lua,86,onStatesChange
lua,modules/game_healthinfo/healthinfo.lua,87,onSoulChange
lua,modules/game_healthinfo/healthinfo.lua,88,onFreeCapacityChange
lua,modules/game_healthinfo/healthinfo.lua,104,onHealthChange
lua,modules/game_healthinfo/healthinfo.lua,105,onManaChange
lua,modules/game_healthinfo/healthinfo.lua,106,onLevelChange
lua,modules/game_healthinfo/healthinfo.lua,107,onStatesChange
lua,modules/game_healthinfo/healthinfo.lua,108,onSoulChange
lua,modules/game_healthinfo/healthinfo.lua,109,onFreeCapacityChange
lua,modules/game_healthinfo/healthinfo.lua,111,onGameEnd
lua,modules/game_healthinfo/healthinfo.lua,112,onGeometryChange
lua,modules/game_healthinfo/healthinfo.lua,145,g_ui.
lua,modules/game_healthinfo/healthinfo.lua,157,onMiniWindowClose
lua,modules/game_healthinfo/healthinfo.lua,163,onHealthChange
lua,modules/game_healthinfo/healthinfo.lua,197,onManaChange
lua,modules/game_healthinfo/healthinfo.lua,216,onLevelChange
lua,modules/game_healthinfo/healthinfo.lua,222,onSoulChange
lua,modules/game_healthinfo/healthinfo.lua,226,onFreeCapacityChange
lua,modules/game_healthinfo/healthinfo.lua,230,onStatesChange
lua,modules/game_healthinfo/healthinfo.lua,287,onOverlayGeometryChange
lua,modules/game_viplist/viplist.lua,8,connect
lua,modules/game_viplist/viplist.lua,9,onGameEnd
lua,modules/game_viplist/viplist.lua,10,onAddVip
lua,modules/game_viplist/viplist.lua,11,onVipStateChange
lua,modules/game_viplist/viplist.lua,18,g_ui.
lua,modules/game_viplist/viplist.lua,29,onGameStart
lua,modules/game_viplist/viplist.lua,30,onGameEnd
lua,modules/game_viplist/viplist.lua,31,onAddVip
lua,modules/game_viplist/viplist.lua,32,onVipStateChange
lua,modules/game_viplist/viplist.lua,69,onAddVip
lua,modules/game_viplist/viplist.lua,90,onMiniWindowClose
lua,modules/game_viplist/viplist.lua,96,g_ui.
lua,modules/game_viplist/viplist.lua,105,g_ui.
lua,modules/game_viplist/viplist.lua,158,onAddVip
lua,modules/game_viplist/viplist.lua,165,onClick
lua,modules/game_viplist/viplist.lua,166,onClick
lua,modules/game_viplist/viplist.lua,168,onEscape
lua,modules/game_viplist/viplist.lua,169,onEnter
lua,modules/game_viplist/viplist.lua,246,onAddVip
lua,modules/game_viplist/viplist.lua,260,g_ui.
lua,modules/game_viplist/viplist.lua,261,onMousePress
lua,modules/game_viplist/viplist.lua,297,connect
lua,modules/game_viplist/viplist.lua,337,onVipStateChange
lua,modules/game_viplist/viplist.lua,349,onAddVip
lua,modules/game_viplist/viplist.lua,356,onVipListMousePress
lua,modules/game_viplist/viplist.lua,361,g_ui.
lua,modules/game_viplist/viplist.lua,389,onVipListLabelMousePress
lua,modules/game_viplist/viplist.lua,394,g_ui.
lua,modules/corelib/keyboard.lua,75,onWidgetKeyDown
lua,modules/corelib/keyboard.lua,78,signal
lua,modules/corelib/keyboard.lua,80,signal
lua,modules/corelib/keyboard.lua,83,onWidgetKeyUp
lua,modules/corelib/keyboard.lua,86,signal
lua,modules/corelib/keyboard.lua,88,signal
lua,modules/corelib/keyboard.lua,91,onWidgetKeyPress
lua,modules/corelib/keyboard.lua,94,signal
lua,modules/corelib/keyboard.lua,97,connect
lua,modules/corelib/keyboard.lua,99,connect
lua,modules/corelib/keyboard.lua,104,connect
lua,modules/corelib/keyboard.lua,106,connect
lua,modules/corelib/keyboard.lua,111,connect
lua,modules/corelib/keyboard.lua,113,connect
lua,modules/corelib/keyboard.lua,120,connect
lua,modules/corelib/keyboard.lua,123,connect
lua,modules/corelib/keyboard.lua,125,connect
lua,modules/corelib/keyboard.lua,131,connect
lua,modules/corelib/keyboard.lua,134,connect
lua,modules/corelib/keyboard.lua,136,connect
lua,modules/corelib/keyboard.lua,142,connect
lua,modules/corelib/keyboard.lua,144,connect
lua,modules/corelib/mouse.lua,4,connect
lua,modules/corelib/mouse.lua,20,connect
lua,modules/corelib/mouse.lua,29,connect
lua,modules/corelib/globals.lua,4,g_ui.
lua,modules/corelib/globals.lua,14,schedule
lua,modules/corelib/globals.lua,20,schedule
lua,modules/corelib/globals.lua,26,addEvent
lua,modules/corelib/globals.lua,32,addEvent
lua,modules/corelib/globals.lua,61,schedule
lua,modules/corelib/globals.lua,64,schedule
lua,modules/corelib/net.lua,1,connect
lua,modules/corelib/net.lua,9,connect
lua,modules/corelib/net.lua,12,connect
lua,modules/corelib/test.lua,44,schedule
lua,modules/corelib/test.lua,61,schedule
lua,modules/corelib/util.lua,44,connect
lua,modules/corelib/util.lua,45,signal
lua,modules/corelib/util.lua,48,signal
lua,modules/corelib/util.lua,51,signal
lua,modules/corelib/util.lua,55,signal
lua,modules/corelib/util.lua,56,signal
lua,modules/corelib/util.lua,59,signal
lua,modules/corelib/util.lua,60,signal
lua,modules/corelib/util.lua,65,signal
lua,modules/corelib/util.lua,66,signal
lua,modules/corelib/util.lua,67,signal
lua,modules/corelib/util.lua,68,signal
lua,modules/corelib/util.lua,72,connect
lua,modules/corelib/util.lua,75,signal
lua,modules/corelib/util.lua,77,signal
lua,modules/corelib/util.lua,79,signal
lua,modules/corelib/util.lua,86,signal
lua,modules/corelib/util.lua,92,signal
lua,modules/corelib/util.lua,94,signal
lua,modules/corelib/util.lua,99,signal
lua,modules/corelib/util.lua,100,signal
lua,modules/corelib/util.lua,101,signal
lua,modules/corelib/util.lua,102,signal
lua,modules/corelib/util.lua,103,signal
lua,modules/corelib/util.lua,105,signal
lua,modules/corelib/util.lua,106,signal
lua,modules/corelib/util.lua,108,signal
lua,modules/corelib/util.lua,110,signal
lua,modules/corelib/util.lua,111,signal
lua,modules/corelib/util.lua,309,signal
lua,modules/corelib/http.lua,116,onGet
lua,modules/corelib/http.lua,142,onGetProgress
lua,modules/corelib/http.lua,150,onPost
lua,modules/corelib/http.lua,176,onPostProgress
lua,modules/corelib/http.lua,183,onDownload
lua,modules/corelib/http.lua,203,onDownloadProgress
lua,modules/corelib/http.lua,213,onWsOpen
lua,modules/corelib/http.lua,218,onOpen
lua,modules/corelib/http.lua,219,onOpen
lua,modules/corelib/http.lua,223,onWsMessage
lua,modules/corelib/http.lua,228,onMessage
lua,modules/corelib/http.lua,242,onError
lua,modules/corelib/http.lua,243,onError
lua,modules/corelib/http.lua,246,onMessage
lua,modules/corelib/http.lua,249,onMessage
lua,modules/corelib/http.lua,254,onWsClose
lua,modules/corelib/http.lua,259,onClose
lua,modules/corelib/http.lua,260,onClose
lua,modules/corelib/http.lua,264,onWsError
lua,modules/corelib/http.lua,269,onError
lua,modules/corelib/http.lua,270,onError
lua,modules/corelib/http.lua,274,connect
lua,modules/corelib/http.lua,276,onGet
lua,modules/corelib/http.lua,277,onGetProgress
lua,modules/corelib/http.lua,278,onPost
lua,modules/corelib/http.lua,279,onPostProgress
lua,modules/corelib/http.lua,280,onDownload
lua,modules/corelib/http.lua,281,onDownloadProgress
lua,modules/corelib/http.lua,282,onWsOpen
lua,modules/corelib/http.lua,283,onWsMessage
lua,modules/corelib/http.lua,284,onWsClose
lua,modules/corelib/http.lua,285,onWsError
lua,modules/client_profiles/profiles.lua,5,connect
lua,modules/client_profiles/profiles.lua,6,onGameStart
lua,modules/client_profiles/profiles.lua,7,onGameEnd
lua,modules/client_profiles/profiles.lua,14,onGameStart
lua,modules/client_profiles/profiles.lua,15,onGameEnd
lua,modules/client_profiles/profiles.lua,104,onProfileChange
lua,modules/client_profiles/profiles.lua,108,onProfileChange
lua,modules/client_profiles/profiles.lua,112,schedule
lua,modules/client_profiles/profiles.lua,139,onError
lua,modules/client_profiles/profiles.lua,151,onError
lua,modules/client_profiles/profiles.lua,156,onError
lua,modules/game_inventory/inventory.lua,53,connect
lua,modules/game_inventory/inventory.lua,54,onInventoryChange
lua,modules/game_inventory/inventory.lua,55,onBlessingsChange
lua,modules/game_inventory/inventory.lua,57,connect
lua,modules/game_inventory/inventory.lua,62,g_ui.
lua,modules/game_inventory/inventory.lua,71,onClick
lua,modules/game_inventory/inventory.lua,88,onClick
lua,modules/game_inventory/inventory.lua,100,connect
lua,modules/game_inventory/inventory.lua,101,connect
lua,modules/game_inventory/inventory.lua,102,connect
lua,modules/game_inventory/inventory.lua,104,connect
lua,modules/game_inventory/inventory.lua,106,connect
lua,modules/game_inventory/inventory.lua,107,onGameStart
lua,modules/game_inventory/inventory.lua,108,onGameEnd
lua,modules/game_inventory/inventory.lua,109,onFightModeChange
lua,modules/game_inventory/inventory.lua,110,onChaseModeChange
lua,modules/game_inventory/inventory.lua,111,onSafeFightChange
lua,modules/game_inventory/inventory.lua,112,onPVPModeChange
lua,modules/game_inventory/inventory.lua,113,onWalk
lua,modules/game_inventory/inventory.lua,114,onAutoWalk
lua,modules/game_inventory/inventory.lua,117,connect
lua,modules/game_inventory/inventory.lua,130,connect
lua,modules/game_inventory/inventory.lua,131,onSoulChange
lua,modules/game_inventory/inventory.lua,132,onFreeCapacityChange
lua,modules/game_inventory/inventory.lua,141,onInventoryChange
lua,modules/game_inventory/inventory.lua,142,onBlessingsChange
lua,modules/game_inventory/inventory.lua,144,onGameStart
lua,modules/game_inventory/inventory.lua,156,onGameStart
lua,modules/game_inventory/inventory.lua,157,onGameEnd
lua,modules/game_inventory/inventory.lua,158,onFightModeChange
lua,modules/game_inventory/inventory.lua,159,onChaseModeChange
lua,modules/game_inventory/inventory.lua,160,onSafeFightChange
lua,modules/game_inventory/inventory.lua,161,onPVPModeChange
lua,modules/game_inventory/inventory.lua,162,onWalk
lua,modules/game_inventory/inventory.lua,163,onAutoWalk
lua,modules/game_inventory/inventory.lua,166,onOutfitChange
lua,modules/game_inventory/inventory.lua,169,onStatesChange
lua,modules/game_inventory/inventory.lua,170,onSoulChange
lua,modules/game_inventory/inventory.lua,171,onFreeCapacityChange
lua,modules/game_inventory/inventory.lua,193,onInventoryChange
lua,modules/game_inventory/inventory.lua,195,onInventoryChange
lua,modules/game_inventory/inventory.lua,200,onSoulChange
lua,modules/game_inventory/inventory.lua,201,onFreeCapacityChange
lua,modules/game_inventory/inventory.lua,202,onStatesChange
lua,modules/game_inventory/inventory.lua,221,onMiniWindowClose
lua,modules/game_inventory/inventory.lua,229,onInventoryChange
lua,modules/game_inventory/inventory.lua,249,onBlessingsChange
lua,modules/game_inventory/inventory.lua,350,onSetFightMode
lua,modules/game_inventory/inventory.lua,364,onSetChaseMode
lua,modules/game_inventory/inventory.lua,374,onSetSafeFight
lua,modules/game_inventory/inventory.lua,385,onSetSafeFight
lua,modules/game_inventory/inventory.lua,386,onSetSafeFight
lua,modules/game_inventory/inventory.lua,389,onSetPVPMode
lua,modules/game_inventory/inventory.lua,409,onMountButtonClick
lua,modules/game_inventory/inventory.lua,416,onOutfitChange
lua,modules/game_inventory/inventory.lua,450,g_ui.
lua,modules/game_inventory/inventory.lua,457,onSoulChange
lua,modules/game_inventory/inventory.lua,462,onFreeCapacityChange
lua,modules/game_inventory/inventory.lua,476,onStatesChange
lua,modules/game_unjustifiedpoints/unjustifiedpoints.lua,18,connect
lua,modules/game_unjustifiedpoints/unjustifiedpoints.lua,19,onUnjustifiedPointsChange
lua,modules/game_unjustifiedpoints/unjustifiedpoints.lua,20,onOpenPvpSituationsChange
lua,modules/game_unjustifiedpoints/unjustifiedpoints.lua,21,connect
lua,modules/game_unjustifiedpoints/unjustifiedpoints.lua,28,g_ui.
lua,modules/game_unjustifiedpoints/unjustifiedpoints.lua,51,onGameStart
lua,modules/game_unjustifiedpoints/unjustifiedpoints.lua,52,onUnjustifiedPointsChange
lua,modules/game_unjustifiedpoints/unjustifiedpoints.lua,53,onOpenPvpSituationsChange
lua,modules/game_unjustifiedpoints/unjustifiedpoints.lua,54,onSkullChange
lua,modules/game_unjustifiedpoints/unjustifiedpoints.lua,60,onMiniWindowClose
lua,modules/game_unjustifiedpoints/unjustifiedpoints.lua,89,onUnjustifiedPointsChange
lua,modules/game_unjustifiedpoints/unjustifiedpoints.lua,91,onSkullChange
lua,modules/game_unjustifiedpoints/unjustifiedpoints.lua,92,onOpenPvpSituationsChange
lua,modules/game_unjustifiedpoints/unjustifiedpoints.lua,95,onSkullChange
lua,modules/game_unjustifiedpoints/unjustifiedpoints.lua,111,onOpenPvpSituationsChange
lua,modules/game_unjustifiedpoints/unjustifiedpoints.lua,125,onUnjustifiedPointsChange
lua,modules/game_console/console.lua,99,connect
lua,modules/game_console/console.lua,100,onTalk
lua,modules/game_console/console.lua,101,onChannelList
lua,modules/game_console/console.lua,102,onOpenChannel
lua,modules/game_console/console.lua,103,onCloseChannel
lua,modules/game_console/console.lua,104,onChannelEvent
lua,modules/game_console/console.lua,105,onOpenPrivateChannel
lua,modules/game_console/console.lua,106,onOpenOwnPrivateChannel
lua,modules/game_console/console.lua,107,onRuleViolationChannel
lua,modules/game_console/console.lua,108,onRuleViolationRemove
lua,modules/game_console/console.lua,109,onRuleViolationCancel
lua,modules/game_console/console.lua,110,onRuleViolationLock
lua,modules/game_console/console.lua,111,onGameStart
lua,modules/game_console/console.lua,112,onGameEnd
lua,modules/game_console/console.lua,115,g_ui.
lua,modules/game_console/console.lua,122,onDragEnter
lua,modules/game_console/console.lua,123,onDragLeave
lua,modules/game_console/console.lua,124,onDragMove
lua,modules/game_console/console.lua,125,onDragEnter
lua,modules/game_console/console.lua,126,onDragLeave
lua,modules/game_console/console.lua,127,onDragMove
lua,modules/game_console/console.lua,129,onKeyPress
lua,modules/game_console/console.lua,151,onTabChange
lua,modules/game_console/console.lua,263,onTalk
lua,modules/game_console/console.lua,264,onChannelList
lua,modules/game_console/console.lua,265,onOpenChannel
lua,modules/game_console/console.lua,266,onOpenPrivateChannel
lua,modules/game_console/console.lua,267,onOpenOwnPrivateChannel
lua,modules/game_console/console.lua,268,onCloseChannel
lua,modules/game_console/console.lua,269,onRuleViolationChannel
lua,modules/game_console/console.lua,270,onRuleViolationRemove
lua,modules/game_console/console.lua,271,onRuleViolationCancel
lua,modules/game_console/console.lua,272,onRuleViolationLock
lua,modules/game_console/console.lua,273,onGameStart
lua,modules/game_console/console.lua,274,onGameEnd
lua,modules/game_console/console.lua,275,onChannelEvent
lua,modules/game_console/console.lua,325,onTabChange
lua,modules/game_console/console.lua,399,onDragEnter
lua,modules/game_console/console.lua,403,onDragMove
lua,modules/game_console/console.lua,411,onDragLeave
lua,modules/game_console/console.lua,434,g_ui.
lua,modules/game_console/console.lua,435,onEscape
lua,modules/game_console/console.lua,439,onEnter
lua,modules/game_console/console.lua,636,g_ui.
lua,modules/game_console/console.lua,651,onMouseRelease
lua,modules/game_console/console.lua,654,onMouseRelease
lua,modules/game_console/console.lua,657,onMousePress
lua,modules/game_console/console.lua,660,onDragEnter
lua,modules/game_console/console.lua,664,onDragLeave
lua,modules/game_console/console.lua,673,onDragMove
lua,modules/game_console/console.lua,755,g_ui.
lua,modules/game_console/console.lua,797,g_ui.
lua,modules/game_console/console.lua,1049,onTalk
lua,modules/game_console/console.lua,1062,onTalk
lua,modules/game_console/console.lua,1138,onOpenChannel
lua,modules/game_console/console.lua,1142,onOpenPrivateChannel
lua,modules/game_console/console.lua,1146,onOpenOwnPrivateChannel
lua,modules/game_console/console.lua,1154,onCloseChannel
lua,modules/game_console/console.lua,1176,onRuleViolationChannel
lua,modules/game_console/console.lua,1182,onRuleViolationRemove
lua,modules/game_console/console.lua,1188,onRuleViolationCancel
lua,modules/game_console/console.lua,1195,onRuleViolationLock
lua,modules/game_console/console.lua,1225,onChannelList
lua,modules/game_console/console.lua,1227,g_ui.
lua,modules/game_console/console.lua,1229,onEnter
lua,modules/game_console/console.lua,1230,onDestroy
lua,modules/game_console/console.lua,1239,g_ui.
lua,modules/game_console/console.lua,1244,onDoubleClick
lua,modules/game_console/console.lua,1349,onClickIgnoreButton
lua,modules/game_console/console.lua,1351,g_ui.
lua,modules/game_console/console.lua,1354,onDestroy
lua,modules/game_console/console.lua,1363,onChildFocusChange
lua,modules/game_console/console.lua,1364,onClick
lua,modules/game_console/console.lua,1375,onChildFocusChange
lua,modules/game_console/console.lua,1376,onClick
lua,modules/game_console/console.lua,1393,g_ui.
lua,modules/game_console/console.lua,1398,onClick
lua,modules/game_console/console.lua,1408,g_ui.
lua,modules/game_console/console.lua,1413,onClick
lua,modules/game_console/console.lua,1415,onEnter
lua,modules/game_console/console.lua,1431,onClick
lua,modules/game_console/console.lua,1451,onClick
lua,modules/game_console/console.lua,1457,g_ui.
lua,modules/game_console/console.lua,1463,g_ui.
lua,modules/game_console/console.lua,1498,schedule
lua,modules/game_console/console.lua,1499,schedule
lua,modules/game_console/console.lua,1510,onChannelEvent
lua,modules/game_bugreport/bugreport.lua,8,g_ui.
lua,modules/game_bugreport/bugreport.lua,10,g_ui.
lua,modules/gamelib/textmessages.lua,3,onTextMessage
lua,modules/gamelib/textmessages.lua,6,onTextMessage
lua,modules/gamelib/protocollogin.lua,21,signal
lua,modules/gamelib/protocollogin.lua,29,connect
lua,modules/gamelib/protocollogin.lua,31,connect
lua,modules/gamelib/protocollogin.lua,157,onConnect
lua,modules/gamelib/protocollogin.lua,159,connect
lua,modules/gamelib/protocollogin.lua,160,connect
lua,modules/gamelib/protocollogin.lua,163,onRecv
lua,modules/gamelib/protocollogin.lua,173,signal
lua,modules/gamelib/protocollogin.lua,179,signal
lua,modules/gamelib/protocollogin.lua,186,signal
lua,modules/gamelib/protocollogin.lua,198,signal
lua,modules/gamelib/protocollogin.lua,208,signal
lua,modules/gamelib/protocollogin.lua,213,signal
lua,modules/gamelib/protocollogin.lua,218,signal
lua,modules/gamelib/protocollogin.lua,282,signal
lua,modules/gamelib/protocollogin.lua,289,signal
lua,modules/gamelib/protocollogin.lua,293,signal
lua,modules/gamelib/protocollogin.lua,296,onError
lua,modules/gamelib/protocollogin.lua,298,signal
lua,modules/gamelib/creature.lua,137,onSkullChange
lua,modules/gamelib/creature.lua,144,onShieldChange
lua,modules/gamelib/creature.lua,151,onEmblemChange
lua,modules/gamelib/creature.lua,158,onTypeChange
lua,modules/gamelib/creature.lua,165,onIconChange
lua,modules/gamelib/protocolgame.lua,7,onOpcode
lua,modules/gamelib/protocolgame.lua,17,onExtendedOpcode
lua,modules/game_prey/prey.lua,57,connect
lua,modules/game_prey/prey.lua,58,onGameStart
lua,modules/game_prey/prey.lua,59,onGameEnd
lua,modules/game_prey/prey.lua,60,onResourceBalance
lua,modules/game_prey/prey.lua,61,onPreyFreeRolls
lua,modules/game_prey/prey.lua,62,onPreyTimeLeft
lua,modules/game_prey/prey.lua,63,onPreyPrice
lua,modules/game_prey/prey.lua,64,onPreyLocked
lua,modules/game_prey/prey.lua,65,onPreyInactive
lua,modules/game_prey/prey.lua,66,onPreyActive
lua,modules/game_prey/prey.lua,67,onPreySelection
lua,modules/game_prey/prey.lua,70,g_ui.
lua,modules/game_prey/prey.lua,72,g_ui.
lua,modules/game_prey/prey.lua,95,onHover
lua,modules/game_prey/prey.lua,116,onGameStart
lua,modules/game_prey/prey.lua,117,onGameEnd
lua,modules/game_prey/prey.lua,118,onResourceBalance
lua,modules/game_prey/prey.lua,119,onPreyFreeRolls
lua,modules/game_prey/prey.lua,120,onPreyTimeLeft
lua,modules/game_prey/prey.lua,121,onPreyPrice
lua,modules/game_prey/prey.lua,122,onPreyLocked
lua,modules/game_prey/prey.lua,123,onPreyInactive
lua,modules/game_prey/prey.lua,124,onPreyActive
lua,modules/game_prey/prey.lua,125,onPreySelection
lua,modules/game_prey/prey.lua,205,onPreyFreeRolls
lua,modules/game_prey/prey.lua,221,onPreyTimeLeft
lua,modules/game_prey/prey.lua,233,onClick
lua,modules/game_prey/prey.lua,246,onPreyPrice
lua,modules/game_prey/prey.lua,282,onPreyLocked
lua,modules/game_prey/prey.lua,299,onPreyInactive
lua,modules/game_prey/prey.lua,310,onClick
lua,modules/game_prey/prey.lua,325,onClick
lua,modules/game_prey/prey.lua,337,g_ui.
lua,modules/game_prey/prey.lua,338,onHoverChange
lua,modules/game_prey/prey.lua,339,onHover
lua,modules/game_prey/prey.lua,342,g_ui.
lua,modules/game_prey/prey.lua,343,onHoverChange
lua,modules/game_prey/prey.lua,344,onHover
lua,modules/game_prey/prey.lua,409,onItemBoxChecked
lua,modules/game_prey/prey.lua,424,onPreyActive
lua,modules/game_prey/prey.lua,440,onClick
lua,modules/game_prey/prey.lua,455,onHoverChange
lua,modules/game_prey/prey.lua,456,onHover
lua,modules/game_prey/prey.lua,462,onClick
lua,modules/game_prey/prey.lua,466,onClick
lua,modules/game_prey/prey.lua,471,onPreySelection
lua,modules/game_prey/prey.lua,482,onClick
lua,modules/game_prey/prey.lua,496,onClick
lua,modules/game_prey/prey.lua,502,g_ui.
lua,modules/game_prey/prey.lua,507,onClick
lua,modules/game_prey/prey.lua,517,onResourceBalance
lua,modules/game_playermount/playermount.lua,2,connect
lua,modules/game_playermount/playermount.lua,3,onGameStart
lua,modules/game_playermount/playermount.lua,4,onGameEnd
lua,modules/game_playermount/playermount.lua,11,onGameStart
lua,modules/game_playermount/playermount.lua,12,onGameEnd
lua,modules/client_entergame/characterlist.lua,28,schedule
lua,modules/client_entergame/characterlist.lua,36,connect
lua,modules/client_entergame/characterlist.lua,60,schedule
lua,modules/client_entergame/characterlist.lua,94,onLoginWait
lua,modules/client_entergame/characterlist.lua,97,g_ui.
lua,modules/client_entergame/characterlist.lua,102,schedule
lua,modules/client_entergame/characterlist.lua,103,schedule
lua,modules/client_entergame/characterlist.lua,106,onGameLoginError
lua,modules/client_entergame/characterlist.lua,109,onOk
lua,modules/client_entergame/characterlist.lua,113,schedule
lua,modules/client_entergame/characterlist.lua,116,onGameLoginToken
lua,modules/client_entergame/characterlist.lua,120,onOk
lua,modules/client_entergame/characterlist.lua,126,onGameConnectionError
lua,modules/client_entergame/characterlist.lua,131,onOk
lua,modules/client_entergame/characterlist.lua,136,schedule
lua,modules/client_entergame/characterlist.lua,139,onGameUpdateNeeded
lua,modules/client_entergame/characterlist.lua,142,onOk
lua,modules/client_entergame/characterlist.lua,148,onGameEnd
lua,modules/client_entergame/characterlist.lua,149,schedule
lua,modules/client_entergame/characterlist.lua,153,onLogout
lua,modules/client_entergame/characterlist.lua,157,schedule
lua,modules/client_entergame/characterlist.lua,164,schedule
lua,modules/client_entergame/characterlist.lua,181,connect
lua,modules/client_entergame/characterlist.lua,182,connect
lua,modules/client_entergame/characterlist.lua,183,connect
lua,modules/client_entergame/characterlist.lua,184,connect
lua,modules/client_entergame/characterlist.lua,185,connect
lua,modules/client_entergame/characterlist.lua,186,connect
lua,modules/client_entergame/characterlist.lua,187,connect
lua,modules/client_entergame/characterlist.lua,188,connect
lua,modules/client_entergame/characterlist.lua,197,onLoginError
lua,modules/client_entergame/characterlist.lua,198,onLoginToken
lua,modules/client_entergame/characterlist.lua,199,onUpdateNeeded
lua,modules/client_entergame/characterlist.lua,200,onConnectionError
lua,modules/client_entergame/characterlist.lua,201,onGameStart
lua,modules/client_entergame/characterlist.lua,202,onLoginWait
lua,modules/client_entergame/characterlist.lua,203,onGameEnd
lua,modules/client_entergame/characterlist.lua,204,onLogout
lua,modules/client_entergame/characterlist.lua,247,g_ui.
lua,modules/client_entergame/characterlist.lua,259,g_ui.
lua,modules/client_entergame/characterlist.lua,283,connect
lua,modules/client_entergame/characterlist.lua,292,addEvent
lua,modules/client_entergame/characterlist.lua,295,onChildFocusChange
lua,modules/client_entergame/characterlist.lua,324,onClick
lua,modules/client_entergame/entergame.lua,24,onProtocolError
lua,modules/client_entergame/entergame.lua,26,onError
lua,modules/client_entergame/entergame.lua,28,onLoginError
lua,modules/client_entergame/entergame.lua,31,onSessionKey
lua,modules/client_entergame/entergame.lua,35,onCharacterList
lua,modules/client_entergame/entergame.lua,63,onUpdateNeeded
lua,modules/client_entergame/entergame.lua,64,onError
lua,modules/client_entergame/entergame.lua,67,onProxyList
lua,modules/client_entergame/entergame.lua,116,onTibia
lua,modules/client_entergame/entergame.lua,157,onError
lua,modules/client_entergame/entergame.lua,161,onSessionKey
lua,modules/client_entergame/entergame.lua,202,onCharacterList
lua,modules/client_entergame/entergame.lua,205,onHTTPResult
lua,modules/client_entergame/entergame.lua,216,onError
lua,modules/client_entergame/entergame.lua,220,onLoginError
lua,modules/client_entergame/entergame.lua,222,onLoginError
lua,modules/client_entergame/entergame.lua,226,onTibia
lua,modules/client_entergame/entergame.lua,245,onError
lua,modules/client_entergame/entergame.lua,279,onSessionKey
lua,modules/client_entergame/entergame.lua,292,onCharacterList
lua,modules/client_entergame/entergame.lua,299,g_ui.
lua,modules/client_entergame/entergame.lua,353,schedule
lua,modules/client_entergame/entergame.lua,404,onServerChange
lua,modules/client_entergame/entergame.lua,428,connect
lua,modules/client_entergame/entergame.lua,472,onError
lua,modules/client_entergame/entergame.lua,497,onError
lua,modules/client_entergame/entergame.lua,502,onLoginError
lua,modules/client_entergame/entergame.lua,503,onSessionKey
lua,modules/client_entergame/entergame.lua,504,onCharacterList
lua,modules/client_entergame/entergame.lua,505,onUpdateNeeded
lua,modules/client_entergame/entergame.lua,506,onProxyList
lua,modules/client_entergame/entergame.lua,510,connect
lua,modules/client_entergame/entergame.lua,551,onError
lua,modules/client_entergame/entergame.lua,555,connect
lua,modules/client_entergame/entergame.lua,579,onHTTPResult
lua,modules/client_entergame/entergame.lua,583,onHTTPResult
lua,modules/client_entergame/entergame.lua,589,onError
lua,modules/client_entergame/entergame.lua,595,onOk
lua,modules/client_entergame/entergame.lua,598,onLoginError
lua,modules/client_entergame/entergame.lua,604,onOk
lua,modules/game_market/marketprotocol.lua,82,signal
lua,modules/game_market/marketprotocol.lua,87,onMarketLeave
lua,modules/game_market/marketprotocol.lua,137,signal
lua,modules/game_market/marketprotocol.lua,155,signal
lua,modules/game_market/marketprotocol.lua,161,connect
lua,modules/game_market/marketprotocol.lua,162,onGameEnd
lua,modules/game_market/marketprotocol.lua,173,onGameStart
lua,modules/game_market/marketprotocol.lua,174,onGameEnd
lua,modules/game_market/market.lua,541,g_ui.
lua,modules/game_market/market.lua,569,onValueChange
lua,modules/game_market/market.lua,593,onEnter
lua,modules/game_market/market.lua,594,onEscape
lua,modules/game_market/market.lua,596,onClick
lua,modules/game_market/market.lua,597,onClick
lua,modules/game_market/market.lua,600,onSelectSellOffer
lua,modules/game_market/market.lua,629,onSelectBuyOffer
lua,modules/game_market/market.lua,643,onSelectMyBuyOffer
lua,modules/game_market/market.lua,652,onSelectMySellOffer
lua,modules/game_market/market.lua,661,onChangeCategory
lua,modules/game_market/market.lua,676,onChangeSubCategory
lua,modules/game_market/market.lua,690,onChangeSlotFilter
lua,modules/game_market/market.lua,694,onChangeOfferType
lua,modules/game_market/market.lua,706,onTotalPriceChange
lua,modules/game_market/market.lua,717,onPiecePriceChange
lua,modules/game_market/market.lua,728,onAmountChange
lua,modules/game_market/market.lua,739,onMarketMessage
lua,modules/game_market/market.lua,819,g_ui.
lua,modules/game_market/market.lua,825,g_ui.
lua,modules/game_market/market.lua,830,g_ui.
lua,modules/game_market/market.lua,836,g_ui.
lua,modules/game_market/market.lua,839,g_ui.
lua,modules/game_market/market.lua,842,g_ui.
lua,modules/game_market/market.lua,847,g_ui.
lua,modules/game_market/market.lua,853,g_ui.
lua,modules/game_market/market.lua,856,g_ui.
lua,modules/game_market/market.lua,861,onTabChange
lua,modules/game_market/market.lua,874,onTabChange
lua,modules/game_market/market.lua,884,onClick
lua,modules/game_market/market.lua,887,onClick
lua,modules/game_market/market.lua,898,onValueChange
lua,modules/game_market/market.lua,899,onValueChange
lua,modules/game_market/market.lua,900,onValueChange
lua,modules/game_market/market.lua,903,onOptionChange
lua,modules/game_market/market.lua,907,onClick
lua,modules/game_market/market.lua,921,onCheckChange
lua,modules/game_market/market.lua,935,onOptionChange
lua,modules/game_market/market.lua,936,onOptionChange
lua,modules/game_market/market.lua,937,onOptionChange
lua,modules/game_market/market.lua,945,onSelectionChange
lua,modules/game_market/market.lua,946,onSelectionChange
lua,modules/game_market/market.lua,953,onSelectionChange
lua,modules/game_market/market.lua,954,onSelectionChange
lua,modules/game_market/market.lua,957,onClick
lua,modules/game_market/market.lua,960,onClick
lua,modules/game_market/market.lua,976,g_ui.
lua,modules/game_market/market.lua,977,g_ui.
lua,modules/game_market/market.lua,978,g_ui.
lua,modules/game_market/market.lua,979,g_ui.
lua,modules/game_market/market.lua,980,g_ui.
lua,modules/game_market/market.lua,985,onMarketMessage
lua,modules/game_market/market.lua,988,connect
lua,modules/game_market/market.lua,989,connect
lua,modules/game_market/market.lua,990,connect
lua,modules/game_market/market.lua,991,connect
lua,modules/game_market/market.lua,993,g_ui.
lua,modules/game_market/market.lua,1002,onMarketMessage
lua,modules/game_market/market.lua,1005,onGameEnd
lua,modules/game_market/market.lua,1006,onGameEnd
lua,modules/game_market/market.lua,1007,onGameStart
lua,modules/game_market/market.lua,1008,onCoinBalance
lua,modules/game_market/market.lua,1182,g_ui.
lua,modules/game_market/market.lua,1183,onCheckChange
lua,modules/game_market/market.lua,1213,onItemBoxChecked
lua,modules/game_market/market.lua,1351,onItemBoxChecked
lua,modules/game_market/market.lua,1359,onMarketEnter
lua,modules/game_market/market.lua,1410,onMarketLeave
lua,modules/game_market/market.lua,1414,onMarketDetail
lua,modules/game_market/market.lua,1418,onMarketBrowse
lua,modules/game_market/market.lua,1426,onCoinBalance
lua,modules/game_npctrade/npctrade.lua,47,g_ui.
lua,modules/game_npctrade/npctrade.lua,78,onSelectionChange
lua,modules/game_npctrade/npctrade.lua,86,connect
lua,modules/game_npctrade/npctrade.lua,87,onOpenNpcTrade
lua,modules/game_npctrade/npctrade.lua,88,onCloseNpcTrade
lua,modules/game_npctrade/npctrade.lua,89,onPlayerGoods
lua,modules/game_npctrade/npctrade.lua,91,connect
lua,modules/game_npctrade/npctrade.lua,92,onInventoryChange
lua,modules/game_npctrade/npctrade.lua,102,onGameEnd
lua,modules/game_npctrade/npctrade.lua,103,onOpenNpcTrade
lua,modules/game_npctrade/npctrade.lua,104,onCloseNpcTrade
lua,modules/game_npctrade/npctrade.lua,105,onPlayerGoods
lua,modules/game_npctrade/npctrade.lua,107,onFreeCapacityChange
lua,modules/game_npctrade/npctrade.lua,108,onInventoryChange
lua,modules/game_npctrade/npctrade.lua,148,onItemBoxChecked
lua,modules/game_npctrade/npctrade.lua,161,onQuantityValueChange
lua,modules/game_npctrade/npctrade.lua,168,onTradeTypeChange
lua,modules/game_npctrade/npctrade.lua,185,onTradeClick
lua,modules/game_npctrade/npctrade.lua,194,onSearchTextChange
lua,modules/game_npctrade/npctrade.lua,205,g_ui.
lua,modules/game_npctrade/npctrade.lua,219,onBuyWithBackpackChange
lua,modules/game_npctrade/npctrade.lua,225,onIgnoreCapacityChange
lua,modules/game_npctrade/npctrade.lua,229,onIgnoreEquippedChange
lua,modules/game_npctrade/npctrade.lua,233,onShowAllItemsChange
lua,modules/game_npctrade/npctrade.lua,357,g_ui.
lua,modules/game_npctrade/npctrade.lua,373,onMouseRelease
lua,modules/game_npctrade/npctrade.lua,421,onOpenNpcTrade
lua,modules/game_npctrade/npctrade.lua,445,addEvent
lua,modules/game_npctrade/npctrade.lua,450,addEvent
lua,modules/game_npctrade/npctrade.lua,453,onCloseNpcTrade
lua,modules/game_npctrade/npctrade.lua,454,addEvent
lua,modules/game_npctrade/npctrade.lua,457,onPlayerGoods
lua,modules/game_npctrade/npctrade.lua,473,onFreeCapacityChange
lua,modules/game_npctrade/npctrade.lua,481,onInventoryChange
lua,modules/game_npctrade/npctrade.lua,577,schedule
lua,modules/game_topbar/topbar.lua,109,connect
lua,modules/game_topbar/topbar.lua,110,onHealthChange
lua,modules/game_topbar/topbar.lua,111,onManaChange
lua,modules/game_topbar/topbar.lua,112,onLevelChange
lua,modules/game_topbar/topbar.lua,113,onStatesChange
lua,modules/game_topbar/topbar.lua,114,onMagicLevelChange
lua,modules/game_topbar/topbar.lua,115,onBaseMagicLevelChange
lua,modules/game_topbar/topbar.lua,116,onSkillChange
lua,modules/game_topbar/topbar.lua,117,onBaseSkillChange
lua,modules/game_topbar/topbar.lua,119,connect
lua,modules/game_topbar/topbar.lua,130,onHealthChange
lua,modules/game_topbar/topbar.lua,131,onManaChange
lua,modules/game_topbar/topbar.lua,132,onLevelChange
lua,modules/game_topbar/topbar.lua,133,onStatesChange
lua,modules/game_topbar/topbar.lua,134,onMagicLevelChange
lua,modules/game_topbar/topbar.lua,135,onBaseMagicLevelChange
lua,modules/game_topbar/topbar.lua,136,onSkillChange
lua,modules/game_topbar/topbar.lua,137,onBaseSkillChange
lua,modules/game_topbar/topbar.lua,139,onGameStart
lua,modules/game_topbar/topbar.lua,144,g_ui.
lua,modules/game_topbar/topbar.lua,150,onMouseRelease
lua,modules/game_topbar/topbar.lua,165,onLevelChange
lua,modules/game_topbar/topbar.lua,166,onHealthChange
lua,modules/game_topbar/topbar.lua,167,onManaChange
lua,modules/game_topbar/topbar.lua,168,onMagicLevelChange
lua,modules/game_topbar/topbar.lua,170,onStatesChange
lua,modules/game_topbar/topbar.lua,172,onHealthChange
lua,modules/game_topbar/topbar.lua,173,onManaChange
lua,modules/game_topbar/topbar.lua,174,onLevelChange
lua,modules/game_topbar/topbar.lua,177,onSkillChange
lua,modules/game_topbar/topbar.lua,178,onBaseSkillChange
lua,modules/game_topbar/topbar.lua,181,onGeometryChange
lua,modules/game_topbar/topbar.lua,222,onStatesChange
lua,modules/game_topbar/topbar.lua,240,g_ui.
lua,modules/game_topbar/topbar.lua,247,onHealthChange
lua,modules/game_topbar/topbar.lua,271,onManaChange
lua,modules/game_topbar/topbar.lua,282,onLevelChange
lua,modules/game_topbar/topbar.lua,292,onStatesChange
lua,modules/game_topbar/topbar.lua,310,g_ui.
lua,modules/game_topbar/topbar.lua,328,onGeometryChange
lua,modules/game_topbar/topbar.lua,342,g_ui.
lua,modules/game_topbar/topbar.lua,433,onMagicLevelChange
lua,modules/game_topbar/topbar.lua,437,onBaseMagicLevelChange
lua,modules/game_topbar/topbar.lua,440,onBaseMagicLevelChange
lua,modules/game_topbar/topbar.lua,444,onSkillChange
lua,modules/game_topbar/topbar.lua,459,onBaseSkillChange
lua,modules/game_topbar/topbar.lua,476,onError
lua,modules/game_topbar/topbar.lua,482,onError
lua,modules/game_topbar/topbar.lua,497,onError
lua,modules/client_terminal/terminal.lua,117,onCommandChange
lua,modules/client_terminal/terminal.lua,126,onLog
lua,modules/client_terminal/terminal.lua,138,g_ui.
lua,modules/client_terminal/terminal.lua,141,onDoubleClick
lua,modules/client_terminal/terminal.lua,151,connect
lua,modules/client_terminal/terminal.lua,167,onDoubleClick
lua,modules/client_terminal/terminal.lua,168,onMouseWheel
lua,modules/client_terminal/terminal.lua,169,onScrollChange
lua,modules/client_terminal/terminal.lua,171,onLog
lua,modules/client_terminal/terminal.lua,290,g_ui.
lua,modules/client_terminal/terminal.lua,309,schedule
lua,modules/client_terminal/commands.lua,7,g_ui.
lua,modules/client_terminal/commands.lua,29,onPingBack
lua,modules/client_terminal/commands.lua,41,connect
lua,modules/game_walking/walking.lua,20,connect
lua,modules/game_walking/walking.lua,22,connect
lua,modules/game_walking/walking.lua,23,onPositionChange
lua,modules/game_walking/walking.lua,24,onWalk
lua,modules/game_walking/walking.lua,25,onWalkFinish
lua,modules/game_walking/walking.lua,26,onCancelWalk
lua,modules/game_walking/walking.lua,29,onFocusChange
lua,modules/game_walking/walking.lua,34,onTeleport
lua,modules/game_walking/walking.lua,37,onPositionChange
lua,modules/game_walking/walking.lua,38,onWalk
lua,modules/game_walking/walking.lua,39,onWalkFinish
lua,modules/game_walking/walking.lua,210,schedule
lua,modules/game_walking/walking.lua,232,onPositionChange
lua,modules/game_walking/walking.lua,235,onWalk
lua,modules/game_walking/walking.lua,241,onTeleport
lua,modules/game_walking/walking.lua,255,onWalkFinish
lua,modules/game_walking/walking.lua,259,addEvent
lua,modules/game_walking/walking.lua,263,onCancelWalk
lua,modules/client_stats/stats.lua,30,g_ui.
lua,modules/client_stats/stats.lua,52,schedule
lua,modules/client_stats/stats.lua,53,schedule
lua,modules/client_stats/stats.lua,66,onClose
lua,modules/client_stats/stats.lua,91,schedule
lua,modules/client_stats/stats.lua,175,schedule
lua,modules/client_textedit/textedit.lua,4,g_ui.
lua,modules/client_textedit/textedit.lua,6,connect
lua,modules/client_textedit/textedit.lua,10,onGameEnd
lua,modules/client_textedit/textedit.lua,60,g_ui.
lua,modules/client_textedit/textedit.lua,63,g_ui.
lua,modules/client_textedit/textedit.lua,87,onClick
lua,modules/client_textedit/textedit.lua,88,onClick
lua,modules/client_textedit/textedit.lua,90,onEnter
lua,modules/client_textedit/textedit.lua,92,onEscape
lua,modules/client_textedit/textedit.lua,93,onDestroy
lua,modules/client_textedit/textedit.lua,111,onOptionChange
lua,modules/client_textedit/textedit.lua,120,onTextChange
lua,modules/game_stats/stats.lua,5,g_ui.
lua,modules/game_stats/stats.lua,14,schedule
lua,modules/game_stats/stats.lua,22,schedule
lua,modules/game_bot/executor.lua,24,g_ui.
lua,modules/game_bot/executor.lua,34,schedule
lua,modules/game_bot/executor.lua,40,onKeyDown
lua,modules/game_bot/executor.lua,41,onKeyUp
lua,modules/game_bot/executor.lua,42,onKeyPress
lua,modules/game_bot/executor.lua,43,onTalk
lua,modules/game_bot/executor.lua,44,onTextMessage
lua,modules/game_bot/executor.lua,45,onLoginAdvice
lua,modules/game_bot/executor.lua,46,onAddThing
lua,modules/game_bot/executor.lua,47,onRemoveThing
lua,modules/game_bot/executor.lua,48,onCreatureAppear
lua,modules/game_bot/executor.lua,49,onCreatureDisappear
lua,modules/game_bot/executor.lua,50,onCreaturePositionChange
lua,modules/game_bot/executor.lua,51,onCreatureHealthPercentChange
lua,modules/game_bot/executor.lua,52,onUse
lua,modules/game_bot/executor.lua,53,onUseWith
lua,modules/game_bot/executor.lua,54,onContainerOpen
lua,modules/game_bot/executor.lua,55,onContainerClose
lua,modules/game_bot/executor.lua,56,onContainerUpdateItem
lua,modules/game_bot/executor.lua,57,onMissle
lua,modules/game_bot/executor.lua,58,onAnimatedText
lua,modules/game_bot/executor.lua,59,onStaticText
lua,modules/game_bot/executor.lua,60,onChannelList
lua,modules/game_bot/executor.lua,61,onOpenChannel
lua,modules/game_bot/executor.lua,62,onCloseChannel
lua,modules/game_bot/executor.lua,63,onChannelEvent
lua,modules/game_bot/executor.lua,64,onTurn
lua,modules/game_bot/executor.lua,65,onWalk
lua,modules/game_bot/executor.lua,66,onImbuementWindow
lua,modules/game_bot/executor.lua,67,onModalDialog
lua,modules/game_bot/executor.lua,68,onAttackingCreatureChange
lua,modules/game_bot/executor.lua,69,onManaChange
lua,modules/game_bot/executor.lua,70,onStatesChange
lua,modules/game_bot/executor.lua,71,onAddItem
lua,modules/game_bot/executor.lua,72,onGameEditText
lua,modules/game_bot/executor.lua,73,onGroupSpellCooldown
lua,modules/game_bot/executor.lua,74,onSpellCooldown
lua,modules/game_bot/executor.lua,75,onRemoveItem
lua,modules/game_bot/executor.lua,76,onInventoryChange
lua,modules/game_bot/executor.lua,162,g_ui.
lua,modules/game_bot/executor.lua,200,onKeyDown
lua,modules/game_bot/executor.lua,204,onClick
lua,modules/game_bot/executor.lua,218,onKeyDown
lua,modules/game_bot/executor.lua,222,onKeyUp
lua,modules/game_bot/executor.lua,230,onKeyUp
lua,modules/game_bot/executor.lua,234,onKeyPress
lua,modules/game_bot/executor.lua,242,onKeyPress
lua,modules/game_bot/executor.lua,246,onTalk
lua,modules/game_bot/executor.lua,247,onTalk
lua,modules/game_bot/executor.lua,251,onImbuementWindow
lua,modules/game_bot/executor.lua,252,onImbuementWindow
lua,modules/game_bot/executor.lua,256,onTextMessage
lua,modules/game_bot/executor.lua,257,onTextMessage
lua,modules/game_bot/executor.lua,261,onLoginAdvice
lua,modules/game_bot/executor.lua,262,onLoginAdvice
lua,modules/game_bot/executor.lua,266,onAddThing
lua,modules/game_bot/executor.lua,267,onAddThing
lua,modules/game_bot/executor.lua,271,onRemoveThing
lua,modules/game_bot/executor.lua,272,onRemoveThing
lua,modules/game_bot/executor.lua,276,onCreatureAppear
lua,modules/game_bot/executor.lua,277,onCreatureAppear
lua,modules/game_bot/executor.lua,281,onCreatureDisappear
lua,modules/game_bot/executor.lua,282,onCreatureDisappear
lua,modules/game_bot/executor.lua,286,onCreaturePositionChange
lua,modules/game_bot/executor.lua,287,onCreaturePositionChange
lua,modules/game_bot/executor.lua,291,onCreatureHealthPercentChange
lua,modules/game_bot/executor.lua,292,onCreatureHealthPercentChange
lua,modules/game_bot/executor.lua,296,onUse
lua,modules/game_bot/executor.lua,297,onUse
lua,modules/game_bot/executor.lua,301,onUseWith
lua,modules/game_bot/executor.lua,302,onUseWith
lua,modules/game_bot/executor.lua,306,onContainerOpen
lua,modules/game_bot/executor.lua,307,onContainerOpen
lua,modules/game_bot/executor.lua,311,onContainerClose
lua,modules/game_bot/executor.lua,312,onContainerClose
lua,modules/game_bot/executor.lua,316,onContainerUpdateItem
lua,modules/game_bot/executor.lua,317,onContainerUpdateItem
lua,modules/game_bot/executor.lua,321,onMissle
lua,modules/game_bot/executor.lua,322,onMissle
lua,modules/game_bot/executor.lua,326,onAnimatedText
lua,modules/game_bot/executor.lua,327,onAnimatedText
lua,modules/game_bot/executor.lua,331,onStaticText
lua,modules/game_bot/executor.lua,332,onStaticText
lua,modules/game_bot/executor.lua,336,onChannelList
lua,modules/game_bot/executor.lua,337,onChannelList
lua,modules/game_bot/executor.lua,341,onOpenChannel
lua,modules/game_bot/executor.lua,342,onOpenChannel
lua,modules/game_bot/executor.lua,346,onCloseChannel
lua,modules/game_bot/executor.lua,347,onCloseChannel
lua,modules/game_bot/executor.lua,351,onChannelEvent
lua,modules/game_bot/executor.lua,352,onChannelEvent
lua,modules/game_bot/executor.lua,356,onTurn
lua,modules/game_bot/executor.lua,357,onTurn
lua,modules/game_bot/executor.lua,361,onWalk
lua,modules/game_bot/executor.lua,362,onWalk
lua,modules/game_bot/executor.lua,366,onModalDialog
lua,modules/game_bot/executor.lua,367,onModalDialog
lua,modules/game_bot/executor.lua,371,onGameEditText
lua,modules/game_bot/executor.lua,372,onGameEditText
lua,modules/game_bot/executor.lua,376,onAttackingCreatureChange
lua,modules/game_bot/executor.lua,377,onAttackingCreatureChange
lua,modules/game_bot/executor.lua,381,onManaChange
lua,modules/game_bot/executor.lua,382,onManaChange
lua,modules/game_bot/executor.lua,386,onAddItem
lua,modules/game_bot/executor.lua,387,onAddItem
lua,modules/game_bot/executor.lua,391,onRemoveItem
lua,modules/game_bot/executor.lua,392,onRemoveItem
lua,modules/game_bot/executor.lua,396,onStatesChange
lua,modules/game_bot/executor.lua,397,onStatesChange
lua,modules/game_bot/executor.lua,401,onGroupSpellCooldown
lua,modules/game_bot/executor.lua,402,onGroupSpellCooldown
lua,modules/game_bot/executor.lua,406,onSpellCooldown
lua,modules/game_bot/executor.lua,407,onSpellCooldown
lua,modules/game_bot/executor.lua,411,onSpellCooldown
lua,modules/game_bot/executor.lua,412,onSpellCooldown
lua,modules/game_bot/executor.lua,416,onInventoryChange
lua,modules/game_bot/executor.lua,417,onInventoryChange
lua,modules/game_bot/bot.lua,25,g_ui.
lua,modules/game_bot/bot.lua,26,g_ui.
lua,modules/game_bot/bot.lua,27,g_ui.
lua,modules/game_bot/bot.lua,28,g_ui.
lua,modules/game_bot/bot.lua,29,g_ui.
lua,modules/game_bot/bot.lua,31,connect
lua,modules/game_bot/bot.lua,32,onGameStart
lua,modules/game_bot/bot.lua,33,onGameEnd
lua,modules/game_bot/bot.lua,42,g_ui.
lua,modules/game_bot/bot.lua,53,g_ui.
lua,modules/game_bot/bot.lua,67,onGameStart
lua,modules/game_bot/bot.lua,68,onGameEnd
lua,modules/game_bot/bot.lua,96,g_ui.
lua,modules/game_bot/bot.lua,134,onError
lua,modules/game_bot/bot.lua,143,onOptionChange
lua,modules/game_bot/bot.lua,144,onClick
lua,modules/game_bot/bot.lua,169,onOptionChange
lua,modules/game_bot/bot.lua,176,onClick
lua,modules/game_bot/bot.lua,205,onError
lua,modules/game_bot/bot.lua,215,onError
lua,modules/game_bot/bot.lua,238,onError
lua,modules/game_bot/bot.lua,242,onError
lua,modules/game_bot/bot.lua,248,onMiniWindowClose
lua,modules/game_bot/bot.lua,265,schedule
lua,modules/game_bot/bot.lua,276,onError
lua,modules/game_bot/bot.lua,301,onError
lua,modules/game_bot/bot.lua,311,onError
lua,modules/game_bot/bot.lua,383,onError
lua,modules/game_bot/bot.lua,409,onError
lua,modules/game_bot/bot.lua,421,onError
lua,modules/game_bot/bot.lua,431,g_ui.
lua,modules/game_bot/bot.lua,458,schedule
lua,modules/game_bot/bot.lua,465,onError
lua,modules/game_bot/bot.lua,477,connect
lua,modules/game_bot/bot.lua,478,onKeyDown
lua,modules/game_bot/bot.lua,479,onKeyUp
lua,modules/game_bot/bot.lua,480,onKeyPress
lua,modules/game_bot/bot.lua,483,connect
lua,modules/game_bot/bot.lua,484,onTalk
lua,modules/game_bot/bot.lua,485,onTextMessage
lua,modules/game_bot/bot.lua,486,onLoginAdvice
lua,modules/game_bot/bot.lua,487,onUse
lua,modules/game_bot/bot.lua,488,onUseWith
lua,modules/game_bot/bot.lua,489,onChannelList
lua,modules/game_bot/bot.lua,490,onOpenChannel
lua,modules/game_bot/bot.lua,491,onCloseChannel
lua,modules/game_bot/bot.lua,492,onChannelEvent
lua,modules/game_bot/bot.lua,493,onImbuementWindow
lua,modules/game_bot/bot.lua,494,onModalDialog
lua,modules/game_bot/bot.lua,495,onAttackingCreatureChange
lua,modules/game_bot/bot.lua,496,onAddItem
lua,modules/game_bot/bot.lua,497,onRemoveItem
lua,modules/game_bot/bot.lua,498,onGameEditText
lua,modules/game_bot/bot.lua,499,onSpellCooldown
lua,modules/game_bot/bot.lua,500,onSpellGroupCooldown
lua,modules/game_bot/bot.lua,503,connect
lua,modules/game_bot/bot.lua,504,onAddThing
lua,modules/game_bot/bot.lua,505,onRemoveThing
lua,modules/game_bot/bot.lua,508,connect
lua,modules/game_bot/bot.lua,509,onAppear
lua,modules/game_bot/bot.lua,510,onDisappear
lua,modules/game_bot/bot.lua,511,onPositionChange
lua,modules/game_bot/bot.lua,512,onHealthPercentChange
lua,modules/game_bot/bot.lua,513,onTurn
lua,modules/game_bot/bot.lua,514,onWalk
lua,modules/game_bot/bot.lua,517,connect
lua,modules/game_bot/bot.lua,518,onPositionChange
lua,modules/game_bot/bot.lua,519,onHealthPercentChange
lua,modules/game_bot/bot.lua,520,onTurn
lua,modules/game_bot/bot.lua,521,onWalk
lua,modules/game_bot/bot.lua,522,onManaChange
lua,modules/game_bot/bot.lua,523,onStatesChange
lua,modules/game_bot/bot.lua,524,onInventoryChange
lua,modules/game_bot/bot.lua,527,connect
lua,modules/game_bot/bot.lua,528,onOpen
lua,modules/game_bot/bot.lua,529,onClose
lua,modules/game_bot/bot.lua,530,onUpdateItem
lua,modules/game_bot/bot.lua,531,onAddItem
lua,modules/game_bot/bot.lua,532,onRemoveItem
lua,modules/game_bot/bot.lua,535,connect
lua,modules/game_bot/bot.lua,536,onMissle
lua,modules/game_bot/bot.lua,537,onAnimatedText
lua,modules/game_bot/bot.lua,538,onStaticText
lua,modules/game_bot/bot.lua,544,onKeyDown
lua,modules/game_bot/bot.lua,545,onKeyUp
lua,modules/game_bot/bot.lua,546,onKeyPress
lua,modules/game_bot/bot.lua,550,onTalk
lua,modules/game_bot/bot.lua,551,onTextMessage
lua,modules/game_bot/bot.lua,552,onLoginAdvice
lua,modules/game_bot/bot.lua,553,onUse
lua,modules/game_bot/bot.lua,554,onUseWith
lua,modules/game_bot/bot.lua,555,onChannelList
lua,modules/game_bot/bot.lua,556,onOpenChannel
lua,modules/game_bot/bot.lua,557,onCloseChannel
lua,modules/game_bot/bot.lua,558,onChannelEvent
lua,modules/game_bot/bot.lua,559,onImbuementWindow
lua,modules/game_bot/bot.lua,560,onModalDialog
lua,modules/game_bot/bot.lua,561,onAttackingCreatureChange
lua,modules/game_bot/bot.lua,562,onGameEditText
lua,modules/game_bot/bot.lua,563,onSpellCooldown
lua,modules/game_bot/bot.lua,564,onSpellGroupCooldown
lua,modules/game_bot/bot.lua,568,onAddThing
lua,modules/game_bot/bot.lua,569,onRemoveThing
lua,modules/game_bot/bot.lua,573,onAppear
lua,modules/game_bot/bot.lua,574,onDisappear
lua,modules/game_bot/bot.lua,575,onPositionChange
lua,modules/game_bot/bot.lua,576,onHealthPercentChange
lua,modules/game_bot/bot.lua,577,onTurn
lua,modules/game_bot/bot.lua,578,onWalk
lua,modules/game_bot/bot.lua,582,onPositionChange
lua,modules/game_bot/bot.lua,583,onHealthPercentChange
lua,modules/game_bot/bot.lua,584,onTurn
lua,modules/game_bot/bot.lua,585,onWalk
lua,modules/game_bot/bot.lua,586,onManaChange
lua,modules/game_bot/bot.lua,587,onStatesChange
lua,modules/game_bot/bot.lua,588,onInventoryChange
lua,modules/game_bot/bot.lua,592,onOpen
lua,modules/game_bot/bot.lua,593,onClose
lua,modules/game_bot/bot.lua,594,onUpdateItem
lua,modules/game_bot/bot.lua,595,onAddItem
lua,modules/game_bot/bot.lua,596,onRemoveItem
lua,modules/game_bot/bot.lua,600,onMissle
lua,modules/game_bot/bot.lua,601,onAnimatedText
lua,modules/game_bot/bot.lua,602,onStaticText
lua,modules/game_bot/bot.lua,609,onError
lua,modules/game_bot/bot.lua,616,onKeyDown
lua,modules/game_bot/bot.lua,622,onKeyUp
lua,modules/game_bot/bot.lua,628,onKeyPress
lua,modules/game_bot/bot.lua,633,onTalk
lua,modules/game_bot/bot.lua,638,onTextMessage
lua,modules/game_bot/bot.lua,643,onLoginAdvice
lua,modules/game_bot/bot.lua,648,onAddThing
lua,modules/game_bot/bot.lua,653,onRemoveThing
lua,modules/game_bot/bot.lua,658,onCreatureAppear
lua,modules/game_bot/bot.lua,663,onCreatureDisappear
lua,modules/game_bot/bot.lua,668,onCreaturePositionChange
lua,modules/game_bot/bot.lua,673,onCreatureHealthPercentChange
lua,modules/game_bot/bot.lua,678,onUse
lua,modules/game_bot/bot.lua,683,onUseWith
lua,modules/game_bot/bot.lua,688,onContainerOpen
lua,modules/game_bot/bot.lua,693,onContainerClose
lua,modules/game_bot/bot.lua,698,onContainerUpdateItem
lua,modules/game_bot/bot.lua,703,onMissle
lua,modules/game_bot/bot.lua,708,onAnimatedText
lua,modules/game_bot/bot.lua,713,onStaticText
lua,modules/game_bot/bot.lua,718,onChannelList
lua,modules/game_bot/bot.lua,723,onOpenChannel
lua,modules/game_bot/bot.lua,728,onCloseChannel
lua,modules/game_bot/bot.lua,733,onChannelEvent
lua,modules/game_bot/bot.lua,738,onTurn
lua,modules/game_bot/bot.lua,743,onWalk
lua,modules/game_bot/bot.lua,748,onImbuementWindow
lua,modules/game_bot/bot.lua,753,onModalDialog
lua,modules/game_bot/bot.lua,758,onGameEditText
lua,modules/game_bot/bot.lua,763,onAttackingCreatureChange
lua,modules/game_bot/bot.lua,768,onManaChange
lua,modules/game_bot/bot.lua,773,onStatesChange
lua,modules/game_bot/bot.lua,778,onAddItem
lua,modules/game_bot/bot.lua,783,onRemoveItem
lua,modules/game_bot/bot.lua,788,onSpellCooldown
lua,modules/game_bot/bot.lua,793,onGroupSpellCooldown
lua,modules/game_bot/bot.lua,798,onInventoryChange
lua,modules/game_modaldialog/modaldialog.lua,7,g_ui.
lua,modules/game_modaldialog/modaldialog.lua,9,connect
lua,modules/game_modaldialog/modaldialog.lua,10,onGameEnd
lua,modules/game_modaldialog/modaldialog.lua,19,onModalDialog
lua,modules/game_modaldialog/modaldialog.lua,20,onGameEnd
lua,modules/game_modaldialog/modaldialog.lua,30,onModalDialog
lua,modules/game_modaldialog/modaldialog.lua,36,g_ui.
lua,modules/game_modaldialog/modaldialog.lua,51,g_ui.
lua,modules/game_modaldialog/modaldialog.lua,72,g_ui.
lua,modules/game_modaldialog/modaldialog.lua,74,onClick
lua,modules/game_modaldialog/modaldialog.lua,130,onDoubleClick
lua,modules/game_modaldialog/modaldialog.lua,132,onEnter
lua,modules/game_modaldialog/modaldialog.lua,133,onEscape
lua,modules/game_textmessage/textmessage.lua,61,connect
lua,modules/game_textmessage/textmessage.lua,62,g_ui.
lua,modules/game_textmessage/textmessage.lua,70,onGameEnd
lua,modules/game_textmessage/textmessage.lua,100,schedule
lua,modules/game_textmessage/textmessage.lua,133,onAutoWalkFail
lua,modules/game_interface/widgets/uigamemap.lua,14,onDestroy
lua,modules/game_interface/widgets/uigamemap.lua,34,onDragEnter
lua,modules/game_interface/widgets/uigamemap.lua,48,onDragLeave
lua,modules/game_interface/widgets/uigamemap.lua,55,onDrop
lua,modules/game_interface/widgets/uigamemap.lua,76,onMouseMove
lua,modules/game_interface/widgets/uigamemap.lua,81,onDragMove
lua,modules/game_interface/widgets/uigamemap.lua,87,schedule
lua,modules/game_interface/widgets/uigamemap.lua,90,onMouseRelease
lua,modules/game_interface/widgets/uigamemap.lua,95,onMousePress
lua,modules/game_interface/widgets/uigamemap.lua,111,onMouseRelease
lua,modules/game_interface/widgets/uigamemap.lua,175,onTouchRelease
lua,modules/game_interface/widgets/uigamemap.lua,177,onMouseRelease
lua,modules/corelib/ui/tooltip.lua,34,onWidgetHoverChange
lua,modules/corelib/ui/tooltip.lua,48,onWidgetStyleApply
lua,modules/corelib/ui/tooltip.lua,56,connect
lua,modules/corelib/ui/tooltip.lua,57,onHoverChange
lua,modules/corelib/ui/tooltip.lua,59,addEvent
lua,modules/corelib/ui/tooltip.lua,60,g_ui.
lua,modules/corelib/ui/tooltip.lua,69,onStyleApply
lua,modules/corelib/ui/tooltip.lua,70,onHoverChange
lua,modules/corelib/ui/tooltip.lua,92,connect
lua,modules/corelib/ui/tooltip.lua,93,onMouseMove
lua,modules/corelib/ui/tooltip.lua,101,onMouseMove
lua,modules/corelib/ui/tooltip.lua,124,connect
lua,modules/corelib/ui/uiwindow.lua,12,onKeyDown
lua,modules/corelib/ui/uiwindow.lua,15,signal
lua,modules/corelib/ui/uiwindow.lua,17,signal
lua,modules/corelib/ui/uiwindow.lua,22,onFocusChange
lua,modules/corelib/ui/uiwindow.lua,26,onDragEnter
lua,modules/corelib/ui/uiwindow.lua,35,onDragLeave
lua,modules/corelib/ui/uiwindow.lua,39,onDragMove
lua,modules/corelib/ui/uibutton.lua,10,onMouseRelease
lua,modules/corelib/ui/uipopupmenu.lua,22,g_ui.
lua,modules/corelib/ui/uipopupmenu.lua,43,onGeometryChange
lua,modules/corelib/ui/uipopupmenu.lua,60,g_ui.
lua,modules/corelib/ui/uipopupmenu.lua,61,onClick
lua,modules/corelib/ui/uipopupmenu.lua,69,g_ui.
lua,modules/corelib/ui/uipopupmenu.lua,78,g_ui.
lua,modules/corelib/ui/uipopupmenu.lua,85,onDestroy
lua,modules/corelib/ui/uipopupmenu.lua,92,onMousePress
lua,modules/corelib/ui/uipopupmenu.lua,100,onKeyPress
lua,modules/corelib/ui/uipopupmenu.lua,109,onRootGeometryUpdate
lua,modules/corelib/ui/uipopupmenu.lua,115,onGameEnd
lua,modules/corelib/ui/uipopupmenu.lua,121,connect
lua,modules/corelib/ui/uipopupmenu.lua,122,connect
lua,modules/corelib/ui/uimovabletabbar.lua,5,onTabClick
lua,modules/corelib/ui/uimovabletabbar.lua,152,onTabMousePress
lua,modules/corelib/ui/uimovabletabbar.lua,159,onTabDragEnter
lua,modules/corelib/ui/uimovabletabbar.lua,166,onTabDragLeave
lua,modules/corelib/ui/uimovabletabbar.lua,172,onTabDragMove
lua,modules/corelib/ui/uimovabletabbar.lua,194,schedule
lua,modules/corelib/ui/uimovabletabbar.lua,213,onGeometryChange
lua,modules/corelib/ui/uimovabletabbar.lua,220,onDestroy
lua,modules/corelib/ui/uimovabletabbar.lua,247,g_ui.
lua,modules/corelib/ui/uimovabletabbar.lua,251,g_ui.
lua,modules/corelib/ui/uimovabletabbar.lua,260,onClick
lua,modules/corelib/ui/uimovabletabbar.lua,261,onMousePress
lua,modules/corelib/ui/uimovabletabbar.lua,262,onDragEnter
lua,modules/corelib/ui/uimovabletabbar.lua,263,onDragLeave
lua,modules/corelib/ui/uimovabletabbar.lua,264,onDragMove
lua,modules/corelib/ui/uimovabletabbar.lua,265,onDestroy
lua,modules/corelib/ui/uimovabletabbar.lua,310,onStyleApply
lua,modules/corelib/ui/uimovabletabbar.lua,386,signal
lua,modules/corelib/ui/uimovabletabbar.lua,499,onClick
lua,modules/corelib/ui/uimovabletabbar.lua,502,onClick
lua,modules/corelib/ui/uiscrollarea.lua,13,onStyleApply
lua,modules/corelib/ui/uiscrollarea.lua,16,addEvent
lua,modules/corelib/ui/uiscrollarea.lua,23,addEvent
lua,modules/corelib/ui/uiscrollarea.lua,64,onScrollWidthChange
lua,modules/corelib/ui/uiscrollarea.lua,67,onScrollHeightChange
lua,modules/corelib/ui/uiscrollarea.lua,76,connect
lua,modules/corelib/ui/uiscrollarea.lua,80,signal
lua,modules/corelib/ui/uiscrollarea.lua,87,connect
lua,modules/corelib/ui/uiscrollarea.lua,91,signal
lua,modules/corelib/ui/uiscrollarea.lua,104,onLayoutUpdate
lua,modules/corelib/ui/uiscrollarea.lua,108,onMouseWheel
lua,modules/corelib/ui/uiscrollarea.lua,177,onChildFocusChange
lua,modules/corelib/ui/uiscrollarea.lua,183,onScrollWidthChange
lua,modules/corelib/ui/uiscrollarea.lua,189,onScrollHeightChange
lua,modules/corelib/ui/uiinputbox.lua,11,onEnter
lua,modules/corelib/ui/uiinputbox.lua,19,onEscape
lua,modules/corelib/ui/uiinputbox.lua,30,g_ui.
lua,modules/corelib/ui/uiinputbox.lua,37,g_ui.
lua,modules/corelib/ui/uiinputbox.lua,46,g_ui.
lua,modules/corelib/ui/uiinputbox.lua,56,g_ui.
lua,modules/corelib/ui/uiinputbox.lua,65,g_ui.
lua,modules/corelib/ui/uiinputbox.lua,76,g_ui.
lua,modules/corelib/ui/uiinputbox.lua,89,g_ui.
lua,modules/corelib/ui/uiinputbox.lua,90,g_ui.
lua,modules/corelib/ui/uiinputbox.lua,92,onClick
lua,modules/corelib/ui/uiinputbox.lua,94,g_ui.
lua,modules/corelib/ui/uiinputbox.lua,96,onClick
lua,modules/corelib/ui/uiminiwindow.lua,17,signal
lua,modules/corelib/ui/uiminiwindow.lua,29,signal
lua,modules/corelib/ui/uiminiwindow.lua,47,signal
lua,modules/corelib/ui/uiminiwindow.lua,69,signal
lua,modules/corelib/ui/uiminiwindow.lua,82,signal
lua,modules/corelib/ui/uiminiwindow.lua,94,signal
lua,modules/corelib/ui/uiminiwindow.lua,98,onClick
lua,modules/corelib/ui/uiminiwindow.lua,109,onClick
lua,modules/corelib/ui/uiminiwindow.lua,121,onClick
lua,modules/corelib/ui/uiminiwindow.lua,131,onDoubleClick
lua,modules/corelib/ui/uiminiwindow.lua,139,onDoubleClick
lua,modules/corelib/ui/uiminiwindow.lua,161,schedule
lua,modules/corelib/ui/uiminiwindow.lua,198,addEvent
lua,modules/corelib/ui/uiminiwindow.lua,201,addEvent
lua,modules/corelib/ui/uiminiwindow.lua,208,onVisibilityChange
lua,modules/corelib/ui/uiminiwindow.lua,212,onDragEnter
lua,modules/corelib/ui/uiminiwindow.lua,230,onDragLeave
lua,modules/corelib/ui/uiminiwindow.lua,239,onDragLeave
lua,modules/corelib/ui/uiminiwindow.lua,243,onDragMove
lua,modules/corelib/ui/uiminiwindow.lua,283,onDragMove
lua,modules/corelib/ui/uiminiwindow.lua,286,onMousePress
lua,modules/corelib/ui/uiminiwindow.lua,295,onFocusChange
lua,modules/corelib/ui/uiminiwindow.lua,303,onHeightChange
lua,modules/corelib/ui/uiminiwindow.lua,427,signal
lua,modules/corelib/ui/uiscrollbar.lua,129,onSetup
lua,modules/corelib/ui/uiscrollbar.lua,132,onDecrement
lua,modules/corelib/ui/uiscrollbar.lua,133,onIncrement
lua,modules/corelib/ui/uiscrollbar.lua,140,onStyleApply
lua,modules/corelib/ui/uiscrollbar.lua,164,onDecrement
lua,modules/corelib/ui/uiscrollbar.lua,174,onIncrement
lua,modules/corelib/ui/uiscrollbar.lua,232,signal
lua,modules/corelib/ui/uiscrollbar.lua,255,onGeometryChange
lua,modules/corelib/ui/uiscrollbar.lua,259,onMouseWheel
lua,modules/corelib/ui/uitable.lua,36,onDestroy
lua,modules/corelib/ui/uitable.lua,38,onClick
lua,modules/corelib/ui/uitable.lua,54,onSetup
lua,modules/corelib/ui/uitable.lua,62,onStyleApply
lua,modules/corelib/ui/uitable.lua,66,addEvent
lua,modules/corelib/ui/uitable.lua,70,addEvent
lua,modules/corelib/ui/uitable.lua,74,addEvent
lua,modules/corelib/ui/uitable.lua,78,addEvent
lua,modules/corelib/ui/uitable.lua,82,addEvent
lua,modules/corelib/ui/uitable.lua,148,g_ui.
lua,modules/corelib/ui/uitable.lua,158,onClick
lua,modules/corelib/ui/uitable.lua,159,onClick
lua,modules/corelib/ui/uitable.lua,166,g_ui.
lua,modules/corelib/ui/uitable.lua,207,g_ui.
lua,modules/corelib/ui/uitable.lua,218,g_ui.
lua,modules/corelib/ui/uitable.lua,263,onClick
lua,modules/corelib/ui/uitable.lua,341,signal
lua,modules/corelib/ui/uitable.lua,393,onFocusChange
lua,modules/corelib/ui/uitable.lua,399,onStyleApply
lua,modules/corelib/ui/uitable.lua,427,onClick
lua,modules/corelib/ui/effects.lua,11,schedule
lua,modules/corelib/ui/effects.lua,26,schedule
lua,modules/corelib/ui/effects.lua,52,schedule
lua,modules/corelib/ui/effects.lua,57,connect
lua,modules/corelib/ui/effects.lua,61,onClick
lua,modules/corelib/ui/uicombobox.lua,51,signal
lua,modules/corelib/ui/uicombobox.lua,70,signal
lua,modules/corelib/ui/uicombobox.lua,83,signal
lua,modules/corelib/ui/uicombobox.lua,115,onMousePress
lua,modules/corelib/ui/uicombobox.lua,118,g_ui.
lua,modules/corelib/ui/uicombobox.lua,124,g_ui.
lua,modules/corelib/ui/uicombobox.lua,132,connect
lua,modules/corelib/ui/uicombobox.lua,137,onMouseWheel
lua,modules/corelib/ui/uicombobox.lua,149,onStyleApply
lua,modules/corelib/ui/uimessagebox.lua,9,onEnterCallback
lua,modules/corelib/ui/uimessagebox.lua,16,g_ui.
lua,modules/corelib/ui/uimessagebox.lua,25,g_ui.
lua,modules/corelib/ui/uimessagebox.lua,45,onEnterCallback
lua,modules/corelib/ui/uimessagebox.lua,46,onEscapeCallback
lua,modules/corelib/ui/uimessagebox.lua,74,onEnterCallback
lua,modules/corelib/ui/uimessagebox.lua,75,onEnterCallback
lua,modules/corelib/ui/uimessagebox.lua,80,g_ui.
lua,modules/corelib/ui/uimessagebox.lua,82,connect
lua,modules/corelib/ui/uimessagebox.lua,87,signal
lua,modules/corelib/ui/uimessagebox.lua,88,onOk
lua,modules/corelib/ui/uimessagebox.lua,93,signal
lua,modules/corelib/ui/uimessagebox.lua,94,onCancel
lua,modules/corelib/ui/uiprogressbar.lua,71,onSetup
lua,modules/corelib/ui/uiprogressbar.lua,75,onStyleApply
lua,modules/corelib/ui/uiprogressbar.lua,94,onGeometryChange
lua,modules/corelib/ui/uiimageview.lua,77,onDragEnter
lua,modules/corelib/ui/uiimageview.lua,81,onDragMove
lua,modules/corelib/ui/uiimageview.lua,87,onDragLeave
lua,modules/corelib/ui/uiimageview.lua,91,onMouseWheel
lua,modules/corelib/ui/uitextedit.lua,1,onStyleApply
lua,modules/corelib/ui/uitextedit.lua,4,addEvent
lua,modules/corelib/ui/uitextedit.lua,8,addEvent
lua,modules/corelib/ui/uitextedit.lua,15,onMouseWheel
lua,modules/corelib/ui/uitextedit.lua,33,onTextAreaUpdate
lua,modules/corelib/ui/uitextedit.lua,39,onValueChange
lua,modules/corelib/ui/uitextedit.lua,49,onValueChange
lua,modules/corelib/ui/uicheckbox.lua,11,onClick
lua,modules/corelib/ui/uiresizeborder.lua,12,onSetup
lua,modules/corelib/ui/uiresizeborder.lua,20,onDestroy
lua,modules/corelib/ui/uiresizeborder.lua,26,onHoverChange
lua,modules/corelib/ui/uiresizeborder.lua,50,onMouseMove
lua,modules/corelib/ui/uiresizeborder.lua,69,onMouseRelease
lua,modules/corelib/ui/uiresizeborder.lua,77,onStyleApply
lua,modules/corelib/ui/uiresizeborder.lua,87,onVisibilityChange
lua,modules/corelib/ui/uipopupscrollmenu.lua,9,g_ui.
lua,modules/corelib/ui/uipopupscrollmenu.lua,13,g_ui.
lua,modules/corelib/ui/uipopupscrollmenu.lua,43,g_ui.
lua,modules/corelib/ui/uipopupscrollmenu.lua,62,onGeometryChange
lua,modules/corelib/ui/uipopupscrollmenu.lua,79,g_ui.
lua,modules/corelib/ui/uipopupscrollmenu.lua,80,onClick
lua,modules/corelib/ui/uipopupscrollmenu.lua,88,g_ui.
lua,modules/corelib/ui/uipopupscrollmenu.lua,97,g_ui.
lua,modules/corelib/ui/uipopupscrollmenu.lua,100,onDestroy
lua,modules/corelib/ui/uipopupscrollmenu.lua,107,onMousePress
lua,modules/corelib/ui/uipopupscrollmenu.lua,115,onKeyPress
lua,modules/corelib/ui/uipopupscrollmenu.lua,124,onRootGeometryUpdate
lua,modules/corelib/ui/uipopupscrollmenu.lua,129,connect
lua,modules/corelib/ui/uispinbox.lua,20,onSetup
lua,modules/corelib/ui/uispinbox.lua,25,onMouseWheel
lua,modules/corelib/ui/uispinbox.lua,37,onKeyPress
lua,modules/corelib/ui/uispinbox.lua,45,onTextChange
lua,modules/corelib/ui/uispinbox.lua,68,onValueChange
lua,modules/corelib/ui/uispinbox.lua,72,onFocusChange
lua,modules/corelib/ui/uispinbox.lua,80,onStyleApply
lua,modules/corelib/ui/uispinbox.lua,84,addEvent
lua,modules/corelib/ui/uispinbox.lua,87,addEvent
lua,modules/corelib/ui/uispinbox.lua,89,addEvent
lua,modules/corelib/ui/uispinbox.lua,91,addEvent
lua,modules/corelib/ui/uispinbox.lua,146,signal
lua,modules/corelib/ui/uisplitter.lua,11,onHoverChange
lua,modules/corelib/ui/uisplitter.lua,37,onMouseMove
lua,modules/corelib/ui/uisplitter.lua,47,addEvent
lua,modules/corelib/ui/uisplitter.lua,59,addEvent
lua,modules/corelib/ui/uisplitter.lua,69,onMouseRelease
lua,modules/corelib/ui/uisplitter.lua,77,onStyleApply
lua,modules/corelib/ui/uiminiwindowcontainer.lua,6,schedule
lua,modules/corelib/ui/uiminiwindowcontainer.lua,12,connect
lua,modules/corelib/ui/uiminiwindowcontainer.lua,48,addEvent
lua,modules/corelib/ui/uiminiwindowcontainer.lua,103,onDrop
lua,modules/corelib/ui/uiminiwindowcontainer.lua,153,schedule
lua,modules/corelib/ui/uiminiwindowcontainer.lua,155,schedule
lua,modules/corelib/ui/uiminiwindowcontainer.lua,156,schedule
lua,modules/corelib/ui/uiminiwindowcontainer.lua,158,schedule
lua,modules/corelib/ui/uiminiwindowcontainer.lua,169,schedule
lua,modules/corelib/ui/uiminiwindowcontainer.lua,180,schedule
lua,modules/corelib/ui/uiminiwindowcontainer.lua,226,onGeometryChange
lua,modules/corelib/ui/uiradiogroup.lua,13,onClick
lua,modules/corelib/ui/uiradiogroup.lua,20,onClick
lua,modules/corelib/ui/uiradiogroup.lua,27,onClick
lua,modules/corelib/ui/uiradiogroup.lua,46,signal
lua,modules/corelib/ui/uiradiogroup.lua,57,signal
lua,modules/corelib/ui/uitabbar.lua,5,onTabClick
lua,modules/corelib/ui/uitabbar.lua,9,onTabMouseRelease
lua,modules/corelib/ui/uitabbar.lua,11,signal
lua,modules/corelib/ui/uitabbar.lua,23,onSetup
lua,modules/corelib/ui/uitabbar.lua,36,g_ui.
lua,modules/corelib/ui/uitabbar.lua,40,g_ui.
lua,modules/corelib/ui/uitabbar.lua,48,onClick
lua,modules/corelib/ui/uitabbar.lua,49,onMouseRelease
lua,modules/corelib/ui/uitabbar.lua,50,onDestroy
lua,modules/corelib/ui/uitabbar.lua,65,g_ui.
lua,modules/corelib/ui/uitabbar.lua,72,onClick
lua,modules/corelib/ui/uitabbar.lua,108,signal
lua,modules/gamelib/ui/uicreaturebutton.lua,5,onIdle
lua,modules/gamelib/ui/uicreaturebutton.lua,6,onTargeted
lua,modules/gamelib/ui/uicreaturebutton.lua,7,onFollowed
lua,modules/gamelib/ui/uicreaturebutton.lua,47,onIdle
lua,modules/gamelib/ui/uicreaturebutton.lua,50,onTargeted
lua,modules/gamelib/ui/uicreaturebutton.lua,52,onFollowed
lua,modules/gamelib/ui/uicreaturebutton.lua,61,onIdle
lua,modules/gamelib/ui/uiminimap.lua,1,onCreate
lua,modules/gamelib/ui/uiminimap.lua,5,onSetup
lua,modules/gamelib/ui/uiminimap.lua,9,onAddAutomapFlag
lua,modules/gamelib/ui/uiminimap.lua,10,onRemoveAutomapFlag
lua,modules/gamelib/ui/uiminimap.lua,11,connect
lua,modules/gamelib/ui/uiminimap.lua,12,onAddAutomapFlag
lua,modules/gamelib/ui/uiminimap.lua,13,onRemoveAutomapFlag
lua,modules/gamelib/ui/uiminimap.lua,17,onDestroy
lua,modules/gamelib/ui/uiminimap.lua,23,onAddAutomapFlag
lua,modules/gamelib/ui/uiminimap.lua,24,onRemoveAutomapFlag
lua,modules/gamelib/ui/uiminimap.lua,30,onVisibilityChange
lua,modules/gamelib/ui/uiminimap.lua,36,onCameraPositionChange
lua,modules/gamelib/ui/uiminimap.lua,83,onFlagMouseRelease
lua,modules/gamelib/ui/uiminimap.lua,85,g_ui.
lua,modules/gamelib/ui/uiminimap.lua,97,g_ui.
lua,modules/gamelib/ui/uiminimap.lua,119,g_ui.
lua,modules/gamelib/ui/uiminimap.lua,131,onMouseRelease
lua,modules/gamelib/ui/uiminimap.lua,132,onDestroy
lua,modules/gamelib/ui/uiminimap.lua,159,onZoomChange
lua,modules/gamelib/ui/uiminimap.lua,202,onMouseWheel
lua,modules/gamelib/ui/uiminimap.lua,215,onMousePress
lua,modules/gamelib/ui/uiminimap.lua,221,onMouseRelease
lua,modules/gamelib/ui/uiminimap.lua,235,g_ui.
lua,modules/gamelib/ui/uiminimap.lua,244,onDragEnter
lua,modules/gamelib/ui/uiminimap.lua,250,onDragMove
lua,modules/gamelib/ui/uiminimap.lua,259,onDragLeave
lua,modules/gamelib/ui/uiminimap.lua,263,onStyleApply
lua,modules/gamelib/ui/uiminimap.lua,275,g_ui.
lua,modules/gamelib/ui/uiminimap.lua,302,onClick
lua,modules/gamelib/ui/uiminimap.lua,303,onClick
lua,modules/gamelib/ui/uiminimap.lua,305,onEnter
lua,modules/gamelib/ui/uiminimap.lua,306,onEscape
lua,modules/gamelib/ui/uiminimap.lua,308,onDestroy
lua,modules/gamelib/ui/uiitem.lua,1,onDragEnter
lua,modules/gamelib/ui/uiitem.lua,13,onDragLeave
lua,modules/gamelib/ui/uiitem.lua,22,onDrop
lua,modules/gamelib/ui/uiitem.lua,51,onDestroy
lua,modules/gamelib/ui/uiitem.lua,52,g_ui.
lua,modules/gamelib/ui/uiitem.lua,61,onHoverChange
lua,modules/gamelib/ui/uiitem.lua,62,onHoverChange
lua,modules/gamelib/ui/uiitem.lua,66,g_ui.
lua,modules/gamelib/ui/uiitem.lua,80,onMouseRelease
lua,modules/gamelib/ui/uiitem.lua,121,onClick
lua,modules/gamelib/ui/uiitem.lua,131,onItemChange
lua,modules/game_bot/functions/server.lua,19,onMessage
lua,modules/game_bot/functions/server.lua,48,onClose
lua,modules/game_bot/functions/config.lua,173,onOptionChange
lua,modules/game_bot/functions/config.lua,180,onClick
lua,modules/game_bot/functions/config.lua,185,onClick
lua,modules/game_bot/functions/config.lua,206,onClick
lua,modules/game_bot/functions/config.lua,216,onClick
lua,modules/game_bot/functions/config.lua,238,onClick
lua,modules/game_bot/functions/config.lua,243,onClick
lua,modules/game_bot/functions/config.lua,249,onClick
lua,modules/game_bot/functions/config.lua,254,onClick
lua,modules/game_bot/functions/main.lua,195,schedule
lua,modules/game_bot/functions/main.lua,196,schedule
lua,modules/game_bot/functions/ui_windows.lua,36,onConfirm
lua,modules/game_bot/functions/ui_windows.lua,44,onConfirm
lua,modules/game_bot/functions/ui_windows.lua,46,onConfirm
lua,modules/game_bot/functions/callbacks.lua,8,onAddThing
lua,modules/game_bot/functions/callbacks.lua,48,onKeyDown
lua,modules/game_bot/functions/callbacks.lua,49,onKeyDown
lua,modules/game_bot/functions/callbacks.lua,50,onKeyDown
lua,modules/game_bot/functions/callbacks.lua,53,onKeyPress
lua,modules/game_bot/functions/callbacks.lua,54,onKeyPress
lua,modules/game_bot/functions/callbacks.lua,55,onKeyPress
lua,modules/game_bot/functions/callbacks.lua,58,onKeyUp
lua,modules/game_bot/functions/callbacks.lua,59,onKeyUp
lua,modules/game_bot/functions/callbacks.lua,60,onKeyUp
lua,modules/game_bot/functions/callbacks.lua,63,onTalk
lua,modules/game_bot/functions/callbacks.lua,64,onTalk
lua,modules/game_bot/functions/callbacks.lua,65,onTalk
lua,modules/game_bot/functions/callbacks.lua,68,onTextMessage
lua,modules/game_bot/functions/callbacks.lua,69,onTextMessage
lua,modules/game_bot/functions/callbacks.lua,70,onTextMessage
lua,modules/game_bot/functions/callbacks.lua,73,onLoginAdvice
lua,modules/game_bot/functions/callbacks.lua,74,onLoginAdvice
lua,modules/game_bot/functions/callbacks.lua,75,onLoginAdvice
lua,modules/game_bot/functions/callbacks.lua,78,onAddThing
lua,modules/game_bot/functions/callbacks.lua,79,onAddThing
lua,modules/game_bot/functions/callbacks.lua,80,onAddThing
lua,modules/game_bot/functions/callbacks.lua,83,onRemoveThing
lua,modules/game_bot/functions/callbacks.lua,84,onRemoveThing
lua,modules/game_bot/functions/callbacks.lua,85,onRemoveThing
lua,modules/game_bot/functions/callbacks.lua,88,onCreatureAppear
lua,modules/game_bot/functions/callbacks.lua,89,onCreatureAppear
lua,modules/game_bot/functions/callbacks.lua,90,onCreatureAppear
lua,modules/game_bot/functions/callbacks.lua,93,onCreatureDisappear
lua,modules/game_bot/functions/callbacks.lua,94,onCreatureDisappear
lua,modules/game_bot/functions/callbacks.lua,95,onCreatureDisappear
lua,modules/game_bot/functions/callbacks.lua,98,onCreaturePositionChange
lua,modules/game_bot/functions/callbacks.lua,99,onCreaturePositionChange
lua,modules/game_bot/functions/callbacks.lua,100,onCreaturePositionChange
lua,modules/game_bot/functions/callbacks.lua,103,onCreatureHealthPercentChange
lua,modules/game_bot/functions/callbacks.lua,104,onCreatureHealthPercentChange
lua,modules/game_bot/functions/callbacks.lua,105,onCreatureHealthPercentChange
lua,modules/game_bot/functions/callbacks.lua,108,onUse
lua,modules/game_bot/functions/callbacks.lua,109,onUse
lua,modules/game_bot/functions/callbacks.lua,110,onUse
lua,modules/game_bot/functions/callbacks.lua,113,onUseWith
lua,modules/game_bot/functions/callbacks.lua,114,onUseWith
lua,modules/game_bot/functions/callbacks.lua,115,onUseWith
lua,modules/game_bot/functions/callbacks.lua,118,onContainerOpen
lua,modules/game_bot/functions/callbacks.lua,119,onContainerOpen
lua,modules/game_bot/functions/callbacks.lua,120,onContainerOpen
lua,modules/game_bot/functions/callbacks.lua,123,onContainerClose
lua,modules/game_bot/functions/callbacks.lua,124,onContainerClose
lua,modules/game_bot/functions/callbacks.lua,125,onContainerClose
lua,modules/game_bot/functions/callbacks.lua,128,onContainerUpdateItem
lua,modules/game_bot/functions/callbacks.lua,129,onContainerUpdateItem
lua,modules/game_bot/functions/callbacks.lua,130,onContainerUpdateItem
lua,modules/game_bot/functions/callbacks.lua,133,onMissle
lua,modules/game_bot/functions/callbacks.lua,134,onMissle
lua,modules/game_bot/functions/callbacks.lua,135,onMissle
lua,modules/game_bot/functions/callbacks.lua,138,onAnimatedText
lua,modules/game_bot/functions/callbacks.lua,139,onAnimatedText
lua,modules/game_bot/functions/callbacks.lua,140,onAnimatedText
lua,modules/game_bot/functions/callbacks.lua,143,onStaticText
lua,modules/game_bot/functions/callbacks.lua,144,onStaticText
lua,modules/game_bot/functions/callbacks.lua,145,onStaticText
lua,modules/game_bot/functions/callbacks.lua,148,onChannelList
lua,modules/game_bot/functions/callbacks.lua,149,onChannelList
lua,modules/game_bot/functions/callbacks.lua,150,onChannelList
lua,modules/game_bot/functions/callbacks.lua,153,onOpenChannel
lua,modules/game_bot/functions/callbacks.lua,154,onOpenChannel
lua,modules/game_bot/functions/callbacks.lua,155,onOpenChannel
lua,modules/game_bot/functions/callbacks.lua,158,onCloseChannel
lua,modules/game_bot/functions/callbacks.lua,159,onCloseChannel
lua,modules/game_bot/functions/callbacks.lua,160,onCloseChannel
lua,modules/game_bot/functions/callbacks.lua,163,onChannelEvent
lua,modules/game_bot/functions/callbacks.lua,164,onChannelEvent
lua,modules/game_bot/functions/callbacks.lua,165,onChannelEvent
lua,modules/game_bot/functions/callbacks.lua,168,onTurn
lua,modules/game_bot/functions/callbacks.lua,169,onTurn
lua,modules/game_bot/functions/callbacks.lua,170,onTurn
lua,modules/game_bot/functions/callbacks.lua,173,onWalk
lua,modules/game_bot/functions/callbacks.lua,174,onWalk
lua,modules/game_bot/functions/callbacks.lua,175,onWalk
lua,modules/game_bot/functions/callbacks.lua,178,onImbuementWindow
lua,modules/game_bot/functions/callbacks.lua,179,onImbuementWindow
lua,modules/game_bot/functions/callbacks.lua,180,onImbuementWindow
lua,modules/game_bot/functions/callbacks.lua,183,onModalDialog
lua,modules/game_bot/functions/callbacks.lua,184,onModalDialog
lua,modules/game_bot/functions/callbacks.lua,185,onModalDialog
lua,modules/game_bot/functions/callbacks.lua,188,onAttackingCreatureChange
lua,modules/game_bot/functions/callbacks.lua,189,onAttackingCreatureChange
lua,modules/game_bot/functions/callbacks.lua,190,onAttackingCreatureChange
lua,modules/game_bot/functions/callbacks.lua,193,onManaChange
lua,modules/game_bot/functions/callbacks.lua,194,onManaChange
lua,modules/game_bot/functions/callbacks.lua,195,onManaChange
lua,modules/game_bot/functions/callbacks.lua,198,onAddItem
lua,modules/game_bot/functions/callbacks.lua,199,onAddItem
lua,modules/game_bot/functions/callbacks.lua,200,onAddItem
lua,modules/game_bot/functions/callbacks.lua,203,onRemoveItem
lua,modules/game_bot/functions/callbacks.lua,204,onRemoveItem
lua,modules/game_bot/functions/callbacks.lua,205,onRemoveItem
lua,modules/game_bot/functions/callbacks.lua,208,onStatesChange
lua,modules/game_bot/functions/callbacks.lua,209,onStatesChange
lua,modules/game_bot/functions/callbacks.lua,210,onStatesChange
lua,modules/game_bot/functions/callbacks.lua,213,onGameEditText
lua,modules/game_bot/functions/callbacks.lua,214,onGameEditText
lua,modules/game_bot/functions/callbacks.lua,215,onGameEditText
lua,modules/game_bot/functions/callbacks.lua,218,onSpellCooldown
lua,modules/game_bot/functions/callbacks.lua,219,onSpellCooldown
lua,modules/game_bot/functions/callbacks.lua,220,onSpellCooldown
lua,modules/game_bot/functions/callbacks.lua,223,onGroupSpellCooldown
lua,modules/game_bot/functions/callbacks.lua,224,onGroupSpellCooldown
lua,modules/game_bot/functions/callbacks.lua,225,onGroupSpellCooldown
lua,modules/game_bot/functions/callbacks.lua,228,onInventoryChange
lua,modules/game_bot/functions/callbacks.lua,229,onInventoryChange
lua,modules/game_bot/functions/callbacks.lua,230,onInventoryChange
lua,modules/game_bot/functions/callbacks.lua,239,onTalk
lua,modules/game_bot/functions/callbacks.lua,246,onPlayerPositionChange
lua,modules/game_bot/functions/callbacks.lua,247,onPlayerPositionChange
lua,modules/game_bot/functions/callbacks.lua,248,onCreaturePositionChange
lua,modules/game_bot/functions/callbacks.lua,255,onPlayerHealthChange
lua,modules/game_bot/functions/callbacks.lua,256,onPlayerHealthChange
lua,modules/game_bot/functions/callbacks.lua,257,onCreatureHealthPercentChange
lua,modules/game_bot/functions/callbacks.lua,264,onPlayerInventoryChange
lua,modules/game_bot/functions/callbacks.lua,265,onPlayerInventoryChange
lua,modules/game_bot/functions/callbacks.lua,266,onInventoryChange
lua,modules/game_bot/functions/ui_legacy.lua,10,g_ui.
lua,modules/game_bot/functions/ui_legacy.lua,17,g_ui.
lua,modules/game_bot/functions/ui_legacy.lua,27,g_ui.
lua,modules/game_bot/functions/ui_legacy.lua,29,g_ui.
lua,modules/game_bot/functions/ui_legacy.lua,39,g_ui.
lua,modules/game_bot/functions/ui_legacy.lua,56,onClickCallback
lua,modules/game_bot/functions/ui_legacy.lua,60,g_ui.
lua,modules/game_bot/functions/ui_legacy.lua,63,onClick
lua,modules/game_bot/functions/ui_legacy.lua,67,onClickCallback
lua,modules/game_bot/functions/ui_legacy.lua,71,g_ui.
lua,modules/game_bot/functions/ui_legacy.lua,74,onClick
lua,modules/game_bot/functions/ui_legacy.lua,82,g_ui.
lua,modules/game_bot/functions/ui_legacy.lua,88,onTextChangeCallback
lua,modules/game_bot/functions/ui_legacy.lua,92,g_ui.
lua,modules/game_bot/functions/ui_legacy.lua,94,onTextChange
lua,modules/game_bot/functions/ui_legacy.lua,103,g_ui.
lua,modules/game_bot/functions/script_loader.lua,3,onLoadCallback
lua,modules/game_bot/functions/script_loader.lua,20,onLoadCallback
lua,modules/game_bot/functions/script_loader.lua,21,onLoadCallback
lua,modules/game_bot/functions/script_loader.lua,25,onLoadCallback
lua,modules/game_bot/functions/script_loader.lua,55,onLoadCallback
lua,modules/game_bot/functions/script_loader.lua,56,onLoadCallback
lua,modules/game_bot/functions/tools.lua,6,onEnterCallback
lua,modules/game_bot/functions/tools.lua,7,onEnterCallback
lua,modules/game_bot/functions/ui_elements.lua,10,onClick
lua,modules/game_bot/functions/ui_elements.lua,63,g_ui.
lua,modules/game_bot/functions/ui_elements.lua,73,onItemChange
lua,modules/game_bot/functions/ui_elements.lua,112,onClick
lua,modules/game_bot/functions/ui_elements.lua,121,onTextChange
lua,modules/game_bot/functions/ui_elements.lua,138,onValueChange
lua,modules/game_bot/functions/ui_elements.lua,142,onValueChange
lua,modules/game_bot/functions/ui_elements.lua,167,onClick
lua,modules/game_bot/functions/ui_elements.lua,176,onItemChange
lua,modules/game_bot/functions/ui_elements.lua,194,onValueChange
lua,modules/game_bot/functions/ui_elements.lua,198,onValueChange
lua,modules/game_bot/functions/ui_elements.lua,218,onTextChange
lua,modules/game_bot/functions/ui_elements.lua,240,onClick
lua,modules/game_bot/functions/ui_elements.lua,249,onOptionChange
lua,modules/game_bot/functions/ui_elements.lua,257,onItemChange
lua,modules/game_bot/functions/ui_elements.lua,265,onItemChange
lua,modules/game_bot/functions/ui_elements.lua,325,onTextChange
lua,modules/game_bot/functions/ui_elements.lua,370,onClick
lua,modules/game_bot/functions/ui_elements.lua,383,onClick
lua,modules/game_bot/functions/ui.lua,11,g_ui.
lua,modules/game_bot/functions/ui.lua,20,g_ui.
lua,modules/game_bot/functions/ui.lua,27,g_ui.
lua,modules/game_bot/functions/player.lua,50,schedule
lua,modules/game_bot/functions/icon.lua,32,g_ui.
lua,modules/game_bot/functions/icon.lua,93,onClick
lua,modules/game_bot/functions/icon.lua,108,onClick
lua,modules/game_bot/functions/icon.lua,115,onDragEnter
lua,modules/game_bot/functions/icon.lua,124,onDragMove
lua,modules/game_bot/functions/icon.lua,132,onDragLeave
lua,modules/game_bot/functions/icon.lua,151,onGeometryChange
lua,modules/game_bot/functions/icon.lua,162,onMouseRelease
lua,modules/game_bot/panels/attacking.lua,5,g_ui.
lua,modules/game_bot/panels/attacking.lua,317,g_ui.
lua,modules/game_bot/panels/attacking.lua,347,onClick
lua,modules/game_bot/panels/attacking.lua,348,onClick
lua,modules/game_bot/panels/attacking.lua,349,onEnter
lua,modules/game_bot/panels/attacking.lua,350,onEscape
lua,modules/game_bot/panels/attacking.lua,353,onValueChange
lua,modules/game_bot/panels/attacking.lua,356,onValueChange
lua,modules/game_bot/panels/attacking.lua,359,onValueChange
lua,modules/game_bot/panels/attacking.lua,362,onValueChange
lua,modules/game_bot/panels/attacking.lua,365,onValueChange
lua,modules/game_bot/panels/attacking.lua,368,onValueChange
lua,modules/game_bot/panels/attacking.lua,376,onValueChange
lua,modules/game_bot/panels/attacking.lua,377,onValueChange
lua,modules/game_bot/panels/attacking.lua,384,onClick
lua,modules/game_bot/panels/attacking.lua,392,onClick
lua,modules/game_bot/panels/attacking.lua,400,onClick
lua,modules/game_bot/panels/attacking.lua,416,onClick
lua,modules/game_bot/panels/attacking.lua,419,onClick
lua,modules/game_bot/panels/attacking.lua,422,onClick
lua,modules/game_bot/panels/attacking.lua,425,onClick
lua,modules/game_bot/panels/attacking.lua,428,onClick
lua,modules/game_bot/panels/attacking.lua,431,onClick
lua,modules/game_bot/panels/attacking.lua,623,g_ui.
lua,modules/game_bot/panels/attacking.lua,668,onOptionChange
lua,modules/game_bot/panels/attacking.lua,674,onClick
lua,modules/game_bot/panels/attacking.lua,681,onClick
lua,modules/game_bot/panels/attacking.lua,688,onClick
lua,modules/game_bot/panels/attacking.lua,697,onClick
lua,modules/game_bot/panels/attacking.lua,722,onClick
lua,modules/game_bot/panels/attacking.lua,733,onClick
lua,modules/game_bot/panels/attacking.lua,749,onClick
lua,modules/game_bot/panels/attacking.lua,974,onCreatureDisappear
lua,modules/game_bot/panels/attacking.lua,1007,onContainerOpen
lua,modules/game_bot/panels/war.lua,6,onMissle
lua,modules/game_bot/panels/war.lua,42,onPlayerPositionChange
lua,modules/game_bot/panels/war.lua,72,g_ui.
lua,modules/game_bot/panels/war.lua,81,onClick
lua,modules/game_bot/panels/war.lua,91,onItemChange
lua,modules/game_bot/panels/healing.lua,52,g_ui.
lua,modules/game_bot/panels/healing.lua,65,onClick
lua,modules/game_bot/panels/healing.lua,70,onTextChange
lua,modules/game_bot/panels/healing.lua,79,onValueChange
lua,modules/game_bot/panels/healing.lua,83,onValueChange
lua,modules/game_bot/panels/healing.lua,112,g_ui.
lua,modules/game_bot/panels/healing.lua,124,onClick
lua,modules/game_bot/panels/healing.lua,129,onItemChange
lua,modules/game_bot/panels/healing.lua,138,onValueChange
lua,modules/game_bot/panels/healing.lua,142,onValueChange
lua,modules/game_bot/panels/healing.lua,171,g_ui.
lua,modules/game_bot/panels/healing.lua,183,onClick
lua,modules/game_bot/panels/healing.lua,188,onItemChange
lua,modules/game_bot/panels/healing.lua,197,onValueChange
lua,modules/game_bot/panels/healing.lua,201,onValueChange
lua,modules/game_bot/panels/healing.lua,231,g_ui.
lua,modules/game_bot/panels/healing.lua,245,onClick
lua,modules/game_bot/panels/healing.lua,251,onItemChange
lua,modules/game_bot/panels/healing.lua,256,onItemChange
lua,modules/game_bot/panels/healing.lua,264,onOptionChange
lua,modules/game_bot/panels/healing.lua,305,g_ui.
lua,modules/game_bot/panels/healing.lua,314,onClick
lua,modules/game_bot/panels/healing.lua,324,onItemChange
lua,modules/game_bot/panels/waypoints.lua,232,g_ui.
lua,modules/game_bot/panels/waypoints.lua,293,onOptionChange
lua,modules/game_bot/panels/waypoints.lua,299,onClick
lua,modules/game_bot/panels/waypoints.lua,314,onClick
lua,modules/game_bot/panels/waypoints.lua,321,onClick
lua,modules/game_bot/panels/waypoints.lua,330,onClick
lua,modules/game_bot/panels/waypoints.lua,358,onPlayerPositionChange
lua,modules/game_bot/panels/waypoints.lua,385,onUse
lua,modules/game_bot/panels/waypoints.lua,401,onUseWith
lua,modules/game_bot/panels/waypoints.lua,426,onClick
lua,modules/game_bot/panels/waypoints.lua,437,onClick
lua,modules/game_bot/panels/waypoints.lua,448,onClick
lua,modules/game_bot/panels/waypoints.lua,459,onClick
lua,modules/game_bot/panels/waypoints.lua,469,onClick
lua,modules/game_bot/panels/waypoints.lua,479,onClick
lua,modules/game_bot/panels/waypoints.lua,489,onClick
lua,modules/game_bot/panels/waypoints.lua,499,onClick
lua,modules/game_bot/panels/waypoints.lua,509,onClick
lua,modules/game_bot/panels/waypoints.lua,519,onClick
lua,modules/game_bot/panels/waypoints.lua,570,onContainerOpen
lua,modules/game_bot/panels/looting.lua,187,g_ui.
lua,modules/game_bot/panels/looting.lua,193,onItemChange
lua,modules/game_bot/panels/looting.lua,207,onItemChange
lua,modules/game_bot/panels/looting.lua,237,onItemChange
lua,modules/game_bot/panels/looting.lua,255,onOptionChange
lua,modules/game_bot/panels/looting.lua,261,onClick
lua,modules/game_bot/panels/looting.lua,268,onClick
lua,modules/game_bot/panels/looting.lua,275,onClick
lua,modules/game_bot/panels/looting.lua,284,onClick
lua,modules/game_bot/panels/looting.lua,309,onContainerOpen
lua,modules/game_bot/panels/looting.lua,420,schedule
lua,modules/game_bot/panels/looting.lua,425,schedule
lua,modules/game_bot/panels/basic.lua,31,g_ui.
lua,modules/game_bot/panels/basic.lua,41,onClick
lua,modules/game_bot/panels/basic.lua,46,onItemChange
lua,modules/game_bot/default_configs/vBot_4.7/_Loader.lua,8,g_ui.
lua,modules/game_bot/default_configs/cavebot_1.3/mwall_timer.lua,12,onAddThing
lua,modules/game_bot/default_configs/cavebot_1.3/mwall_timer.lua,32,onRemoveThing
lua,modules/game_bot/default_configs/vBot_4.8/_Loader.lua,8,g_ui.
lua,modules/game_bot/default_configs/vBot_4.7/cavebot/config.lua,29,onConfigChange
lua,modules/game_bot/default_configs/vBot_4.7/cavebot/config.lua,60,onTextChange
lua,modules/game_bot/default_configs/vBot_4.7/cavebot/config.lua,75,onClick
lua,modules/game_bot/default_configs/vBot_4.7/cavebot/editor.lua,28,onClick
lua,modules/game_bot/default_configs/vBot_4.7/cavebot/editor.lua,64,onDoubleClick
lua,modules/game_bot/default_configs/vBot_4.7/cavebot/editor.lua,65,onDoubleClick
lua,modules/game_bot/default_configs/vBot_4.7/cavebot/editor.lua,148,onClick
lua,modules/game_bot/default_configs/vBot_4.7/cavebot/editor.lua,157,onPlayerPositionChange
lua,modules/game_bot/default_configs/vBot_4.7/cavebot/bank.lua,66,schedule
lua,modules/game_bot/default_configs/vBot_4.7/cavebot/bank.lua,88,onTalk
lua,modules/game_bot/default_configs/vBot_4.7/cavebot/actions.lua,42,onTextMessage
lua,modules/game_bot/default_configs/vBot_4.7/cavebot/actions.lua,154,onDoubleClick
lua,modules/game_bot/default_configs/vBot_4.7/cavebot/actions.lua,156,schedule
lua,modules/game_bot/default_configs/vBot_4.7/cavebot/walking.lua,35,onPlayerPositionChange
lua,modules/game_bot/default_configs/vBot_4.7/cavebot/stand_lure.lua,166,schedule
lua,modules/game_bot/default_configs/vBot_4.7/cavebot/stand_lure.lua,167,connect
lua,modules/game_bot/default_configs/vBot_4.7/cavebot/stand_lure.lua,168,onChildFocusChange
lua,modules/game_bot/default_configs/vBot_4.7/cavebot/minimap.lua,3,onMouseRelease
lua,modules/game_bot/default_configs/vBot_4.7/cavebot/minimap.lua,17,g_ui.
lua,modules/game_bot/default_configs/vBot_4.7/cavebot/clear_tile.lua,106,schedule
lua,modules/game_bot/default_configs/vBot_4.7/cavebot/recorder.lua,17,onPlayerPositionChange
lua,modules/game_bot/default_configs/vBot_4.7/cavebot/recorder.lua,31,onUse
lua,modules/game_bot/default_configs/vBot_4.7/cavebot/recorder.lua,39,onUseWith
lua,modules/game_bot/default_configs/vBot_4.7/cavebot/extension_template.lua,10,onTextChange
lua,modules/game_bot/default_configs/vBot_4.7/cavebot/extension_template.lua,35,onConfigChange
lua,modules/game_bot/default_configs/vBot_4.7/cavebot/extension_template.lua,43,onSave
lua,modules/game_bot/default_configs/vBot_4.7/cavebot/example_functions.lua,64,schedule
lua,modules/game_bot/default_configs/vBot_4.7/cavebot/cavebot.lua,117,onConfigChange
lua,modules/game_bot/default_configs/vBot_4.7/cavebot/cavebot.lua,118,onConfigChange
lua,modules/game_bot/default_configs/vBot_4.7/cavebot/cavebot.lua,128,onConfigChange
lua,modules/game_bot/default_configs/vBot_4.7/cavebot/cavebot.lua,143,onClick
lua,modules/game_bot/default_configs/vBot_4.7/cavebot/cavebot.lua,154,onClick
lua,modules/game_bot/default_configs/vBot_4.7/cavebot/cavebot.lua,434,onSave
lua,modules/game_bot/default_configs/vBot_4.7/cavebot/cavebot.lua,435,onSave
lua,modules/game_bot/default_configs/vBot_4.7/cavebot/tasker.lua,163,onTextMessage
lua,modules/game_bot/default_configs/vBot_4.7/vBot/hold_target.lua,6,onKeyPress
lua,modules/game_bot/default_configs/vBot_4.7/vBot/combo.lua,30,onSayEnabled
lua,modules/game_bot/default_configs/vBot_4.7/vBot/combo.lua,31,onShootEnabled
lua,modules/game_bot/default_configs/vBot_4.7/vBot/combo.lua,32,onCastEnabled
lua,modules/game_bot/default_configs/vBot_4.7/vBot/combo.lua,56,onClick
lua,modules/game_bot/default_configs/vBot_4.7/vBot/combo.lua,61,onClick
lua,modules/game_bot/default_configs/vBot_4.7/vBot/combo.lua,67,g_ui.
lua,modules/game_bot/default_configs/vBot_4.7/vBot/combo.lua,75,onItemChange
lua,modules/game_bot/default_configs/vBot_4.7/vBot/combo.lua,82,onClick
lua,modules/game_bot/default_configs/vBot_4.7/vBot/combo.lua,88,onClick
lua,modules/game_bot/default_configs/vBot_4.7/vBot/combo.lua,94,onClick
lua,modules/game_bot/default_configs/vBot_4.7/vBot/combo.lua,100,onClick
lua,modules/game_bot/default_configs/vBot_4.7/vBot/combo.lua,106,onClick
lua,modules/game_bot/default_configs/vBot_4.7/vBot/combo.lua,113,onOptionChange
lua,modules/game_bot/default_configs/vBot_4.7/vBot/combo.lua,118,onOptionChange
lua,modules/game_bot/default_configs/vBot_4.7/vBot/combo.lua,123,onSayToggle
lua,modules/game_bot/default_configs/vBot_4.7/vBot/combo.lua,124,onSayToggle
lua,modules/game_bot/default_configs/vBot_4.7/vBot/combo.lua,125,onSayEnabled
lua,modules/game_bot/default_configs/vBot_4.7/vBot/combo.lua,126,onSayEnabled
lua,modules/game_bot/default_configs/vBot_4.7/vBot/combo.lua,129,onShootToggle
lua,modules/game_bot/default_configs/vBot_4.7/vBot/combo.lua,130,onShootToggle
lua,modules/game_bot/default_configs/vBot_4.7/vBot/combo.lua,131,onShootEnabled
lua,modules/game_bot/default_configs/vBot_4.7/vBot/combo.lua,132,onShootEnabled
lua,modules/game_bot/default_configs/vBot_4.7/vBot/combo.lua,135,onCastToggle
lua,modules/game_bot/default_configs/vBot_4.7/vBot/combo.lua,136,onCastToggle
lua,modules/game_bot/default_configs/vBot_4.7/vBot/combo.lua,137,onCastEnabled
lua,modules/game_bot/default_configs/vBot_4.7/vBot/combo.lua,138,onCastEnabled
lua,modules/game_bot/default_configs/vBot_4.7/vBot/combo.lua,142,onClick
lua,modules/game_bot/default_configs/vBot_4.7/vBot/combo.lua,148,onClick
lua,modules/game_bot/default_configs/vBot_4.7/vBot/combo.lua,154,onClick
lua,modules/game_bot/default_configs/vBot_4.7/vBot/combo.lua,160,onClick
lua,modules/game_bot/default_configs/vBot_4.7/vBot/combo.lua,166,onSayLeader
lua,modules/game_bot/default_configs/vBot_4.7/vBot/combo.lua,167,onSayLeader
lua,modules/game_bot/default_configs/vBot_4.7/vBot/combo.lua,171,onShootLeader
lua,modules/game_bot/default_configs/vBot_4.7/vBot/combo.lua,172,onShootLeader
lua,modules/game_bot/default_configs/vBot_4.7/vBot/combo.lua,176,onCastLeader
lua,modules/game_bot/default_configs/vBot_4.7/vBot/combo.lua,177,onCastLeader
lua,modules/game_bot/default_configs/vBot_4.7/vBot/combo.lua,181,onSayPhrase
lua,modules/game_bot/default_configs/vBot_4.7/vBot/combo.lua,182,onSayPhrase
lua,modules/game_bot/default_configs/vBot_4.7/vBot/combo.lua,187,onTextChange
lua,modules/game_bot/default_configs/vBot_4.7/vBot/combo.lua,192,onTextChange
lua,modules/game_bot/default_configs/vBot_4.7/vBot/combo.lua,209,onClick
lua,modules/game_bot/default_configs/vBot_4.7/vBot/combo.lua,217,onClick
lua,modules/game_bot/default_configs/vBot_4.7/vBot/combo.lua,227,onTextMessage
lua,modules/game_bot/default_configs/vBot_4.7/vBot/combo.lua,247,onTalk
lua,modules/game_bot/default_configs/vBot_4.7/vBot/combo.lua,271,onSayEnabled
lua,modules/game_bot/default_configs/vBot_4.7/vBot/combo.lua,274,onCastEnabled
lua,modules/game_bot/default_configs/vBot_4.7/vBot/combo.lua,304,onMissle
lua,modules/game_bot/default_configs/vBot_4.7/vBot/combo.lua,305,onShootEnabled
lua,modules/game_bot/default_configs/vBot_4.7/vBot/combo.lua,366,onSayEnabled
lua,modules/game_bot/default_configs/vBot_4.7/vBot/combo.lua,368,onCastEnabled
lua,modules/game_bot/default_configs/vBot_4.7/vBot/combo.lua,370,onShootEnabled
lua,modules/game_bot/default_configs/vBot_4.7/vBot/combo.lua,388,onCreaturePositionChange
lua,modules/game_bot/default_configs/vBot_4.7/vBot/combo.lua,415,onUseWith
lua,modules/game_bot/default_configs/vBot_4.7/vBot/main.lua,28,schedule
lua,modules/game_bot/default_configs/vBot_4.7/vBot/HealBot.lua,173,onClick
lua,modules/game_bot/default_configs/vBot_4.7/vBot/HealBot.lua,179,onClick
lua,modules/game_bot/default_configs/vBot_4.7/vBot/HealBot.lua,185,g_ui.
lua,modules/game_bot/default_configs/vBot_4.7/vBot/HealBot.lua,190,onVisibilityChange
lua,modules/game_bot/default_configs/vBot_4.7/vBot/HealBot.lua,199,onClick
lua,modules/game_bot/default_configs/vBot_4.7/vBot/HealBot.lua,214,onTextChange
lua,modules/game_bot/default_configs/vBot_4.7/vBot/HealBot.lua,218,onClick
lua,modules/game_bot/default_configs/vBot_4.7/vBot/HealBot.lua,222,onClick
lua,modules/game_bot/default_configs/vBot_4.7/vBot/HealBot.lua,226,onClick
lua,modules/game_bot/default_configs/vBot_4.7/vBot/HealBot.lua,230,onClick
lua,modules/game_bot/default_configs/vBot_4.7/vBot/HealBot.lua,234,onClick
lua,modules/game_bot/default_configs/vBot_4.7/vBot/HealBot.lua,238,onClick
lua,modules/game_bot/default_configs/vBot_4.7/vBot/HealBot.lua,249,onClick
lua,modules/game_bot/default_configs/vBot_4.7/vBot/HealBot.lua,255,onClick
lua,modules/game_bot/default_configs/vBot_4.7/vBot/HealBot.lua,274,onClick
lua,modules/game_bot/default_configs/vBot_4.7/vBot/HealBot.lua,280,onClick
lua,modules/game_bot/default_configs/vBot_4.7/vBot/HealBot.lua,294,onClick
lua,modules/game_bot/default_configs/vBot_4.7/vBot/HealBot.lua,307,onClick
lua,modules/game_bot/default_configs/vBot_4.7/vBot/HealBot.lua,320,onClick
lua,modules/game_bot/default_configs/vBot_4.7/vBot/HealBot.lua,333,onClick
lua,modules/game_bot/default_configs/vBot_4.7/vBot/HealBot.lua,346,onClick
lua,modules/game_bot/default_configs/vBot_4.7/vBot/HealBot.lua,402,onClick
lua,modules/game_bot/default_configs/vBot_4.7/vBot/HealBot.lua,448,onClick
lua,modules/game_bot/default_configs/vBot_4.7/vBot/HealBot.lua,490,onClick
lua,modules/game_bot/default_configs/vBot_4.7/vBot/HealBot.lua,496,onClick
lua,modules/game_bot/default_configs/vBot_4.7/vBot/HealBot.lua,704,onPlayerHealthChange
lua,modules/game_bot/default_configs/vBot_4.7/vBot/HealBot.lua,709,onManaChange
lua,modules/game_bot/default_configs/vBot_4.7/vBot/pushmax.lua,42,onClick
lua,modules/game_bot/default_configs/vBot_4.7/vBot/pushmax.lua,47,onClick
lua,modules/game_bot/default_configs/vBot_4.7/vBot/pushmax.lua,53,g_ui.
lua,modules/game_bot/default_configs/vBot_4.7/vBot/pushmax.lua,58,onClick
lua,modules/game_bot/default_configs/vBot_4.7/vBot/pushmax.lua,66,onValueChange
lua,modules/game_bot/default_configs/vBot_4.7/vBot/pushmax.lua,72,onItemChange
lua,modules/game_bot/default_configs/vBot_4.7/vBot/pushmax.lua,76,onItemChange
lua,modules/game_bot/default_configs/vBot_4.7/vBot/pushmax.lua,81,onTextChange
lua,modules/game_bot/default_configs/vBot_4.7/vBot/pushmax.lua,137,onKeyDown
lua,modules/game_bot/default_configs/vBot_4.7/vBot/pushmax.lua,166,onKeyPress
lua,modules/game_bot/default_configs/vBot_4.7/vBot/pushmax.lua,183,onCreaturePositionChange
lua,modules/game_bot/default_configs/vBot_4.7/vBot/pushmax.lua,262,schedule
lua,modules/game_bot/default_configs/vBot_4.7/vBot/new_cavebot_lib.lua,500,schedule
lua,modules/game_bot/default_configs/vBot_4.7/vBot/depot_withdraw.lua,21,schedule
lua,modules/game_bot/default_configs/vBot_4.7/vBot/alarms.lua,49,onClick
lua,modules/game_bot/default_configs/vBot_4.7/vBot/alarms.lua,58,g_ui.
lua,modules/game_bot/default_configs/vBot_4.7/vBot/alarms.lua,63,onClick
lua,modules/game_bot/default_configs/vBot_4.7/vBot/alarms.lua,68,onClick
lua,modules/game_bot/default_configs/vBot_4.7/vBot/alarms.lua,74,onClick
lua,modules/game_bot/default_configs/vBot_4.7/vBot/alarms.lua,80,onClick
lua,modules/game_bot/default_configs/vBot_4.7/vBot/alarms.lua,86,onClick
lua,modules/game_bot/default_configs/vBot_4.7/vBot/alarms.lua,92,onClick
lua,modules/game_bot/default_configs/vBot_4.7/vBot/alarms.lua,97,onValueChange
lua,modules/game_bot/default_configs/vBot_4.7/vBot/alarms.lua,104,onClick
lua,modules/game_bot/default_configs/vBot_4.7/vBot/alarms.lua,109,onValueChange
lua,modules/game_bot/default_configs/vBot_4.7/vBot/alarms.lua,116,onClick
lua,modules/game_bot/default_configs/vBot_4.7/vBot/alarms.lua,122,onClick
lua,modules/game_bot/default_configs/vBot_4.7/vBot/alarms.lua,128,onClick
lua,modules/game_bot/default_configs/vBot_4.7/vBot/alarms.lua,134,onTextChange
lua,modules/game_bot/default_configs/vBot_4.7/vBot/alarms.lua,139,onClick
lua,modules/game_bot/default_configs/vBot_4.7/vBot/alarms.lua,145,onTextChange
lua,modules/game_bot/default_configs/vBot_4.7/vBot/alarms.lua,150,onTextMessage
lua,modules/game_bot/default_configs/vBot_4.7/vBot/alarms.lua,259,onTalk
lua,modules/game_bot/default_configs/vBot_4.7/vBot/alarms.lua,268,onClick
lua,modules/game_bot/default_configs/vBot_4.7/vBot/playerlist.lua,135,g_ui.
lua,modules/game_bot/default_configs/vBot_4.7/vBot/playerlist.lua,148,onClick
lua,modules/game_bot/default_configs/vBot_4.7/vBot/playerlist.lua,157,onClick
lua,modules/game_bot/default_configs/vBot_4.7/vBot/playerlist.lua,163,onClick
lua,modules/game_bot/default_configs/vBot_4.7/vBot/playerlist.lua,168,onClick
lua,modules/game_bot/default_configs/vBot_4.7/vBot/playerlist.lua,174,onClick
lua,modules/game_bot/default_configs/vBot_4.7/vBot/playerlist.lua,184,g_ui.
lua,modules/game_bot/default_configs/vBot_4.7/vBot/playerlist.lua,200,onClick
lua,modules/game_bot/default_configs/vBot_4.7/vBot/playerlist.lua,206,onMouseRelease
lua,modules/game_bot/default_configs/vBot_4.7/vBot/playerlist.lua,210,g_ui.
lua,modules/game_bot/default_configs/vBot_4.7/vBot/playerlist.lua,229,onStyleApply
lua,modules/game_bot/default_configs/vBot_4.7/vBot/playerlist.lua,236,onClick
lua,modules/game_bot/default_configs/vBot_4.7/vBot/playerlist.lua,253,onClick
lua,modules/game_bot/default_configs/vBot_4.7/vBot/playerlist.lua,257,onMouseRelease
lua,modules/game_bot/default_configs/vBot_4.7/vBot/playerlist.lua,261,g_ui.
lua,modules/game_bot/default_configs/vBot_4.7/vBot/playerlist.lua,288,onKeyPress
lua,modules/game_bot/default_configs/vBot_4.7/vBot/playerlist.lua,292,onClick
lua,modules/game_bot/default_configs/vBot_4.7/vBot/playerlist.lua,303,onClick
lua,modules/game_bot/default_configs/vBot_4.7/vBot/playerlist.lua,307,onMouseRelease
lua,modules/game_bot/default_configs/vBot_4.7/vBot/playerlist.lua,311,g_ui.
lua,modules/game_bot/default_configs/vBot_4.7/vBot/playerlist.lua,330,onTextMessage
lua,modules/game_bot/default_configs/vBot_4.7/vBot/playerlist.lua,341,onCreatureAppear
lua,modules/game_bot/default_configs/vBot_4.7/vBot/playerlist.lua,345,onPlayerPositionChange
lua,modules/game_bot/default_configs/vBot_4.7/vBot/playerlist.lua,347,schedule
lua,modules/game_bot/default_configs/vBot_4.7/vBot/extras.lua,13,onClick
lua,modules/game_bot/default_configs/vBot_4.7/vBot/extras.lua,17,onGeometryChange
lua,modules/game_bot/default_configs/vBot_4.7/vBot/extras.lua,32,onClick
lua,modules/game_bot/default_configs/vBot_4.7/vBot/extras.lua,62,onItemChange
lua,modules/game_bot/default_configs/vBot_4.7/vBot/extras.lua,73,onTextChange
lua,modules/game_bot/default_configs/vBot_4.7/vBot/extras.lua,82,onValueChange
lua,modules/game_bot/default_configs/vBot_4.7/vBot/extras.lua,97,onValueChange
lua,modules/game_bot/default_configs/vBot_4.7/vBot/extras.lua,156,onTalk
lua,modules/game_bot/default_configs/vBot_4.7/vBot/extras.lua,219,onAddThing
lua,modules/game_bot/default_configs/vBot_4.7/vBot/extras.lua,240,onRemoveThing
lua,modules/game_bot/default_configs/vBot_4.7/vBot/extras.lua,260,schedule
lua,modules/game_bot/default_configs/vBot_4.7/vBot/extras.lua,298,onTalk
lua,modules/game_bot/default_configs/vBot_4.7/vBot/extras.lua,343,onKeyPress
lua,modules/game_bot/default_configs/vBot_4.7/vBot/extras.lua,376,onTextMessage
lua,modules/game_bot/default_configs/vBot_4.7/vBot/extras.lua,388,schedule
lua,modules/game_bot/default_configs/vBot_4.7/vBot/extras.lua,404,onUseWith
lua,modules/game_bot/default_configs/vBot_4.7/vBot/extras.lua,406,schedule
lua,modules/game_bot/default_configs/vBot_4.7/vBot/extras.lua,462,onRemoveThing
lua,modules/game_bot/default_configs/vBot_4.7/vBot/extras.lua,474,onAddThing
lua,modules/game_bot/default_configs/vBot_4.7/vBot/extras.lua,483,onKeyDown
lua,modules/game_bot/default_configs/vBot_4.7/vBot/extras.lua,506,onKeyPress
lua,modules/game_bot/default_configs/vBot_4.7/vBot/extras.lua,537,schedule
lua,modules/game_bot/default_configs/vBot_4.7/vBot/extras.lua,542,onPlayerPositionChange
lua,modules/game_bot/default_configs/vBot_4.7/vBot/extras.lua,545,schedule
lua,modules/game_bot/default_configs/vBot_4.7/vBot/extras.lua,549,onCreatureAppear
lua,modules/game_bot/default_configs/vBot_4.7/vBot/extras.lua,558,onTextMessage
lua,modules/game_bot/default_configs/vBot_4.7/vBot/extras.lua,612,onContainerOpen
lua,modules/game_bot/default_configs/vBot_4.7/vBot/extras.lua,613,schedule
lua,modules/game_bot/default_configs/vBot_4.7/vBot/extras.lua,618,onAddItem
lua,modules/game_bot/default_configs/vBot_4.7/vBot/extras.lua,619,schedule
lua,modules/game_bot/default_configs/vBot_4.7/vBot/extras.lua,630,schedule
lua,modules/game_bot/default_configs/vBot_4.7/vBot/extras.lua,634,onAttackingCreatureChange
lua,modules/game_bot/default_configs/vBot_4.7/vBot/antiRs.lua,17,onTextMessage
lua,modules/game_bot/default_configs/vBot_4.7/vBot/antiRs.lua,23,schedule
lua,modules/game_bot/default_configs/vBot_4.7/vBot/configs.lua,36,onError
lua,modules/game_bot/default_configs/vBot_4.7/vBot/configs.lua,47,onError
lua,modules/game_bot/default_configs/vBot_4.7/vBot/configs.lua,58,onError
lua,modules/game_bot/default_configs/vBot_4.7/vBot/configs.lua,89,onError
lua,modules/game_bot/default_configs/vBot_4.7/vBot/configs.lua,93,onError
lua,modules/game_bot/default_configs/vBot_4.7/vBot/spy_level.lua,11,onPlayerPositionChange
lua,modules/game_bot/default_configs/vBot_4.7/vBot/spy_level.lua,16,onKeyPress
lua,modules/game_bot/default_configs/vBot_4.7/vBot/vlib.lua,21,onPlayerPositionChange
lua,modules/game_bot/default_configs/vBot_4.7/vBot/vlib.lua,30,g_ui.
lua,modules/game_bot/default_configs/vBot_4.7/vBot/vlib.lua,36,schedule
lua,modules/game_bot/default_configs/vBot_4.7/vBot/vlib.lua,49,onTextMessage
lua,modules/game_bot/default_configs/vBot_4.7/vBot/vlib.lua,61,schedule
lua,modules/game_bot/default_configs/vBot_4.7/vBot/vlib.lua,95,schedule
lua,modules/game_bot/default_configs/vBot_4.7/vBot/vlib.lua,96,schedule
lua,modules/game_bot/default_configs/vBot_4.7/vBot/vlib.lua,97,schedule
lua,modules/game_bot/default_configs/vBot_4.7/vBot/vlib.lua,100,schedule
lua,modules/game_bot/default_configs/vBot_4.7/vBot/vlib.lua,233,onTalk
lua,modules/game_bot/default_configs/vBot_4.7/vBot/vlib.lua,239,schedule
lua,modules/game_bot/default_configs/vBot_4.7/vBot/vlib.lua,244,connect
lua,modules/game_bot/default_configs/vBot_4.7/vBot/vlib.lua,249,onTalk
lua,modules/game_bot/default_configs/vBot_4.7/vBot/vlib.lua,303,onTalk
lua,modules/game_bot/default_configs/vBot_4.7/vBot/vlib.lua,309,onSpellCooldown
lua,modules/game_bot/default_configs/vBot_4.7/vBot/vlib.lua,310,onSpellCooldown
lua,modules/game_bot/default_configs/vBot_4.7/vBot/vlib.lua,311,schedule
lua,modules/game_bot/default_configs/vBot_4.7/vBot/vlib.lua,318,onGroupSpellCooldown
lua,modules/game_bot/default_configs/vBot_4.7/vBot/vlib.lua,319,schedule
lua,modules/game_bot/default_configs/vBot_4.7/vBot/vlib.lua,390,onUse
lua,modules/game_bot/default_configs/vBot_4.7/vBot/vlib.lua,401,onUseWith
lua,modules/game_bot/default_configs/vBot_4.7/vBot/vlib.lua,701,onSame
lua,modules/game_bot/default_configs/vBot_4.7/vBot/vlib.lua,702,onAnother
lua,modules/game_bot/default_configs/vBot_4.7/vBot/vlib.lua,713,onSame
lua,modules/game_bot/default_configs/vBot_4.7/vBot/vlib.lua,717,onAnother
lua,modules/game_bot/default_configs/vBot_4.7/vBot/vlib.lua,722,onSame
lua,modules/game_bot/default_configs/vBot_4.7/vBot/vlib.lua,908,schedule
lua,modules/game_bot/default_configs/vBot_4.7/vBot/vlib.lua,911,schedule
lua,modules/game_bot/default_configs/vBot_4.7/vBot/xeno_menu.lua,1,onMouseRelease
lua,modules/game_bot/default_configs/vBot_4.7/vBot/xeno_menu.lua,5,g_ui.
lua,modules/game_bot/default_configs/vBot_4.7/vBot/Equipper.lua,36,onClick
lua,modules/game_bot/default_configs/vBot_4.7/vBot/Equipper.lua,66,onClick
lua,modules/game_bot/default_configs/vBot_4.7/vBot/Equipper.lua,143,onClick
lua,modules/game_bot/default_configs/vBot_4.7/vBot/Equipper.lua,149,onOptionChange
lua,modules/game_bot/default_configs/vBot_4.7/vBot/Equipper.lua,162,onClick
lua,modules/game_bot/default_configs/vBot_4.7/vBot/Equipper.lua,187,onClick
lua,modules/game_bot/default_configs/vBot_4.7/vBot/Equipper.lua,212,onClick
lua,modules/game_bot/default_configs/vBot_4.7/vBot/Equipper.lua,229,onClick
lua,modules/game_bot/default_configs/vBot_4.7/vBot/Equipper.lua,246,onClick
lua,modules/game_bot/default_configs/vBot_4.7/vBot/Equipper.lua,260,onClick
lua,modules/game_bot/default_configs/vBot_4.7/vBot/Equipper.lua,274,onClick
lua,modules/game_bot/default_configs/vBot_4.7/vBot/Equipper.lua,286,onClick
lua,modules/game_bot/default_configs/vBot_4.7/vBot/Equipper.lua,295,onItemChange
lua,modules/game_bot/default_configs/vBot_4.7/vBot/Equipper.lua,302,onMouseRelease
lua,modules/game_bot/default_configs/vBot_4.7/vBot/Equipper.lua,313,onMouseWheel
lua,modules/game_bot/default_configs/vBot_4.7/vBot/Equipper.lua,315,onClick
lua,modules/game_bot/default_configs/vBot_4.7/vBot/Equipper.lua,317,onClick
lua,modules/game_bot/default_configs/vBot_4.7/vBot/Equipper.lua,321,onMouseWheel
lua,modules/game_bot/default_configs/vBot_4.7/vBot/Equipper.lua,323,onClick
lua,modules/game_bot/default_configs/vBot_4.7/vBot/Equipper.lua,325,onClick
lua,modules/game_bot/default_configs/vBot_4.7/vBot/Equipper.lua,329,onTextChange
lua,modules/game_bot/default_configs/vBot_4.7/vBot/Equipper.lua,371,onClick
lua,modules/game_bot/default_configs/vBot_4.7/vBot/Equipper.lua,379,onClick
lua,modules/game_bot/default_configs/vBot_4.7/vBot/Equipper.lua,384,onClick
lua,modules/game_bot/default_configs/vBot_4.7/vBot/Equipper.lua,388,onHoverChange
lua,modules/game_bot/default_configs/vBot_4.7/vBot/Equipper.lua,394,onDoubleClick
lua,modules/game_bot/default_configs/vBot_4.7/vBot/Equipper.lua,417,onClick
lua,modules/game_bot/default_configs/vBot_4.7/vBot/Equipper.lua,437,onClick
lua,modules/game_bot/default_configs/vBot_4.7/vBot/Equipper.lua,526,onClick
lua,modules/game_bot/default_configs/vBot_4.7/vBot/Equipper.lua,543,onClick
lua,modules/game_bot/default_configs/vBot_4.7/vBot/Equipper.lua,549,onClick
lua,modules/game_bot/default_configs/vBot_4.7/vBot/Equipper.lua,560,onClick
lua,modules/game_bot/default_configs/vBot_4.7/vBot/depositer_config.lua,23,onClick
lua,modules/game_bot/default_configs/vBot_4.7/vBot/depositer_config.lua,28,onGeometryChange
lua,modules/game_bot/default_configs/vBot_4.7/vBot/depositer_config.lua,41,g_ui.
lua,modules/game_bot/default_configs/vBot_4.7/vBot/depositer_config.lua,46,onDoubleClick
lua,modules/game_bot/default_configs/vBot_4.7/vBot/depositer_config.lua,56,onItemChange
lua,modules/game_bot/default_configs/vBot_4.7/vBot/depositer_config.lua,78,schedule
lua,modules/game_bot/default_configs/vBot_4.7/vBot/depositer_config.lua,89,onClick
lua,modules/game_bot/default_configs/vBot_4.7/vBot/depositer_config.lua,96,schedule
lua,modules/game_bot/default_configs/vBot_4.7/vBot/depositer_config.lua,101,onTextChange
lua,modules/game_bot/default_configs/vBot_4.7/vBot/depositer_config.lua,112,onDoubleClick
lua,modules/game_bot/default_configs/vBot_4.7/vBot/quiver_manager.lua,8,onContainerOpen
lua,modules/game_bot/default_configs/vBot_4.7/vBot/quiver_manager.lua,12,onContainerClose
lua,modules/game_bot/default_configs/vBot_4.7/vBot/quiver_manager.lua,16,onAddItem
lua,modules/game_bot/default_configs/vBot_4.7/vBot/quiver_manager.lua,20,onRemoveItem
lua,modules/game_bot/default_configs/vBot_4.7/vBot/quiver_manager.lua,24,onContainerUpdateItem
lua,modules/game_bot/default_configs/vBot_4.7/vBot/new_healer.lua,79,onClick
lua,modules/game_bot/default_configs/vBot_4.7/vBot/new_healer.lua,84,onClick
lua,modules/game_bot/default_configs/vBot_4.7/vBot/new_healer.lua,99,onClick
lua,modules/game_bot/default_configs/vBot_4.7/vBot/new_healer.lua,106,onDoubleClick
lua,modules/game_bot/default_configs/vBot_4.7/vBot/new_healer.lua,120,onClick
lua,modules/game_bot/default_configs/vBot_4.7/vBot/new_healer.lua,144,onClick
lua,modules/game_bot/default_configs/vBot_4.7/vBot/new_healer.lua,186,onClick
lua,modules/game_bot/default_configs/vBot_4.7/vBot/new_healer.lua,193,onClick
lua,modules/game_bot/default_configs/vBot_4.7/vBot/new_healer.lua,200,onClick
lua,modules/game_bot/default_configs/vBot_4.7/vBot/new_healer.lua,207,onClick
lua,modules/game_bot/default_configs/vBot_4.7/vBot/new_healer.lua,214,onClick
lua,modules/game_bot/default_configs/vBot_4.7/vBot/new_healer.lua,221,onClick
lua,modules/game_bot/default_configs/vBot_4.7/vBot/new_healer.lua,228,onClick
lua,modules/game_bot/default_configs/vBot_4.7/vBot/new_healer.lua,235,onClick
lua,modules/game_bot/default_configs/vBot_4.7/vBot/new_healer.lua,258,onValueChange
lua,modules/game_bot/default_configs/vBot_4.7/vBot/new_healer.lua,271,onItemChange
lua,modules/game_bot/default_configs/vBot_4.7/vBot/new_healer.lua,297,onClick
lua,modules/game_bot/default_configs/vBot_4.7/vBot/new_healer.lua,305,onClick
lua,modules/game_bot/default_configs/vBot_4.7/vBot/new_healer.lua,315,onClick
lua,modules/game_bot/default_configs/vBot_4.7/vBot/new_healer.lua,322,onDoubleClick
lua,modules/game_bot/default_configs/vBot_4.7/vBot/new_healer.lua,324,schedule
lua,modules/game_bot/default_configs/vBot_4.7/vBot/new_healer.lua,329,onTextChange
lua,modules/game_bot/default_configs/vBot_4.7/vBot/BotServer.lua,39,g_ui.
lua,modules/game_bot/default_configs/vBot_4.7/vBot/BotServer.lua,41,g_ui.
lua,modules/game_bot/default_configs/vBot_4.7/vBot/BotServer.lua,46,onTextChange
lua,modules/game_bot/default_configs/vBot_4.7/vBot/BotServer.lua,49,onClick
lua,modules/game_bot/default_configs/vBot_4.7/vBot/BotServer.lua,54,onClick
lua,modules/game_bot/default_configs/vBot_4.7/vBot/BotServer.lua,59,onClick
lua,modules/game_bot/default_configs/vBot_4.7/vBot/BotServer.lua,64,onClick
lua,modules/game_bot/default_configs/vBot_4.7/vBot/BotServer.lua,72,onClick
lua,modules/game_bot/default_configs/vBot_4.7/vBot/BotServer.lua,77,onClick
lua,modules/game_bot/default_configs/vBot_4.7/vBot/BotServer.lua,81,onClick
lua,modules/game_bot/default_configs/vBot_4.7/vBot/BotServer.lua,128,onClick
lua,modules/game_bot/default_configs/vBot_4.7/vBot/BotServer.lua,134,onClick
lua,modules/game_bot/default_configs/vBot_4.7/vBot/BotServer.lua,150,onAddThing
lua,modules/game_bot/default_configs/vBot_4.7/vBot/quiver_label.lua,4,g_ui.
lua,modules/game_bot/default_configs/vBot_4.7/vBot/quiver_label.lua,40,onContainerOpen
lua,modules/game_bot/default_configs/vBot_4.7/vBot/quiver_label.lua,44,onContainerClose
lua,modules/game_bot/default_configs/vBot_4.7/vBot/quiver_label.lua,48,onAddItem
lua,modules/game_bot/default_configs/vBot_4.7/vBot/quiver_label.lua,52,onRemoveItem
lua,modules/game_bot/default_configs/vBot_4.7/vBot/quiver_label.lua,56,onContainerUpdateItem
lua,modules/game_bot/default_configs/vBot_4.7/vBot/AttackBot.lua,611,onClick
lua,modules/game_bot/default_configs/vBot_4.7/vBot/AttackBot.lua,617,onClick
lua,modules/game_bot/default_configs/vBot_4.7/vBot/AttackBot.lua,629,onVisibilityChange
lua,modules/game_bot/default_configs/vBot_4.7/vBot/AttackBot.lua,651,onClick
lua,modules/game_bot/default_configs/vBot_4.7/vBot/AttackBot.lua,674,onClick
lua,modules/game_bot/default_configs/vBot_4.7/vBot/AttackBot.lua,688,onClick
lua,modules/game_bot/default_configs/vBot_4.7/vBot/AttackBot.lua,702,onClick
lua,modules/game_bot/default_configs/vBot_4.7/vBot/AttackBot.lua,705,onClick
lua,modules/game_bot/default_configs/vBot_4.7/vBot/AttackBot.lua,708,onClick
lua,modules/game_bot/default_configs/vBot_4.7/vBot/AttackBot.lua,717,onClick
lua,modules/game_bot/default_configs/vBot_4.7/vBot/AttackBot.lua,739,onClick
lua,modules/game_bot/default_configs/vBot_4.7/vBot/AttackBot.lua,745,onClick
lua,modules/game_bot/default_configs/vBot_4.7/vBot/AttackBot.lua,750,onDoubleClick
lua,modules/game_bot/default_configs/vBot_4.7/vBot/AttackBot.lua,768,onClick
lua,modules/game_bot/default_configs/vBot_4.7/vBot/AttackBot.lua,802,onClick
lua,modules/game_bot/default_configs/vBot_4.7/vBot/AttackBot.lua,859,onClick
lua,modules/game_bot/default_configs/vBot_4.7/vBot/AttackBot.lua,871,onClick
lua,modules/game_bot/default_configs/vBot_4.7/vBot/AttackBot.lua,884,onTextChange
lua,modules/game_bot/default_configs/vBot_4.7/vBot/AttackBot.lua,888,onClick
lua,modules/game_bot/default_configs/vBot_4.7/vBot/AttackBot.lua,892,onClick
lua,modules/game_bot/default_configs/vBot_4.7/vBot/AttackBot.lua,896,onClick
lua,modules/game_bot/default_configs/vBot_4.7/vBot/AttackBot.lua,900,onClick
lua,modules/game_bot/default_configs/vBot_4.7/vBot/AttackBot.lua,904,onClick
lua,modules/game_bot/default_configs/vBot_4.7/vBot/AttackBot.lua,908,onClick
lua,modules/game_bot/default_configs/vBot_4.7/vBot/AttackBot.lua,912,onClick
lua,modules/game_bot/default_configs/vBot_4.7/vBot/AttackBot.lua,916,onClick
lua,modules/game_bot/default_configs/vBot_4.7/vBot/AttackBot.lua,920,onClick
lua,modules/game_bot/default_configs/vBot_4.7/vBot/AttackBot.lua,924,onValueChange
lua,modules/game_bot/default_configs/vBot_4.7/vBot/AttackBot.lua,927,onValueChange
lua,modules/game_bot/default_configs/vBot_4.7/vBot/AttackBot.lua,933,onClick
lua,modules/game_bot/default_configs/vBot_4.7/vBot/AttackBot.lua,1004,onClick
lua,modules/game_bot/default_configs/vBot_4.7/vBot/Dropper.lua,88,onClick
lua,modules/game_bot/default_configs/vBot_4.7/vBot/Dropper.lua,98,onClick
lua,modules/game_bot/default_configs/vBot_4.7/vBot/npc_talk.lua,1,onAttackingCreatureChange
lua,modules/game_bot/default_configs/vBot_4.7/vBot/Containers.lua,98,g_ui.
lua,modules/game_bot/default_configs/vBot_4.7/vBot/Containers.lua,150,onEscape
lua,modules/game_bot/default_configs/vBot_4.7/vBot/Containers.lua,361,schedule
lua,modules/game_bot/default_configs/vBot_4.7/vBot/Containers.lua,371,schedule
lua,modules/game_bot/default_configs/vBot_4.7/vBot/Containers.lua,380,g_ui.
lua,modules/game_bot/default_configs/vBot_4.7/vBot/Containers.lua,385,onGeometryChange
lua,modules/game_bot/default_configs/vBot_4.7/vBot/Containers.lua,393,onClick
lua,modules/game_bot/default_configs/vBot_4.7/vBot/Containers.lua,399,onClick
lua,modules/game_bot/default_configs/vBot_4.7/vBot/Containers.lua,403,onClick
lua,modules/game_bot/default_configs/vBot_4.7/vBot/Containers.lua,411,onClick
lua,modules/game_bot/default_configs/vBot_4.7/vBot/Containers.lua,416,onClick
lua,modules/game_bot/default_configs/vBot_4.7/vBot/Containers.lua,420,onClick
lua,modules/game_bot/default_configs/vBot_4.7/vBot/Containers.lua,426,onClick
lua,modules/game_bot/default_configs/vBot_4.7/vBot/Containers.lua,432,onClick
lua,modules/game_bot/default_configs/vBot_4.7/vBot/Containers.lua,438,onClick
lua,modules/game_bot/default_configs/vBot_4.7/vBot/Containers.lua,461,g_ui.
lua,modules/game_bot/default_configs/vBot_4.7/vBot/Containers.lua,462,onMouseRelease
lua,modules/game_bot/default_configs/vBot_4.7/vBot/Containers.lua,471,onClick
lua,modules/game_bot/default_configs/vBot_4.7/vBot/Containers.lua,477,onClick
lua,modules/game_bot/default_configs/vBot_4.7/vBot/Containers.lua,482,onClick
lua,modules/game_bot/default_configs/vBot_4.7/vBot/Containers.lua,488,onClick
lua,modules/game_bot/default_configs/vBot_4.7/vBot/Containers.lua,508,onClick
lua,modules/game_bot/default_configs/vBot_4.7/vBot/Containers.lua,534,onContainerOpen
lua,modules/game_bot/default_configs/vBot_4.7/vBot/Containers.lua,555,schedule
lua,modules/game_bot/default_configs/vBot_4.7/vBot/Containers.lua,658,onContainerOpen
lua,modules/game_bot/default_configs/vBot_4.7/vBot/Containers.lua,662,onAddItem
lua,modules/game_bot/default_configs/vBot_4.7/vBot/Containers.lua,666,onPlayerInventoryChange
lua,modules/game_bot/default_configs/vBot_4.7/vBot/Containers.lua,670,onContainerClose
lua,modules/game_bot/default_configs/vBot_4.7/vBot/Conditions.lua,61,onClick
lua,modules/game_bot/default_configs/vBot_4.7/vBot/Conditions.lua,67,onClick
lua,modules/game_bot/default_configs/vBot_4.7/vBot/Conditions.lua,75,g_ui.
lua,modules/game_bot/default_configs/vBot_4.7/vBot/Conditions.lua,81,onVisibilityChange
lua,modules/game_bot/default_configs/vBot_4.7/vBot/Conditions.lua,89,onTextChange
lua,modules/game_bot/default_configs/vBot_4.7/vBot/Conditions.lua,94,onTextChange
lua,modules/game_bot/default_configs/vBot_4.7/vBot/Conditions.lua,99,onTextChange
lua,modules/game_bot/default_configs/vBot_4.7/vBot/Conditions.lua,104,onTextChange
lua,modules/game_bot/default_configs/vBot_4.7/vBot/Conditions.lua,109,onTextChange
lua,modules/game_bot/default_configs/vBot_4.7/vBot/Conditions.lua,114,onTextChange
lua,modules/game_bot/default_configs/vBot_4.7/vBot/Conditions.lua,119,onTextChange
lua,modules/game_bot/default_configs/vBot_4.7/vBot/Conditions.lua,124,onTextChange
lua,modules/game_bot/default_configs/vBot_4.7/vBot/Conditions.lua,129,onTextChange
lua,modules/game_bot/default_configs/vBot_4.7/vBot/Conditions.lua,134,onTextChange
lua,modules/game_bot/default_configs/vBot_4.7/vBot/Conditions.lua,139,onTextChange
lua,modules/game_bot/default_configs/vBot_4.7/vBot/Conditions.lua,144,onTextChange
lua,modules/game_bot/default_configs/vBot_4.7/vBot/Conditions.lua,150,onOptionChange
lua,modules/game_bot/default_configs/vBot_4.7/vBot/Conditions.lua,156,onClick
lua,modules/game_bot/default_configs/vBot_4.7/vBot/Conditions.lua,162,onClick
lua,modules/game_bot/default_configs/vBot_4.7/vBot/Conditions.lua,168,onClick
lua,modules/game_bot/default_configs/vBot_4.7/vBot/Conditions.lua,174,onClick
lua,modules/game_bot/default_configs/vBot_4.7/vBot/Conditions.lua,180,onClick
lua,modules/game_bot/default_configs/vBot_4.7/vBot/Conditions.lua,186,onClick
lua,modules/game_bot/default_configs/vBot_4.7/vBot/Conditions.lua,192,onClick
lua,modules/game_bot/default_configs/vBot_4.7/vBot/Conditions.lua,198,onClick
lua,modules/game_bot/default_configs/vBot_4.7/vBot/Conditions.lua,204,onClick
lua,modules/game_bot/default_configs/vBot_4.7/vBot/Conditions.lua,210,onClick
lua,modules/game_bot/default_configs/vBot_4.7/vBot/Conditions.lua,216,onClick
lua,modules/game_bot/default_configs/vBot_4.7/vBot/Conditions.lua,222,onClick
lua,modules/game_bot/default_configs/vBot_4.7/vBot/Conditions.lua,228,onClick
lua,modules/game_bot/default_configs/vBot_4.7/vBot/cavebot_control_panel.lua,3,g_ui.
lua,modules/game_bot/default_configs/vBot_4.7/vBot/Sio.lua,50,onClick
lua,modules/game_bot/default_configs/vBot_4.7/vBot/Sio.lua,54,onClick
lua,modules/game_bot/default_configs/vBot_4.7/vBot/Sio.lua,60,g_ui.
lua,modules/game_bot/default_configs/vBot_4.7/vBot/Sio.lua,67,onTextChange
lua,modules/game_bot/default_configs/vBot_4.7/vBot/Sio.lua,73,onClick
lua,modules/game_bot/default_configs/vBot_4.7/vBot/Sio.lua,78,onClick
lua,modules/game_bot/default_configs/vBot_4.7/vBot/Sio.lua,83,onClick
lua,modules/game_bot/default_configs/vBot_4.7/vBot/Sio.lua,88,onClick
lua,modules/game_bot/default_configs/vBot_4.7/vBot/Sio.lua,93,onClick
lua,modules/game_bot/default_configs/vBot_4.7/vBot/Sio.lua,98,onClick
lua,modules/game_bot/default_configs/vBot_4.7/vBot/Sio.lua,103,onClick
lua,modules/game_bot/default_configs/vBot_4.7/vBot/Sio.lua,108,onClick
lua,modules/game_bot/default_configs/vBot_4.7/vBot/Sio.lua,113,onClick
lua,modules/game_bot/default_configs/vBot_4.7/vBot/Sio.lua,131,onValueChange
lua,modules/game_bot/default_configs/vBot_4.7/vBot/Sio.lua,138,onValueChange
lua,modules/game_bot/default_configs/vBot_4.7/vBot/Sio.lua,145,onValueChange
lua,modules/game_bot/default_configs/vBot_4.7/vBot/Sio.lua,152,onItemChange
lua,modules/game_bot/default_configs/vBot_4.7/vBot/Sio.lua,156,onClick
lua,modules/game_bot/default_configs/vBot_4.7/vBot/analyzer.lua,79,g_ui.
lua,modules/game_bot/default_configs/vBot_4.7/vBot/analyzer.lua,190,onClick
lua,modules/game_bot/default_configs/vBot_4.7/vBot/analyzer.lua,193,onClose
lua,modules/game_bot/default_configs/vBot_4.7/vBot/analyzer.lua,196,onClick
lua,modules/game_bot/default_configs/vBot_4.7/vBot/analyzer.lua,199,onClick
lua,modules/game_bot/default_configs/vBot_4.7/vBot/analyzer.lua,202,onClick
lua,modules/game_bot/default_configs/vBot_4.7/vBot/analyzer.lua,205,onClick
lua,modules/game_bot/default_configs/vBot_4.7/vBot/analyzer.lua,208,onClick
lua,modules/game_bot/default_configs/vBot_4.7/vBot/analyzer.lua,211,onClick
lua,modules/game_bot/default_configs/vBot_4.7/vBot/analyzer.lua,214,onClick
lua,modules/game_bot/default_configs/vBot_4.7/vBot/analyzer.lua,309,onDoubleClick
lua,modules/game_bot/default_configs/vBot_4.7/vBot/analyzer.lua,319,onItemChange
lua,modules/game_bot/default_configs/vBot_4.7/vBot/analyzer.lua,364,onDoubleClick
lua,modules/game_bot/default_configs/vBot_4.7/vBot/analyzer.lua,374,onItemChange
lua,modules/game_bot/default_configs/vBot_4.7/vBot/analyzer.lua,723,schedule
lua,modules/game_bot/default_configs/vBot_4.7/vBot/analyzer.lua,751,onDoubleClick
lua,modules/game_bot/default_configs/vBot_4.7/vBot/analyzer.lua,770,schedule
lua,modules/game_bot/default_configs/vBot_4.7/vBot/analyzer.lua,781,onTextMessage
lua,modules/game_bot/default_configs/vBot_4.7/vBot/analyzer.lua,842,schedule
lua,modules/game_bot/default_configs/vBot_4.7/vBot/analyzer.lua,863,schedule
lua,modules/game_bot/default_configs/vBot_4.7/vBot/analyzer.lua,947,onClick
lua,modules/game_bot/default_configs/vBot_4.7/vBot/analyzer.lua,951,onClick
lua,modules/game_bot/default_configs/vBot_4.7/vBot/analyzer.lua,959,onClick
lua,modules/game_bot/default_configs/vBot_4.7/vBot/analyzer.lua,1004,onHoverChange
lua,modules/game_bot/default_configs/vBot_4.7/vBot/analyzer.lua,1015,onContainerOpen
lua,modules/game_bot/default_configs/vBot_4.7/vBot/analyzer.lua,1019,onAddItem
lua,modules/game_bot/default_configs/vBot_4.7/vBot/analyzer.lua,1023,onRemoveItem
lua,modules/game_bot/default_configs/vBot_4.7/vBot/analyzer.lua,1027,onContainerUpdateItem
lua,modules/game_bot/default_configs/vBot_4.7/vBot/analyzer.lua,1047,onClick
lua,modules/game_bot/default_configs/vBot_4.7/vBot/analyzer.lua,1050,schedule
lua,modules/game_bot/default_configs/vBot_4.7/vBot/analyzer.lua,1059,onClick
lua,modules/game_bot/default_configs/vBot_4.7/vBot/analyzer.lua,1077,schedule
lua,modules/game_bot/default_configs/vBot_4.7/vBot/analyzer.lua,1084,onClick
lua,modules/game_bot/default_configs/vBot_4.7/vBot/analyzer.lua,1090,onClick
lua,modules/game_bot/default_configs/vBot_4.7/vBot/analyzer.lua,1133,onTextMessage
lua,modules/game_bot/default_configs/vBot_4.7/vBot/analyzer.lua,1317,onAddItem
lua,modules/game_bot/default_configs/vBot_4.7/vBot/analyzer.lua,1335,onContainerUpdateItem
lua,modules/game_bot/default_configs/vBot_4.7/vBot/analyzer.lua,1358,onContainerUpdateItem
lua,modules/game_bot/default_configs/vBot_4.7/vBot/analyzer.lua,1378,onTextMessage
lua,modules/game_bot/default_configs/vBot_4.7/vBot/supplies.lua,131,onItemChange
lua,modules/game_bot/default_configs/vBot_4.7/vBot/supplies.lua,200,onVisibilityChange
lua,modules/game_bot/default_configs/vBot_4.7/vBot/supplies.lua,235,onClick
lua,modules/game_bot/default_configs/vBot_4.7/vBot/supplies.lua,244,onDoubleClick
lua,modules/game_bot/default_configs/vBot_4.7/vBot/supplies.lua,250,schedule
lua,modules/game_bot/default_configs/vBot_4.7/vBot/supplies.lua,258,onClick
lua,modules/game_bot/default_configs/vBot_4.7/vBot/supplies.lua,264,onTextChange
lua,modules/game_bot/default_configs/vBot_4.7/vBot/supplies.lua,286,onClick
lua,modules/game_bot/default_configs/vBot_4.7/vBot/supplies.lua,298,onClick
lua,modules/game_bot/default_configs/vBot_4.7/vBot/supplies.lua,303,onClick
lua,modules/game_bot/default_configs/vBot_4.7/vBot/supplies.lua,308,onClick
lua,modules/game_bot/default_configs/vBot_4.7/vBot/supplies.lua,313,onClick
lua,modules/game_bot/default_configs/vBot_4.7/vBot/supplies.lua,318,onTextChange
lua,modules/game_bot/default_configs/vBot_4.7/vBot/supplies.lua,329,onTextChange
lua,modules/game_bot/default_configs/vBot_4.7/vBot/supplies.lua,340,onClick
lua,modules/game_bot/default_configs/vBot_4.7/vBot/supplies.lua,353,onClick
lua,modules/game_bot/default_configs/vBot_4.7/vBot/supplies.lua,366,onMouseWheel
lua,modules/game_bot/default_configs/vBot_4.7/vBot/supplies.lua,368,onClick
lua,modules/game_bot/default_configs/vBot_4.7/vBot/supplies.lua,370,onClick
lua,modules/game_bot/default_configs/vBot_4.7/vBot/supplies.lua,374,onMouseWheel
lua,modules/game_bot/default_configs/vBot_4.7/vBot/exeta.lua,7,onCreatureHealthPercentChange
lua,modules/game_bot/default_configs/vBot_4.7/targetbot/creature_attack.lua,236,onPlayerPositionChange
lua,modules/game_bot/default_configs/vBot_4.7/targetbot/creature.lua,36,onDoubleClick
lua,modules/game_bot/default_configs/vBot_4.7/targetbot/creature.lua,37,schedule
lua,modules/game_bot/default_configs/vBot_4.7/targetbot/target.lua,26,onClick
lua,modules/game_bot/default_configs/vBot_4.7/targetbot/target.lua,145,onClick
lua,modules/game_bot/default_configs/vBot_4.7/targetbot/target.lua,152,onClick
lua,modules/game_bot/default_configs/vBot_4.7/targetbot/target.lua,163,onClick
lua,modules/game_bot/default_configs/vBot_4.7/targetbot/looting.lua,13,onItemsUpdate
lua,modules/game_bot/default_configs/vBot_4.7/targetbot/looting.lua,14,onContainersUpdate
lua,modules/game_bot/default_configs/vBot_4.7/targetbot/looting.lua,15,onClick
lua,modules/game_bot/default_configs/vBot_4.7/targetbot/looting.lua,19,onTextChange
lua,modules/game_bot/default_configs/vBot_4.7/targetbot/looting.lua,27,onTextChange
lua,modules/game_bot/default_configs/vBot_4.7/targetbot/looting.lua,37,onItemsUpdate
lua,modules/game_bot/default_configs/vBot_4.7/targetbot/looting.lua,43,onContainersUpdate
lua,modules/game_bot/default_configs/vBot_4.7/targetbot/looting.lua,260,onTextMessage
lua,modules/game_bot/default_configs/vBot_4.7/targetbot/looting.lua,287,onContainerOpen
lua,modules/game_bot/default_configs/vBot_4.7/targetbot/looting.lua,294,onCreatureDisappear
lua,modules/game_bot/default_configs/vBot_4.7/targetbot/looting.lua,306,schedule
lua,modules/game_bot/default_configs/vBot_4.7/targetbot/creature_editor.lua,12,onValueChange
lua,modules/game_bot/default_configs/vBot_4.7/targetbot/creature_editor.lua,22,onValueChange
lua,modules/game_bot/default_configs/vBot_4.7/targetbot/creature_editor.lua,35,onClick
lua,modules/game_bot/default_configs/vBot_4.7/targetbot/creature_editor.lua,54,onClick
lua,modules/game_bot/default_configs/vBot_4.7/targetbot/creature_editor.lua,57,onEscape
lua,modules/game_bot/default_configs/vBot_4.7/targetbot/creature_editor.lua,59,onClick
lua,modules/game_bot/default_configs/cavebot_1.3/cavebot/config.lua,29,onConfigChange
lua,modules/game_bot/default_configs/cavebot_1.3/cavebot/config.lua,59,onTextChange
lua,modules/game_bot/default_configs/cavebot_1.3/cavebot/config.lua,73,onClick
lua,modules/game_bot/default_configs/cavebot_1.3/cavebot/editor.lua,28,onClick
lua,modules/game_bot/default_configs/cavebot_1.3/cavebot/editor.lua,64,onDoubleClick
lua,modules/game_bot/default_configs/cavebot_1.3/cavebot/editor.lua,65,onDoubleClick
lua,modules/game_bot/default_configs/cavebot_1.3/cavebot/editor.lua,136,onClick
lua,modules/game_bot/default_configs/cavebot_1.3/cavebot/editor.lua,145,onPlayerPositionChange
lua,modules/game_bot/default_configs/cavebot_1.3/cavebot/actions.lua,20,onDoubleClick
lua,modules/game_bot/default_configs/cavebot_1.3/cavebot/actions.lua,22,schedule
lua,modules/game_bot/default_configs/cavebot_1.3/cavebot/walking.lua,35,onPlayerPositionChange
lua,modules/game_bot/default_configs/cavebot_1.3/cavebot/depositer.lua,12,onConfigChange
lua,modules/game_bot/default_configs/cavebot_1.3/cavebot/depositer.lua,18,onSave
lua,modules/game_bot/default_configs/cavebot_1.3/cavebot/recorder.lua,13,onPlayerPositionChange
lua,modules/game_bot/default_configs/cavebot_1.3/cavebot/recorder.lua,27,onUse
lua,modules/game_bot/default_configs/cavebot_1.3/cavebot/recorder.lua,35,onUseWith
lua,modules/game_bot/default_configs/cavebot_1.3/cavebot/extension_template.lua,10,onTextChange
lua,modules/game_bot/default_configs/cavebot_1.3/cavebot/extension_template.lua,35,onConfigChange
lua,modules/game_bot/default_configs/cavebot_1.3/cavebot/extension_template.lua,43,onSave
lua,modules/game_bot/default_configs/cavebot_1.3/cavebot/example_functions.lua,46,schedule
lua,modules/game_bot/default_configs/cavebot_1.3/cavebot/cavebot.lua,117,onConfigChange
lua,modules/game_bot/default_configs/cavebot_1.3/cavebot/cavebot.lua,118,onConfigChange
lua,modules/game_bot/default_configs/cavebot_1.3/cavebot/cavebot.lua,128,onConfigChange
lua,modules/game_bot/default_configs/cavebot_1.3/cavebot/cavebot.lua,143,onClick
lua,modules/game_bot/default_configs/cavebot_1.3/cavebot/cavebot.lua,154,onClick
lua,modules/game_bot/default_configs/cavebot_1.3/cavebot/cavebot.lua,215,onSave
lua,modules/game_bot/default_configs/cavebot_1.3/cavebot/cavebot.lua,216,onSave
lua,modules/game_bot/default_configs/cavebot_1.3/cavebot/supply.lua,9,onItemChange
lua,modules/game_bot/default_configs/cavebot_1.3/cavebot/supply.lua,10,onTextChange
lua,modules/game_bot/default_configs/cavebot_1.3/cavebot/supply.lua,15,onConfigChange
lua,modules/game_bot/default_configs/cavebot_1.3/cavebot/supply.lua,21,onSave
lua,modules/game_bot/default_configs/cavebot_1.3/targetbot/creature.lua,36,onDoubleClick
lua,modules/game_bot/default_configs/cavebot_1.3/targetbot/creature.lua,37,schedule
lua,modules/game_bot/default_configs/cavebot_1.3/targetbot/target.lua,24,onClick
lua,modules/game_bot/default_configs/cavebot_1.3/targetbot/target.lua,128,onClick
lua,modules/game_bot/default_configs/cavebot_1.3/targetbot/target.lua,135,onClick
lua,modules/game_bot/default_configs/cavebot_1.3/targetbot/target.lua,146,onClick
lua,modules/game_bot/default_configs/cavebot_1.3/targetbot/looting.lua,13,onItemsUpdate
lua,modules/game_bot/default_configs/cavebot_1.3/targetbot/looting.lua,14,onContainersUpdate
lua,modules/game_bot/default_configs/cavebot_1.3/targetbot/looting.lua,15,onClick
lua,modules/game_bot/default_configs/cavebot_1.3/targetbot/looting.lua,19,onTextChange
lua,modules/game_bot/default_configs/cavebot_1.3/targetbot/looting.lua,27,onTextChange
lua,modules/game_bot/default_configs/cavebot_1.3/targetbot/looting.lua,37,onItemsUpdate
lua,modules/game_bot/default_configs/cavebot_1.3/targetbot/looting.lua,43,onContainersUpdate
lua,modules/game_bot/default_configs/cavebot_1.3/targetbot/looting.lua,270,onContainerOpen
lua,modules/game_bot/default_configs/cavebot_1.3/targetbot/looting.lua,277,onCreatureDisappear
lua,modules/game_bot/default_configs/cavebot_1.3/targetbot/looting.lua,288,schedule
lua,modules/game_bot/default_configs/cavebot_1.3/targetbot/creature_editor.lua,12,onValueChange
lua,modules/game_bot/default_configs/cavebot_1.3/targetbot/creature_editor.lua,22,onValueChange
lua,modules/game_bot/default_configs/cavebot_1.3/targetbot/creature_editor.lua,35,onClick
lua,modules/game_bot/default_configs/cavebot_1.3/targetbot/creature_editor.lua,54,onClick
lua,modules/game_bot/default_configs/cavebot_1.3/targetbot/creature_editor.lua,57,onEscape
lua,modules/game_bot/default_configs/cavebot_1.3/targetbot/creature_editor.lua,59,onClick
lua,modules/game_bot/default_configs/vBot_4.8/cavebot/config.lua,29,onConfigChange
lua,modules/game_bot/default_configs/vBot_4.8/cavebot/config.lua,60,onTextChange
lua,modules/game_bot/default_configs/vBot_4.8/cavebot/config.lua,75,onClick
lua,modules/game_bot/default_configs/vBot_4.8/cavebot/editor.lua,28,onClick
lua,modules/game_bot/default_configs/vBot_4.8/cavebot/editor.lua,64,onDoubleClick
lua,modules/game_bot/default_configs/vBot_4.8/cavebot/editor.lua,65,onDoubleClick
lua,modules/game_bot/default_configs/vBot_4.8/cavebot/editor.lua,148,onClick
lua,modules/game_bot/default_configs/vBot_4.8/cavebot/editor.lua,157,onPlayerPositionChange
lua,modules/game_bot/default_configs/vBot_4.8/cavebot/bank.lua,66,schedule
lua,modules/game_bot/default_configs/vBot_4.8/cavebot/bank.lua,88,onTalk
lua,modules/game_bot/default_configs/vBot_4.8/cavebot/actions.lua,42,onTextMessage
lua,modules/game_bot/default_configs/vBot_4.8/cavebot/actions.lua,154,onDoubleClick
lua,modules/game_bot/default_configs/vBot_4.8/cavebot/actions.lua,156,schedule
lua,modules/game_bot/default_configs/vBot_4.8/cavebot/walking.lua,35,onPlayerPositionChange
lua,modules/game_bot/default_configs/vBot_4.8/cavebot/stand_lure.lua,166,schedule
lua,modules/game_bot/default_configs/vBot_4.8/cavebot/stand_lure.lua,167,connect
lua,modules/game_bot/default_configs/vBot_4.8/cavebot/stand_lure.lua,168,onChildFocusChange
lua,modules/game_bot/default_configs/vBot_4.8/cavebot/minimap.lua,3,onMouseRelease
lua,modules/game_bot/default_configs/vBot_4.8/cavebot/minimap.lua,17,g_ui.
lua,modules/game_bot/default_configs/vBot_4.8/cavebot/clear_tile.lua,106,schedule
lua,modules/game_bot/default_configs/vBot_4.8/cavebot/recorder.lua,17,onPlayerPositionChange
lua,modules/game_bot/default_configs/vBot_4.8/cavebot/recorder.lua,31,onUse
lua,modules/game_bot/default_configs/vBot_4.8/cavebot/recorder.lua,39,onUseWith
lua,modules/game_bot/default_configs/vBot_4.8/cavebot/extension_template.lua,10,onTextChange
lua,modules/game_bot/default_configs/vBot_4.8/cavebot/extension_template.lua,35,onConfigChange
lua,modules/game_bot/default_configs/vBot_4.8/cavebot/extension_template.lua,43,onSave
lua,modules/game_bot/default_configs/vBot_4.8/cavebot/example_functions.lua,64,schedule
lua,modules/game_bot/default_configs/vBot_4.8/cavebot/cavebot.lua,117,onConfigChange
lua,modules/game_bot/default_configs/vBot_4.8/cavebot/cavebot.lua,118,onConfigChange
lua,modules/game_bot/default_configs/vBot_4.8/cavebot/cavebot.lua,128,onConfigChange
lua,modules/game_bot/default_configs/vBot_4.8/cavebot/cavebot.lua,143,onClick
lua,modules/game_bot/default_configs/vBot_4.8/cavebot/cavebot.lua,154,onClick
lua,modules/game_bot/default_configs/vBot_4.8/cavebot/cavebot.lua,434,onSave
lua,modules/game_bot/default_configs/vBot_4.8/cavebot/cavebot.lua,435,onSave
lua,modules/game_bot/default_configs/vBot_4.8/cavebot/tasker.lua,163,onTextMessage
lua,modules/game_bot/default_configs/vBot_4.8/vBot/hold_target.lua,6,onKeyPress
lua,modules/game_bot/default_configs/vBot_4.8/vBot/combo.lua,30,onSayEnabled
lua,modules/game_bot/default_configs/vBot_4.8/vBot/combo.lua,31,onShootEnabled
lua,modules/game_bot/default_configs/vBot_4.8/vBot/combo.lua,32,onCastEnabled
lua,modules/game_bot/default_configs/vBot_4.8/vBot/combo.lua,56,onClick
lua,modules/game_bot/default_configs/vBot_4.8/vBot/combo.lua,61,onClick
lua,modules/game_bot/default_configs/vBot_4.8/vBot/combo.lua,67,g_ui.
lua,modules/game_bot/default_configs/vBot_4.8/vBot/combo.lua,75,onItemChange
lua,modules/game_bot/default_configs/vBot_4.8/vBot/combo.lua,82,onClick
lua,modules/game_bot/default_configs/vBot_4.8/vBot/combo.lua,88,onClick
lua,modules/game_bot/default_configs/vBot_4.8/vBot/combo.lua,94,onClick
lua,modules/game_bot/default_configs/vBot_4.8/vBot/combo.lua,100,onClick
lua,modules/game_bot/default_configs/vBot_4.8/vBot/combo.lua,106,onClick
lua,modules/game_bot/default_configs/vBot_4.8/vBot/combo.lua,113,onOptionChange
lua,modules/game_bot/default_configs/vBot_4.8/vBot/combo.lua,118,onOptionChange
lua,modules/game_bot/default_configs/vBot_4.8/vBot/combo.lua,123,onSayToggle
lua,modules/game_bot/default_configs/vBot_4.8/vBot/combo.lua,124,onSayToggle
lua,modules/game_bot/default_configs/vBot_4.8/vBot/combo.lua,125,onSayEnabled
lua,modules/game_bot/default_configs/vBot_4.8/vBot/combo.lua,126,onSayEnabled
lua,modules/game_bot/default_configs/vBot_4.8/vBot/combo.lua,129,onShootToggle
lua,modules/game_bot/default_configs/vBot_4.8/vBot/combo.lua,130,onShootToggle
lua,modules/game_bot/default_configs/vBot_4.8/vBot/combo.lua,131,onShootEnabled
lua,modules/game_bot/default_configs/vBot_4.8/vBot/combo.lua,132,onShootEnabled
lua,modules/game_bot/default_configs/vBot_4.8/vBot/combo.lua,135,onCastToggle
lua,modules/game_bot/default_configs/vBot_4.8/vBot/combo.lua,136,onCastToggle
lua,modules/game_bot/default_configs/vBot_4.8/vBot/combo.lua,137,onCastEnabled
lua,modules/game_bot/default_configs/vBot_4.8/vBot/combo.lua,138,onCastEnabled
lua,modules/game_bot/default_configs/vBot_4.8/vBot/combo.lua,142,onClick
lua,modules/game_bot/default_configs/vBot_4.8/vBot/combo.lua,148,onClick
lua,modules/game_bot/default_configs/vBot_4.8/vBot/combo.lua,154,onClick
lua,modules/game_bot/default_configs/vBot_4.8/vBot/combo.lua,160,onClick
lua,modules/game_bot/default_configs/vBot_4.8/vBot/combo.lua,166,onSayLeader
lua,modules/game_bot/default_configs/vBot_4.8/vBot/combo.lua,167,onSayLeader
lua,modules/game_bot/default_configs/vBot_4.8/vBot/combo.lua,171,onShootLeader
lua,modules/game_bot/default_configs/vBot_4.8/vBot/combo.lua,172,onShootLeader
lua,modules/game_bot/default_configs/vBot_4.8/vBot/combo.lua,176,onCastLeader
lua,modules/game_bot/default_configs/vBot_4.8/vBot/combo.lua,177,onCastLeader
lua,modules/game_bot/default_configs/vBot_4.8/vBot/combo.lua,181,onSayPhrase
lua,modules/game_bot/default_configs/vBot_4.8/vBot/combo.lua,182,onSayPhrase
lua,modules/game_bot/default_configs/vBot_4.8/vBot/combo.lua,187,onTextChange
lua,modules/game_bot/default_configs/vBot_4.8/vBot/combo.lua,192,onTextChange
lua,modules/game_bot/default_configs/vBot_4.8/vBot/combo.lua,209,onClick
lua,modules/game_bot/default_configs/vBot_4.8/vBot/combo.lua,217,onClick
lua,modules/game_bot/default_configs/vBot_4.8/vBot/combo.lua,227,onTextMessage
lua,modules/game_bot/default_configs/vBot_4.8/vBot/combo.lua,247,onTalk
lua,modules/game_bot/default_configs/vBot_4.8/vBot/combo.lua,271,onSayEnabled
lua,modules/game_bot/default_configs/vBot_4.8/vBot/combo.lua,274,onCastEnabled
lua,modules/game_bot/default_configs/vBot_4.8/vBot/combo.lua,304,onMissle
lua,modules/game_bot/default_configs/vBot_4.8/vBot/combo.lua,305,onShootEnabled
lua,modules/game_bot/default_configs/vBot_4.8/vBot/combo.lua,366,onSayEnabled
lua,modules/game_bot/default_configs/vBot_4.8/vBot/combo.lua,368,onCastEnabled
lua,modules/game_bot/default_configs/vBot_4.8/vBot/combo.lua,370,onShootEnabled
lua,modules/game_bot/default_configs/vBot_4.8/vBot/combo.lua,388,onCreaturePositionChange
lua,modules/game_bot/default_configs/vBot_4.8/vBot/combo.lua,415,onUseWith
lua,modules/game_bot/default_configs/vBot_4.8/vBot/main.lua,28,schedule
lua,modules/game_bot/default_configs/vBot_4.8/vBot/HealBot.lua,173,onClick
lua,modules/game_bot/default_configs/vBot_4.8/vBot/HealBot.lua,179,onClick
lua,modules/game_bot/default_configs/vBot_4.8/vBot/HealBot.lua,185,g_ui.
lua,modules/game_bot/default_configs/vBot_4.8/vBot/HealBot.lua,190,onVisibilityChange
lua,modules/game_bot/default_configs/vBot_4.8/vBot/HealBot.lua,199,onClick
lua,modules/game_bot/default_configs/vBot_4.8/vBot/HealBot.lua,214,onTextChange
lua,modules/game_bot/default_configs/vBot_4.8/vBot/HealBot.lua,218,onClick
lua,modules/game_bot/default_configs/vBot_4.8/vBot/HealBot.lua,222,onClick
lua,modules/game_bot/default_configs/vBot_4.8/vBot/HealBot.lua,226,onClick
lua,modules/game_bot/default_configs/vBot_4.8/vBot/HealBot.lua,230,onClick
lua,modules/game_bot/default_configs/vBot_4.8/vBot/HealBot.lua,234,onClick
lua,modules/game_bot/default_configs/vBot_4.8/vBot/HealBot.lua,238,onClick
lua,modules/game_bot/default_configs/vBot_4.8/vBot/HealBot.lua,249,onClick
lua,modules/game_bot/default_configs/vBot_4.8/vBot/HealBot.lua,255,onClick
lua,modules/game_bot/default_configs/vBot_4.8/vBot/HealBot.lua,274,onClick
lua,modules/game_bot/default_configs/vBot_4.8/vBot/HealBot.lua,280,onClick
lua,modules/game_bot/default_configs/vBot_4.8/vBot/HealBot.lua,294,onClick
lua,modules/game_bot/default_configs/vBot_4.8/vBot/HealBot.lua,307,onClick
lua,modules/game_bot/default_configs/vBot_4.8/vBot/HealBot.lua,320,onClick
lua,modules/game_bot/default_configs/vBot_4.8/vBot/HealBot.lua,333,onClick
lua,modules/game_bot/default_configs/vBot_4.8/vBot/HealBot.lua,346,onClick
lua,modules/game_bot/default_configs/vBot_4.8/vBot/HealBot.lua,402,onClick
lua,modules/game_bot/default_configs/vBot_4.8/vBot/HealBot.lua,448,onClick
lua,modules/game_bot/default_configs/vBot_4.8/vBot/HealBot.lua,490,onClick
lua,modules/game_bot/default_configs/vBot_4.8/vBot/HealBot.lua,496,onClick
lua,modules/game_bot/default_configs/vBot_4.8/vBot/HealBot.lua,704,onPlayerHealthChange
lua,modules/game_bot/default_configs/vBot_4.8/vBot/HealBot.lua,709,onManaChange
lua,modules/game_bot/default_configs/vBot_4.8/vBot/pushmax.lua,42,onClick
lua,modules/game_bot/default_configs/vBot_4.8/vBot/pushmax.lua,47,onClick
lua,modules/game_bot/default_configs/vBot_4.8/vBot/pushmax.lua,53,g_ui.
lua,modules/game_bot/default_configs/vBot_4.8/vBot/pushmax.lua,58,onClick
lua,modules/game_bot/default_configs/vBot_4.8/vBot/pushmax.lua,66,onValueChange
lua,modules/game_bot/default_configs/vBot_4.8/vBot/pushmax.lua,72,onItemChange
lua,modules/game_bot/default_configs/vBot_4.8/vBot/pushmax.lua,76,onItemChange
lua,modules/game_bot/default_configs/vBot_4.8/vBot/pushmax.lua,81,onTextChange
lua,modules/game_bot/default_configs/vBot_4.8/vBot/pushmax.lua,137,onKeyDown
lua,modules/game_bot/default_configs/vBot_4.8/vBot/pushmax.lua,166,onKeyPress
lua,modules/game_bot/default_configs/vBot_4.8/vBot/pushmax.lua,183,onCreaturePositionChange
lua,modules/game_bot/default_configs/vBot_4.8/vBot/pushmax.lua,262,schedule
lua,modules/game_bot/default_configs/vBot_4.8/vBot/new_cavebot_lib.lua,500,schedule
lua,modules/game_bot/default_configs/vBot_4.8/vBot/depot_withdraw.lua,21,schedule
lua,modules/game_bot/default_configs/vBot_4.8/vBot/alarms.lua,33,onClick
lua,modules/game_bot/default_configs/vBot_4.8/vBot/alarms.lua,41,onClick
lua,modules/game_bot/default_configs/vBot_4.8/vBot/alarms.lua,73,onClick
lua,modules/game_bot/default_configs/vBot_4.8/vBot/alarms.lua,84,onValueChange
lua,modules/game_bot/default_configs/vBot_4.8/vBot/alarms.lua,89,onTextChange
lua,modules/game_bot/default_configs/vBot_4.8/vBot/alarms.lua,138,onTextMessage
lua,modules/game_bot/default_configs/vBot_4.8/vBot/alarms.lua,164,onTalk
lua,modules/game_bot/default_configs/vBot_4.8/vBot/playerlist.lua,135,g_ui.
lua,modules/game_bot/default_configs/vBot_4.8/vBot/playerlist.lua,148,onClick
lua,modules/game_bot/default_configs/vBot_4.8/vBot/playerlist.lua,157,onClick
lua,modules/game_bot/default_configs/vBot_4.8/vBot/playerlist.lua,163,onClick
lua,modules/game_bot/default_configs/vBot_4.8/vBot/playerlist.lua,168,onClick
lua,modules/game_bot/default_configs/vBot_4.8/vBot/playerlist.lua,174,onClick
lua,modules/game_bot/default_configs/vBot_4.8/vBot/playerlist.lua,184,g_ui.
lua,modules/game_bot/default_configs/vBot_4.8/vBot/playerlist.lua,200,onClick
lua,modules/game_bot/default_configs/vBot_4.8/vBot/playerlist.lua,206,onMouseRelease
lua,modules/game_bot/default_configs/vBot_4.8/vBot/playerlist.lua,210,g_ui.
lua,modules/game_bot/default_configs/vBot_4.8/vBot/playerlist.lua,229,onStyleApply
lua,modules/game_bot/default_configs/vBot_4.8/vBot/playerlist.lua,236,onClick
lua,modules/game_bot/default_configs/vBot_4.8/vBot/playerlist.lua,253,onClick
lua,modules/game_bot/default_configs/vBot_4.8/vBot/playerlist.lua,257,onMouseRelease
lua,modules/game_bot/default_configs/vBot_4.8/vBot/playerlist.lua,261,g_ui.
lua,modules/game_bot/default_configs/vBot_4.8/vBot/playerlist.lua,288,onKeyPress
lua,modules/game_bot/default_configs/vBot_4.8/vBot/playerlist.lua,292,onClick
lua,modules/game_bot/default_configs/vBot_4.8/vBot/playerlist.lua,303,onClick
lua,modules/game_bot/default_configs/vBot_4.8/vBot/playerlist.lua,307,onMouseRelease
lua,modules/game_bot/default_configs/vBot_4.8/vBot/playerlist.lua,311,g_ui.
lua,modules/game_bot/default_configs/vBot_4.8/vBot/playerlist.lua,330,onTextMessage
lua,modules/game_bot/default_configs/vBot_4.8/vBot/playerlist.lua,341,onCreatureAppear
lua,modules/game_bot/default_configs/vBot_4.8/vBot/playerlist.lua,345,onPlayerPositionChange
lua,modules/game_bot/default_configs/vBot_4.8/vBot/playerlist.lua,347,schedule
lua,modules/game_bot/default_configs/vBot_4.8/vBot/extras.lua,13,onClick
lua,modules/game_bot/default_configs/vBot_4.8/vBot/extras.lua,17,onGeometryChange
lua,modules/game_bot/default_configs/vBot_4.8/vBot/extras.lua,32,onClick
lua,modules/game_bot/default_configs/vBot_4.8/vBot/extras.lua,62,onItemChange
lua,modules/game_bot/default_configs/vBot_4.8/vBot/extras.lua,73,onTextChange
lua,modules/game_bot/default_configs/vBot_4.8/vBot/extras.lua,82,onValueChange
lua,modules/game_bot/default_configs/vBot_4.8/vBot/extras.lua,97,onValueChange
lua,modules/game_bot/default_configs/vBot_4.8/vBot/extras.lua,157,onTalk
lua,modules/game_bot/default_configs/vBot_4.8/vBot/extras.lua,220,onAddThing
lua,modules/game_bot/default_configs/vBot_4.8/vBot/extras.lua,241,onRemoveThing
lua,modules/game_bot/default_configs/vBot_4.8/vBot/extras.lua,261,schedule
lua,modules/game_bot/default_configs/vBot_4.8/vBot/extras.lua,299,onTalk
lua,modules/game_bot/default_configs/vBot_4.8/vBot/extras.lua,344,onKeyPress
lua,modules/game_bot/default_configs/vBot_4.8/vBot/extras.lua,377,onTextMessage
lua,modules/game_bot/default_configs/vBot_4.8/vBot/extras.lua,389,schedule
lua,modules/game_bot/default_configs/vBot_4.8/vBot/extras.lua,405,onUseWith
lua,modules/game_bot/default_configs/vBot_4.8/vBot/extras.lua,407,schedule
lua,modules/game_bot/default_configs/vBot_4.8/vBot/extras.lua,463,onRemoveThing
lua,modules/game_bot/default_configs/vBot_4.8/vBot/extras.lua,475,onAddThing
lua,modules/game_bot/default_configs/vBot_4.8/vBot/extras.lua,484,onKeyDown
lua,modules/game_bot/default_configs/vBot_4.8/vBot/extras.lua,507,onKeyPress
lua,modules/game_bot/default_configs/vBot_4.8/vBot/extras.lua,538,schedule
lua,modules/game_bot/default_configs/vBot_4.8/vBot/extras.lua,543,onPlayerPositionChange
lua,modules/game_bot/default_configs/vBot_4.8/vBot/extras.lua,546,schedule
lua,modules/game_bot/default_configs/vBot_4.8/vBot/extras.lua,550,onCreatureAppear
lua,modules/game_bot/default_configs/vBot_4.8/vBot/extras.lua,559,onTextMessage
lua,modules/game_bot/default_configs/vBot_4.8/vBot/extras.lua,613,onContainerOpen
lua,modules/game_bot/default_configs/vBot_4.8/vBot/extras.lua,614,schedule
lua,modules/game_bot/default_configs/vBot_4.8/vBot/extras.lua,619,onAddItem
lua,modules/game_bot/default_configs/vBot_4.8/vBot/extras.lua,620,schedule
lua,modules/game_bot/default_configs/vBot_4.8/vBot/extras.lua,631,schedule
lua,modules/game_bot/default_configs/vBot_4.8/vBot/extras.lua,635,onAttackingCreatureChange
lua,modules/game_bot/default_configs/vBot_4.8/vBot/antiRs.lua,17,onTextMessage
lua,modules/game_bot/default_configs/vBot_4.8/vBot/antiRs.lua,23,schedule
lua,modules/game_bot/default_configs/vBot_4.8/vBot/configs.lua,36,onError
lua,modules/game_bot/default_configs/vBot_4.8/vBot/configs.lua,47,onError
lua,modules/game_bot/default_configs/vBot_4.8/vBot/configs.lua,58,onError
lua,modules/game_bot/default_configs/vBot_4.8/vBot/configs.lua,89,onError
lua,modules/game_bot/default_configs/vBot_4.8/vBot/configs.lua,93,onError
lua,modules/game_bot/default_configs/vBot_4.8/vBot/spy_level.lua,11,onPlayerPositionChange
lua,modules/game_bot/default_configs/vBot_4.8/vBot/spy_level.lua,16,onKeyPress
lua,modules/game_bot/default_configs/vBot_4.8/vBot/vlib.lua,21,onPlayerPositionChange
lua,modules/game_bot/default_configs/vBot_4.8/vBot/vlib.lua,30,g_ui.
lua,modules/game_bot/default_configs/vBot_4.8/vBot/vlib.lua,36,schedule
lua,modules/game_bot/default_configs/vBot_4.8/vBot/vlib.lua,49,onTextMessage
lua,modules/game_bot/default_configs/vBot_4.8/vBot/vlib.lua,61,schedule
lua,modules/game_bot/default_configs/vBot_4.8/vBot/vlib.lua,95,schedule
lua,modules/game_bot/default_configs/vBot_4.8/vBot/vlib.lua,96,schedule
lua,modules/game_bot/default_configs/vBot_4.8/vBot/vlib.lua,97,schedule
lua,modules/game_bot/default_configs/vBot_4.8/vBot/vlib.lua,100,schedule
lua,modules/game_bot/default_configs/vBot_4.8/vBot/vlib.lua,233,onTalk
lua,modules/game_bot/default_configs/vBot_4.8/vBot/vlib.lua,239,schedule
lua,modules/game_bot/default_configs/vBot_4.8/vBot/vlib.lua,244,connect
lua,modules/game_bot/default_configs/vBot_4.8/vBot/vlib.lua,249,onTalk
lua,modules/game_bot/default_configs/vBot_4.8/vBot/vlib.lua,303,onTalk
lua,modules/game_bot/default_configs/vBot_4.8/vBot/vlib.lua,309,onSpellCooldown
lua,modules/game_bot/default_configs/vBot_4.8/vBot/vlib.lua,310,onSpellCooldown
lua,modules/game_bot/default_configs/vBot_4.8/vBot/vlib.lua,311,schedule
lua,modules/game_bot/default_configs/vBot_4.8/vBot/vlib.lua,318,onGroupSpellCooldown
lua,modules/game_bot/default_configs/vBot_4.8/vBot/vlib.lua,319,schedule
lua,modules/game_bot/default_configs/vBot_4.8/vBot/vlib.lua,390,onUse
lua,modules/game_bot/default_configs/vBot_4.8/vBot/vlib.lua,401,onUseWith
lua,modules/game_bot/default_configs/vBot_4.8/vBot/vlib.lua,703,onSame
lua,modules/game_bot/default_configs/vBot_4.8/vBot/vlib.lua,704,onAnother
lua,modules/game_bot/default_configs/vBot_4.8/vBot/vlib.lua,715,onSame
lua,modules/game_bot/default_configs/vBot_4.8/vBot/vlib.lua,719,onAnother
lua,modules/game_bot/default_configs/vBot_4.8/vBot/vlib.lua,724,onSame
lua,modules/game_bot/default_configs/vBot_4.8/vBot/vlib.lua,910,schedule
lua,modules/game_bot/default_configs/vBot_4.8/vBot/vlib.lua,913,schedule
lua,modules/game_bot/default_configs/vBot_4.8/vBot/xeno_menu.lua,1,onMouseRelease
lua,modules/game_bot/default_configs/vBot_4.8/vBot/xeno_menu.lua,5,g_ui.
lua,modules/game_bot/default_configs/vBot_4.8/vBot/Equipper.lua,36,onClick
lua,modules/game_bot/default_configs/vBot_4.8/vBot/Equipper.lua,68,onClick
lua,modules/game_bot/default_configs/vBot_4.8/vBot/Equipper.lua,145,onClick
lua,modules/game_bot/default_configs/vBot_4.8/vBot/Equipper.lua,151,onOptionChange
lua,modules/game_bot/default_configs/vBot_4.8/vBot/Equipper.lua,164,onClick
lua,modules/game_bot/default_configs/vBot_4.8/vBot/Equipper.lua,189,onClick
lua,modules/game_bot/default_configs/vBot_4.8/vBot/Equipper.lua,214,onClick
lua,modules/game_bot/default_configs/vBot_4.8/vBot/Equipper.lua,231,onClick
lua,modules/game_bot/default_configs/vBot_4.8/vBot/Equipper.lua,248,onClick
lua,modules/game_bot/default_configs/vBot_4.8/vBot/Equipper.lua,262,onClick
lua,modules/game_bot/default_configs/vBot_4.8/vBot/Equipper.lua,276,onClick
lua,modules/game_bot/default_configs/vBot_4.8/vBot/Equipper.lua,288,onClick
lua,modules/game_bot/default_configs/vBot_4.8/vBot/Equipper.lua,297,onItemChange
lua,modules/game_bot/default_configs/vBot_4.8/vBot/Equipper.lua,304,onMouseRelease
lua,modules/game_bot/default_configs/vBot_4.8/vBot/Equipper.lua,315,onMouseWheel
lua,modules/game_bot/default_configs/vBot_4.8/vBot/Equipper.lua,317,onClick
lua,modules/game_bot/default_configs/vBot_4.8/vBot/Equipper.lua,319,onClick
lua,modules/game_bot/default_configs/vBot_4.8/vBot/Equipper.lua,323,onMouseWheel
lua,modules/game_bot/default_configs/vBot_4.8/vBot/Equipper.lua,325,onClick
lua,modules/game_bot/default_configs/vBot_4.8/vBot/Equipper.lua,327,onClick
lua,modules/game_bot/default_configs/vBot_4.8/vBot/Equipper.lua,331,onTextChange
lua,modules/game_bot/default_configs/vBot_4.8/vBot/Equipper.lua,373,onClick
lua,modules/game_bot/default_configs/vBot_4.8/vBot/Equipper.lua,381,onClick
lua,modules/game_bot/default_configs/vBot_4.8/vBot/Equipper.lua,386,onClick
lua,modules/game_bot/default_configs/vBot_4.8/vBot/Equipper.lua,390,onHoverChange
lua,modules/game_bot/default_configs/vBot_4.8/vBot/Equipper.lua,396,onDoubleClick
lua,modules/game_bot/default_configs/vBot_4.8/vBot/Equipper.lua,419,onClick
lua,modules/game_bot/default_configs/vBot_4.8/vBot/Equipper.lua,439,onClick
lua,modules/game_bot/default_configs/vBot_4.8/vBot/Equipper.lua,528,onClick
lua,modules/game_bot/default_configs/vBot_4.8/vBot/Equipper.lua,545,onClick
lua,modules/game_bot/default_configs/vBot_4.8/vBot/Equipper.lua,551,onClick
lua,modules/game_bot/default_configs/vBot_4.8/vBot/Equipper.lua,562,onClick
lua,modules/game_bot/default_configs/vBot_4.8/vBot/depositer_config.lua,23,onClick
lua,modules/game_bot/default_configs/vBot_4.8/vBot/depositer_config.lua,28,onGeometryChange
lua,modules/game_bot/default_configs/vBot_4.8/vBot/depositer_config.lua,41,g_ui.
lua,modules/game_bot/default_configs/vBot_4.8/vBot/depositer_config.lua,46,onDoubleClick
lua,modules/game_bot/default_configs/vBot_4.8/vBot/depositer_config.lua,56,onItemChange
lua,modules/game_bot/default_configs/vBot_4.8/vBot/depositer_config.lua,78,schedule
lua,modules/game_bot/default_configs/vBot_4.8/vBot/depositer_config.lua,89,onClick
lua,modules/game_bot/default_configs/vBot_4.8/vBot/depositer_config.lua,96,schedule
lua,modules/game_bot/default_configs/vBot_4.8/vBot/depositer_config.lua,101,onTextChange
lua,modules/game_bot/default_configs/vBot_4.8/vBot/depositer_config.lua,112,onDoubleClick
lua,modules/game_bot/default_configs/vBot_4.8/vBot/quiver_manager.lua,8,onContainerOpen
lua,modules/game_bot/default_configs/vBot_4.8/vBot/quiver_manager.lua,12,onContainerClose
lua,modules/game_bot/default_configs/vBot_4.8/vBot/quiver_manager.lua,16,onAddItem
lua,modules/game_bot/default_configs/vBot_4.8/vBot/quiver_manager.lua,20,onRemoveItem
lua,modules/game_bot/default_configs/vBot_4.8/vBot/quiver_manager.lua,24,onContainerUpdateItem
lua,modules/game_bot/default_configs/vBot_4.8/vBot/new_healer.lua,79,onClick
lua,modules/game_bot/default_configs/vBot_4.8/vBot/new_healer.lua,84,onClick
lua,modules/game_bot/default_configs/vBot_4.8/vBot/new_healer.lua,99,onClick
lua,modules/game_bot/default_configs/vBot_4.8/vBot/new_healer.lua,106,onDoubleClick
lua,modules/game_bot/default_configs/vBot_4.8/vBot/new_healer.lua,120,onClick
lua,modules/game_bot/default_configs/vBot_4.8/vBot/new_healer.lua,144,onClick
lua,modules/game_bot/default_configs/vBot_4.8/vBot/new_healer.lua,186,onClick
lua,modules/game_bot/default_configs/vBot_4.8/vBot/new_healer.lua,193,onClick
lua,modules/game_bot/default_configs/vBot_4.8/vBot/new_healer.lua,200,onClick
lua,modules/game_bot/default_configs/vBot_4.8/vBot/new_healer.lua,207,onClick
lua,modules/game_bot/default_configs/vBot_4.8/vBot/new_healer.lua,214,onClick
lua,modules/game_bot/default_configs/vBot_4.8/vBot/new_healer.lua,221,onClick
lua,modules/game_bot/default_configs/vBot_4.8/vBot/new_healer.lua,228,onClick
lua,modules/game_bot/default_configs/vBot_4.8/vBot/new_healer.lua,235,onClick
lua,modules/game_bot/default_configs/vBot_4.8/vBot/new_healer.lua,258,onValueChange
lua,modules/game_bot/default_configs/vBot_4.8/vBot/new_healer.lua,271,onItemChange
lua,modules/game_bot/default_configs/vBot_4.8/vBot/new_healer.lua,297,onClick
lua,modules/game_bot/default_configs/vBot_4.8/vBot/new_healer.lua,305,onClick
lua,modules/game_bot/default_configs/vBot_4.8/vBot/new_healer.lua,315,onClick
lua,modules/game_bot/default_configs/vBot_4.8/vBot/new_healer.lua,322,onDoubleClick
lua,modules/game_bot/default_configs/vBot_4.8/vBot/new_healer.lua,324,schedule
lua,modules/game_bot/default_configs/vBot_4.8/vBot/new_healer.lua,329,onTextChange
lua,modules/game_bot/default_configs/vBot_4.8/vBot/BotServer.lua,43,g_ui.
lua,modules/game_bot/default_configs/vBot_4.8/vBot/BotServer.lua,50,onClick
lua,modules/game_bot/default_configs/vBot_4.8/vBot/BotServer.lua,72,schedule
lua,modules/game_bot/default_configs/vBot_4.8/vBot/BotServer.lua,76,onTextChange
lua,modules/game_bot/default_configs/vBot_4.8/vBot/BotServer.lua,79,onClick
lua,modules/game_bot/default_configs/vBot_4.8/vBot/BotServer.lua,84,onClick
lua,modules/game_bot/default_configs/vBot_4.8/vBot/BotServer.lua,89,onClick
lua,modules/game_bot/default_configs/vBot_4.8/vBot/BotServer.lua,94,onClick
lua,modules/game_bot/default_configs/vBot_4.8/vBot/BotServer.lua,102,onClick
lua,modules/game_bot/default_configs/vBot_4.8/vBot/BotServer.lua,107,onClick
lua,modules/game_bot/default_configs/vBot_4.8/vBot/BotServer.lua,111,onClick
lua,modules/game_bot/default_configs/vBot_4.8/vBot/BotServer.lua,204,onClick
lua,modules/game_bot/default_configs/vBot_4.8/vBot/BotServer.lua,210,onClick
lua,modules/game_bot/default_configs/vBot_4.8/vBot/BotServer.lua,215,onAddThing
lua,modules/game_bot/default_configs/vBot_4.8/vBot/quiver_label.lua,4,g_ui.
lua,modules/game_bot/default_configs/vBot_4.8/vBot/quiver_label.lua,40,onContainerOpen
lua,modules/game_bot/default_configs/vBot_4.8/vBot/quiver_label.lua,44,onContainerClose
lua,modules/game_bot/default_configs/vBot_4.8/vBot/quiver_label.lua,48,onAddItem
lua,modules/game_bot/default_configs/vBot_4.8/vBot/quiver_label.lua,52,onRemoveItem
lua,modules/game_bot/default_configs/vBot_4.8/vBot/quiver_label.lua,56,onContainerUpdateItem
lua,modules/game_bot/default_configs/vBot_4.8/vBot/AttackBot.lua,611,onClick
lua,modules/game_bot/default_configs/vBot_4.8/vBot/AttackBot.lua,617,onClick
lua,modules/game_bot/default_configs/vBot_4.8/vBot/AttackBot.lua,629,onVisibilityChange
lua,modules/game_bot/default_configs/vBot_4.8/vBot/AttackBot.lua,651,onClick
lua,modules/game_bot/default_configs/vBot_4.8/vBot/AttackBot.lua,674,onClick
lua,modules/game_bot/default_configs/vBot_4.8/vBot/AttackBot.lua,688,onClick
lua,modules/game_bot/default_configs/vBot_4.8/vBot/AttackBot.lua,702,onClick
lua,modules/game_bot/default_configs/vBot_4.8/vBot/AttackBot.lua,705,onClick
lua,modules/game_bot/default_configs/vBot_4.8/vBot/AttackBot.lua,708,onClick
lua,modules/game_bot/default_configs/vBot_4.8/vBot/AttackBot.lua,717,onClick
lua,modules/game_bot/default_configs/vBot_4.8/vBot/AttackBot.lua,739,onClick
lua,modules/game_bot/default_configs/vBot_4.8/vBot/AttackBot.lua,745,onClick
lua,modules/game_bot/default_configs/vBot_4.8/vBot/AttackBot.lua,750,onDoubleClick
lua,modules/game_bot/default_configs/vBot_4.8/vBot/AttackBot.lua,768,onClick
lua,modules/game_bot/default_configs/vBot_4.8/vBot/AttackBot.lua,802,onClick
lua,modules/game_bot/default_configs/vBot_4.8/vBot/AttackBot.lua,859,onClick
lua,modules/game_bot/default_configs/vBot_4.8/vBot/AttackBot.lua,871,onClick
lua,modules/game_bot/default_configs/vBot_4.8/vBot/AttackBot.lua,884,onTextChange
lua,modules/game_bot/default_configs/vBot_4.8/vBot/AttackBot.lua,888,onClick
lua,modules/game_bot/default_configs/vBot_4.8/vBot/AttackBot.lua,892,onClick
lua,modules/game_bot/default_configs/vBot_4.8/vBot/AttackBot.lua,896,onClick
lua,modules/game_bot/default_configs/vBot_4.8/vBot/AttackBot.lua,900,onClick
lua,modules/game_bot/default_configs/vBot_4.8/vBot/AttackBot.lua,904,onClick
lua,modules/game_bot/default_configs/vBot_4.8/vBot/AttackBot.lua,908,onClick
lua,modules/game_bot/default_configs/vBot_4.8/vBot/AttackBot.lua,912,onClick
lua,modules/game_bot/default_configs/vBot_4.8/vBot/AttackBot.lua,916,onClick
lua,modules/game_bot/default_configs/vBot_4.8/vBot/AttackBot.lua,920,onClick
lua,modules/game_bot/default_configs/vBot_4.8/vBot/AttackBot.lua,924,onValueChange
lua,modules/game_bot/default_configs/vBot_4.8/vBot/AttackBot.lua,927,onValueChange
lua,modules/game_bot/default_configs/vBot_4.8/vBot/AttackBot.lua,933,onClick
lua,modules/game_bot/default_configs/vBot_4.8/vBot/AttackBot.lua,1004,onClick
lua,modules/game_bot/default_configs/vBot_4.8/vBot/Dropper.lua,88,onClick
lua,modules/game_bot/default_configs/vBot_4.8/vBot/Dropper.lua,98,onClick
lua,modules/game_bot/default_configs/vBot_4.8/vBot/npc_talk.lua,1,onAttackingCreatureChange
lua,modules/game_bot/default_configs/vBot_4.8/vBot/Containers.lua,98,g_ui.
lua,modules/game_bot/default_configs/vBot_4.8/vBot/Containers.lua,150,onEscape
lua,modules/game_bot/default_configs/vBot_4.8/vBot/Containers.lua,361,schedule
lua,modules/game_bot/default_configs/vBot_4.8/vBot/Containers.lua,371,schedule
lua,modules/game_bot/default_configs/vBot_4.8/vBot/Containers.lua,380,g_ui.
lua,modules/game_bot/default_configs/vBot_4.8/vBot/Containers.lua,385,onGeometryChange
lua,modules/game_bot/default_configs/vBot_4.8/vBot/Containers.lua,393,onClick
lua,modules/game_bot/default_configs/vBot_4.8/vBot/Containers.lua,399,onClick
lua,modules/game_bot/default_configs/vBot_4.8/vBot/Containers.lua,403,onClick
lua,modules/game_bot/default_configs/vBot_4.8/vBot/Containers.lua,411,onClick
lua,modules/game_bot/default_configs/vBot_4.8/vBot/Containers.lua,416,onClick
lua,modules/game_bot/default_configs/vBot_4.8/vBot/Containers.lua,420,onClick
lua,modules/game_bot/default_configs/vBot_4.8/vBot/Containers.lua,426,onClick
lua,modules/game_bot/default_configs/vBot_4.8/vBot/Containers.lua,432,onClick
lua,modules/game_bot/default_configs/vBot_4.8/vBot/Containers.lua,438,onClick
lua,modules/game_bot/default_configs/vBot_4.8/vBot/Containers.lua,461,g_ui.
lua,modules/game_bot/default_configs/vBot_4.8/vBot/Containers.lua,462,onMouseRelease
lua,modules/game_bot/default_configs/vBot_4.8/vBot/Containers.lua,471,onClick
lua,modules/game_bot/default_configs/vBot_4.8/vBot/Containers.lua,477,onClick
lua,modules/game_bot/default_configs/vBot_4.8/vBot/Containers.lua,482,onClick
lua,modules/game_bot/default_configs/vBot_4.8/vBot/Containers.lua,488,onClick
lua,modules/game_bot/default_configs/vBot_4.8/vBot/Containers.lua,508,onClick
lua,modules/game_bot/default_configs/vBot_4.8/vBot/Containers.lua,534,onContainerOpen
lua,modules/game_bot/default_configs/vBot_4.8/vBot/Containers.lua,555,schedule
lua,modules/game_bot/default_configs/vBot_4.8/vBot/Containers.lua,658,onContainerOpen
lua,modules/game_bot/default_configs/vBot_4.8/vBot/Containers.lua,662,onAddItem
lua,modules/game_bot/default_configs/vBot_4.8/vBot/Containers.lua,666,onPlayerInventoryChange
lua,modules/game_bot/default_configs/vBot_4.8/vBot/Containers.lua,670,onContainerClose
lua,modules/game_bot/default_configs/vBot_4.8/vBot/Conditions.lua,61,onClick
lua,modules/game_bot/default_configs/vBot_4.8/vBot/Conditions.lua,67,onClick
lua,modules/game_bot/default_configs/vBot_4.8/vBot/Conditions.lua,75,g_ui.
lua,modules/game_bot/default_configs/vBot_4.8/vBot/Conditions.lua,81,onVisibilityChange
lua,modules/game_bot/default_configs/vBot_4.8/vBot/Conditions.lua,89,onTextChange
lua,modules/game_bot/default_configs/vBot_4.8/vBot/Conditions.lua,94,onTextChange
lua,modules/game_bot/default_configs/vBot_4.8/vBot/Conditions.lua,99,onTextChange
lua,modules/game_bot/default_configs/vBot_4.8/vBot/Conditions.lua,104,onTextChange
lua,modules/game_bot/default_configs/vBot_4.8/vBot/Conditions.lua,109,onTextChange
lua,modules/game_bot/default_configs/vBot_4.8/vBot/Conditions.lua,114,onTextChange
lua,modules/game_bot/default_configs/vBot_4.8/vBot/Conditions.lua,119,onTextChange
lua,modules/game_bot/default_configs/vBot_4.8/vBot/Conditions.lua,124,onTextChange
lua,modules/game_bot/default_configs/vBot_4.8/vBot/Conditions.lua,129,onTextChange
lua,modules/game_bot/default_configs/vBot_4.8/vBot/Conditions.lua,134,onTextChange
lua,modules/game_bot/default_configs/vBot_4.8/vBot/Conditions.lua,139,onTextChange
lua,modules/game_bot/default_configs/vBot_4.8/vBot/Conditions.lua,144,onTextChange
lua,modules/game_bot/default_configs/vBot_4.8/vBot/Conditions.lua,150,onOptionChange
lua,modules/game_bot/default_configs/vBot_4.8/vBot/Conditions.lua,156,onClick
lua,modules/game_bot/default_configs/vBot_4.8/vBot/Conditions.lua,162,onClick
lua,modules/game_bot/default_configs/vBot_4.8/vBot/Conditions.lua,168,onClick
lua,modules/game_bot/default_configs/vBot_4.8/vBot/Conditions.lua,174,onClick
lua,modules/game_bot/default_configs/vBot_4.8/vBot/Conditions.lua,180,onClick
lua,modules/game_bot/default_configs/vBot_4.8/vBot/Conditions.lua,186,onClick
lua,modules/game_bot/default_configs/vBot_4.8/vBot/Conditions.lua,192,onClick
lua,modules/game_bot/default_configs/vBot_4.8/vBot/Conditions.lua,198,onClick
lua,modules/game_bot/default_configs/vBot_4.8/vBot/Conditions.lua,204,onClick
lua,modules/game_bot/default_configs/vBot_4.8/vBot/Conditions.lua,210,onClick
lua,modules/game_bot/default_configs/vBot_4.8/vBot/Conditions.lua,216,onClick
lua,modules/game_bot/default_configs/vBot_4.8/vBot/Conditions.lua,222,onClick
lua,modules/game_bot/default_configs/vBot_4.8/vBot/Conditions.lua,228,onClick
lua,modules/game_bot/default_configs/vBot_4.8/vBot/cavebot_control_panel.lua,3,g_ui.
lua,modules/game_bot/default_configs/vBot_4.8/vBot/Sio.lua,50,onClick
lua,modules/game_bot/default_configs/vBot_4.8/vBot/Sio.lua,54,onClick
lua,modules/game_bot/default_configs/vBot_4.8/vBot/Sio.lua,60,g_ui.
lua,modules/game_bot/default_configs/vBot_4.8/vBot/Sio.lua,67,onTextChange
lua,modules/game_bot/default_configs/vBot_4.8/vBot/Sio.lua,73,onClick
lua,modules/game_bot/default_configs/vBot_4.8/vBot/Sio.lua,78,onClick
lua,modules/game_bot/default_configs/vBot_4.8/vBot/Sio.lua,83,onClick
lua,modules/game_bot/default_configs/vBot_4.8/vBot/Sio.lua,88,onClick
lua,modules/game_bot/default_configs/vBot_4.8/vBot/Sio.lua,93,onClick
lua,modules/game_bot/default_configs/vBot_4.8/vBot/Sio.lua,98,onClick
lua,modules/game_bot/default_configs/vBot_4.8/vBot/Sio.lua,103,onClick
lua,modules/game_bot/default_configs/vBot_4.8/vBot/Sio.lua,108,onClick
lua,modules/game_bot/default_configs/vBot_4.8/vBot/Sio.lua,113,onClick
lua,modules/game_bot/default_configs/vBot_4.8/vBot/Sio.lua,131,onValueChange
lua,modules/game_bot/default_configs/vBot_4.8/vBot/Sio.lua,138,onValueChange
lua,modules/game_bot/default_configs/vBot_4.8/vBot/Sio.lua,145,onValueChange
lua,modules/game_bot/default_configs/vBot_4.8/vBot/Sio.lua,152,onItemChange
lua,modules/game_bot/default_configs/vBot_4.8/vBot/Sio.lua,156,onClick
lua,modules/game_bot/default_configs/vBot_4.8/vBot/analyzer.lua,91,g_ui.
lua,modules/game_bot/default_configs/vBot_4.8/vBot/analyzer.lua,204,onClick
lua,modules/game_bot/default_configs/vBot_4.8/vBot/analyzer.lua,207,onClose
lua,modules/game_bot/default_configs/vBot_4.8/vBot/analyzer.lua,210,onClick
lua,modules/game_bot/default_configs/vBot_4.8/vBot/analyzer.lua,213,onClick
lua,modules/game_bot/default_configs/vBot_4.8/vBot/analyzer.lua,216,onClick
lua,modules/game_bot/default_configs/vBot_4.8/vBot/analyzer.lua,219,onClick
lua,modules/game_bot/default_configs/vBot_4.8/vBot/analyzer.lua,222,onClick
lua,modules/game_bot/default_configs/vBot_4.8/vBot/analyzer.lua,225,onClick
lua,modules/game_bot/default_configs/vBot_4.8/vBot/analyzer.lua,228,onClick
lua,modules/game_bot/default_configs/vBot_4.8/vBot/analyzer.lua,231,onClick
lua,modules/game_bot/default_configs/vBot_4.8/vBot/analyzer.lua,236,onTextChange
lua,modules/game_bot/default_configs/vBot_4.8/vBot/analyzer.lua,283,onTalk
lua,modules/game_bot/default_configs/vBot_4.8/vBot/analyzer.lua,308,onAttackingCreatureChange
lua,modules/game_bot/default_configs/vBot_4.8/vBot/analyzer.lua,408,onDoubleClick
lua,modules/game_bot/default_configs/vBot_4.8/vBot/analyzer.lua,418,onItemChange
lua,modules/game_bot/default_configs/vBot_4.8/vBot/analyzer.lua,463,onDoubleClick
lua,modules/game_bot/default_configs/vBot_4.8/vBot/analyzer.lua,473,onItemChange
lua,modules/game_bot/default_configs/vBot_4.8/vBot/analyzer.lua,823,schedule
lua,modules/game_bot/default_configs/vBot_4.8/vBot/analyzer.lua,851,onDoubleClick
lua,modules/game_bot/default_configs/vBot_4.8/vBot/analyzer.lua,871,schedule
lua,modules/game_bot/default_configs/vBot_4.8/vBot/analyzer.lua,882,onTextMessage
lua,modules/game_bot/default_configs/vBot_4.8/vBot/analyzer.lua,943,schedule
lua,modules/game_bot/default_configs/vBot_4.8/vBot/analyzer.lua,964,schedule
lua,modules/game_bot/default_configs/vBot_4.8/vBot/analyzer.lua,1048,onClick
lua,modules/game_bot/default_configs/vBot_4.8/vBot/analyzer.lua,1052,onClick
lua,modules/game_bot/default_configs/vBot_4.8/vBot/analyzer.lua,1060,onClick
lua,modules/game_bot/default_configs/vBot_4.8/vBot/analyzer.lua,1105,onHoverChange
lua,modules/game_bot/default_configs/vBot_4.8/vBot/analyzer.lua,1116,onContainerOpen
lua,modules/game_bot/default_configs/vBot_4.8/vBot/analyzer.lua,1120,onAddItem
lua,modules/game_bot/default_configs/vBot_4.8/vBot/analyzer.lua,1124,onRemoveItem
lua,modules/game_bot/default_configs/vBot_4.8/vBot/analyzer.lua,1128,onContainerUpdateItem
lua,modules/game_bot/default_configs/vBot_4.8/vBot/analyzer.lua,1148,onClick
lua,modules/game_bot/default_configs/vBot_4.8/vBot/analyzer.lua,1151,schedule
lua,modules/game_bot/default_configs/vBot_4.8/vBot/analyzer.lua,1160,onClick
lua,modules/game_bot/default_configs/vBot_4.8/vBot/analyzer.lua,1178,schedule
lua,modules/game_bot/default_configs/vBot_4.8/vBot/analyzer.lua,1185,onClick
lua,modules/game_bot/default_configs/vBot_4.8/vBot/analyzer.lua,1191,onClick
lua,modules/game_bot/default_configs/vBot_4.8/vBot/analyzer.lua,1234,onTextMessage
lua,modules/game_bot/default_configs/vBot_4.8/vBot/analyzer.lua,1418,onAddItem
lua,modules/game_bot/default_configs/vBot_4.8/vBot/analyzer.lua,1436,onContainerUpdateItem
lua,modules/game_bot/default_configs/vBot_4.8/vBot/analyzer.lua,1459,onContainerUpdateItem
lua,modules/game_bot/default_configs/vBot_4.8/vBot/analyzer.lua,1479,onTextMessage
lua,modules/game_bot/default_configs/vBot_4.8/vBot/supplies.lua,131,onItemChange
lua,modules/game_bot/default_configs/vBot_4.8/vBot/supplies.lua,200,onVisibilityChange
lua,modules/game_bot/default_configs/vBot_4.8/vBot/supplies.lua,235,onClick
lua,modules/game_bot/default_configs/vBot_4.8/vBot/supplies.lua,244,onDoubleClick
lua,modules/game_bot/default_configs/vBot_4.8/vBot/supplies.lua,250,schedule
lua,modules/game_bot/default_configs/vBot_4.8/vBot/supplies.lua,258,onClick
lua,modules/game_bot/default_configs/vBot_4.8/vBot/supplies.lua,264,onTextChange
lua,modules/game_bot/default_configs/vBot_4.8/vBot/supplies.lua,286,onClick
lua,modules/game_bot/default_configs/vBot_4.8/vBot/supplies.lua,298,onClick
lua,modules/game_bot/default_configs/vBot_4.8/vBot/supplies.lua,303,onClick
lua,modules/game_bot/default_configs/vBot_4.8/vBot/supplies.lua,308,onClick
lua,modules/game_bot/default_configs/vBot_4.8/vBot/supplies.lua,313,onClick
lua,modules/game_bot/default_configs/vBot_4.8/vBot/supplies.lua,318,onTextChange
lua,modules/game_bot/default_configs/vBot_4.8/vBot/supplies.lua,329,onTextChange
lua,modules/game_bot/default_configs/vBot_4.8/vBot/supplies.lua,340,onClick
lua,modules/game_bot/default_configs/vBot_4.8/vBot/supplies.lua,353,onClick
lua,modules/game_bot/default_configs/vBot_4.8/vBot/supplies.lua,366,onMouseWheel
lua,modules/game_bot/default_configs/vBot_4.8/vBot/supplies.lua,368,onClick
lua,modules/game_bot/default_configs/vBot_4.8/vBot/supplies.lua,370,onClick
lua,modules/game_bot/default_configs/vBot_4.8/vBot/supplies.lua,374,onMouseWheel
lua,modules/game_bot/default_configs/vBot_4.8/vBot/exeta.lua,7,onCreatureHealthPercentChange
lua,modules/game_bot/default_configs/vBot_4.8/targetbot/creature_attack.lua,236,onPlayerPositionChange
lua,modules/game_bot/default_configs/vBot_4.8/targetbot/creature.lua,36,onDoubleClick
lua,modules/game_bot/default_configs/vBot_4.8/targetbot/creature.lua,37,schedule
lua,modules/game_bot/default_configs/vBot_4.8/targetbot/target.lua,26,onClick
lua,modules/game_bot/default_configs/vBot_4.8/targetbot/target.lua,145,onClick
lua,modules/game_bot/default_configs/vBot_4.8/targetbot/target.lua,152,onClick
lua,modules/game_bot/default_configs/vBot_4.8/targetbot/target.lua,163,onClick
lua,modules/game_bot/default_configs/vBot_4.8/targetbot/looting.lua,13,onItemsUpdate
lua,modules/game_bot/default_configs/vBot_4.8/targetbot/looting.lua,14,onContainersUpdate
lua,modules/game_bot/default_configs/vBot_4.8/targetbot/looting.lua,15,onClick
lua,modules/game_bot/default_configs/vBot_4.8/targetbot/looting.lua,19,onTextChange
lua,modules/game_bot/default_configs/vBot_4.8/targetbot/looting.lua,27,onTextChange
lua,modules/game_bot/default_configs/vBot_4.8/targetbot/looting.lua,37,onItemsUpdate
lua,modules/game_bot/default_configs/vBot_4.8/targetbot/looting.lua,43,onContainersUpdate
lua,modules/game_bot/default_configs/vBot_4.8/targetbot/looting.lua,260,onTextMessage
lua,modules/game_bot/default_configs/vBot_4.8/targetbot/looting.lua,287,onContainerOpen
lua,modules/game_bot/default_configs/vBot_4.8/targetbot/looting.lua,294,onCreatureDisappear
lua,modules/game_bot/default_configs/vBot_4.8/targetbot/looting.lua,306,schedule
lua,modules/game_bot/default_configs/vBot_4.8/targetbot/creature_editor.lua,12,onValueChange
lua,modules/game_bot/default_configs/vBot_4.8/targetbot/creature_editor.lua,22,onValueChange
lua,modules/game_bot/default_configs/vBot_4.8/targetbot/creature_editor.lua,35,onClick
lua,modules/game_bot/default_configs/vBot_4.8/targetbot/creature_editor.lua,54,onClick
lua,modules/game_bot/default_configs/vBot_4.8/targetbot/creature_editor.lua,57,onEscape
lua,modules/game_bot/default_configs/vBot_4.8/targetbot/creature_editor.lua,59,onClick
cpp,android/android_libs/include/opus_multistream.h,217,signal
cpp,android/android_libs/include/opus_multistream.h,220,signal
cpp,android/android_libs/include/opus_multistream.h,246,signal
cpp,android/android_libs/include/opus_multistream.h,287,signal
cpp,android/android_libs/include/opus_multistream.h,290,signal
cpp,android/android_libs/include/opus_multistream.h,316,signal
cpp,android/android_libs/include/opus_multistream.h,349,signal
cpp,android/android_libs/include/opus_multistream.h,355,signal
cpp,android/android_libs/include/opus_multistream.h,387,signal
cpp,android/android_libs/include/opus_multistream.h,400,signal
cpp,android/android_libs/include/opus_multistream.h,563,signal
cpp,android/android_libs/include/opus_multistream.h,601,signal
cpp,android/android_libs/include/opus.h,180,signal
cpp,android/android_libs/include/opus.h,197,signal
cpp,android/android_libs/include/opus.h,200,signal
cpp,android/android_libs/include/opus.h,221,signal
cpp,android/android_libs/include/opus.h,224,signal
cpp,android/android_libs/include/opus.h,237,signal
cpp,android/android_libs/include/opus.h,239,signal
cpp,android/android_libs/include/opus.h,280,signal
cpp,android/android_libs/include/opus.h,450,signal
cpp,android/android_libs/include/opus.h,475,signal
cpp,android/android_libs/include/opus.h,596,signal
cpp,android/android_libs/include/opus.h,597,signal
cpp,android/android_libs/include/opus.h,598,signal
cpp,android/android_libs/include/opus_custom.h,194,signal
cpp,android/android_libs/include/opus_custom.h,215,signal
cpp,android/android_libs/include/opus_custom.h,298,signal
cpp,android/android_libs/include/opus_custom.h,315,signal
cpp,android/android_libs/include/opus_projection.h,132,signal
cpp,android/android_libs/include/opus_projection.h,135,signal
cpp,android/android_libs/include/opus_projection.h,150,signal
cpp,android/android_libs/include/opus_projection.h,181,signal
cpp,android/android_libs/include/opus_projection.h,184,signal
cpp,android/android_libs/include/opus_projection.h,204,signal
cpp,android/android_libs/include/opus_projection.h,227,signal
cpp,android/android_libs/include/opus_projection.h,233,signal
cpp,android/android_libs/include/opus_projection.h,266,signal
cpp,android/android_libs/include/opus_projection.h,279,signal
cpp,android/android_libs/include/opus_projection.h,465,signal
cpp,android/android_libs/include/opus_projection.h,504,signal
cpp,android/android_libs/include/opus_defines.h,339,signal
cpp,android/android_libs/include/opus_defines.h,411,signal
cpp,android/android_libs/include/opus_defines.h,422,signal
cpp,android/android_libs/include/opus_defines.h,440,signal
cpp,android/android_libs/include/opus_defines.h,454,signal
cpp,android/android_libs/include/opus_defines.h,533,signal
cpp,android/android_libs/include/opus_defines.h,537,signal
cpp,android/android_libs/include/opus_defines.h,552,signal
cpp,android/android_libs/include/opus_defines.h,745,signal
cpp,android/android_libs/include/opus_defines.h,750,signal
cpp,android/android_libs/include/boost/asio.hpp,55,dispatch
cpp,android/android_libs/include/boost/signals2.hpp,19,signal
cpp,android/android_libs/include/boost/iterator/transform_iterator.hpp,58,signal
cpp,android/android_libs/include/boost/fiber/policy.hpp,24,dispatch
cpp,android/android_libs/include/boost/fiber/scheduler.hpp,125,dispatch
cpp,android/android_libs/include/boost/python/make_function.hpp,66,dispatch
cpp,android/android_libs/include/boost/python/make_constructor.hpp,40,dispatch
cpp,android/android_libs/include/boost/python/make_constructor.hpp,46,dispatch
cpp,android/android_libs/include/boost/python/make_constructor.hpp,50,dispatch
cpp,android/android_libs/include/boost/python/make_constructor.hpp,53,dispatch
cpp,android/android_libs/include/boost/python/make_constructor.hpp,58,dispatch
cpp,android/android_libs/include/boost/python/make_constructor.hpp,203,dispatch
cpp,android/android_libs/include/boost/python/data_members.hpp,140,dispatch
cpp,android/android_libs/include/boost/python/data_members.hpp,199,dispatch
cpp,android/android_libs/include/boost/python/data_members.hpp,205,dispatch
cpp,android/android_libs/include/boost/gil/image_view_factory.hpp,333,dispatch
cpp,android/android_libs/include/boost/gil/image_view_factory.hpp,468,dispatch
cpp,android/android_libs/include/boost/gil/algorithm.hpp,98,dispatch
cpp,android/android_libs/include/boost/gil/algorithm.hpp,106,dispatch
cpp,android/android_libs/include/boost/multi_index/random_access_index.hpp,340,emplace
cpp,android/android_libs/include/boost/multi_index/sequenced_index.hpp,306,emplace
cpp,android/android_libs/include/boost/multi_index/ranked_index.hpp,146,dispatch
cpp,android/android_libs/include/boost/multi_index/ranked_index.hpp,148,dispatch
cpp,android/android_libs/include/boost/multi_index/hashed_index.hpp,258,emplace
cpp,android/android_libs/include/boost/iostreams/checked_operations.hpp,15,dispatch
cpp,android/android_libs/include/boost/iostreams/checked_operations.hpp,44,dispatch
cpp,android/android_libs/include/boost/iostreams/checked_operations.hpp,52,dispatch
cpp,android/android_libs/include/boost/iostreams/checked_operations.hpp,59,dispatch
cpp,android/android_libs/include/boost/iostreams/checked_operations.hpp,67,dispatch
cpp,android/android_libs/include/boost/iostreams/checked_operations.hpp,77,dispatch
cpp,android/android_libs/include/boost/iostreams/flush.hpp,17,dispatch
cpp,android/android_libs/include/boost/iostreams/flush.hpp,58,dispatch
cpp,android/android_libs/include/boost/iostreams/flush.hpp,100,dispatch
cpp,android/android_libs/include/boost/iostreams/categories.hpp,20,dispatch
cpp,android/android_libs/include/boost/iostreams/imbue.hpp,17,dispatch
cpp,android/android_libs/include/boost/iostreams/imbue.hpp,30,dispatch
cpp,android/android_libs/include/boost/iostreams/imbue.hpp,51,dispatch
cpp,android/android_libs/include/boost/iostreams/write.hpp,19,dispatch
cpp,android/android_libs/include/boost/iostreams/write.hpp,68,dispatch
cpp,android/android_libs/include/boost/iostreams/write.hpp,129,dispatch
cpp,android/android_libs/include/boost/iostreams/read.hpp,19,dispatch
cpp,android/android_libs/include/boost/iostreams/read.hpp,98,dispatch
cpp,android/android_libs/include/boost/iostreams/read.hpp,200,dispatch
cpp,android/android_libs/include/boost/iostreams/optimal_buffer_size.hpp,18,dispatch
cpp,android/android_libs/include/boost/iostreams/optimal_buffer_size.hpp,53,dispatch
cpp,android/android_libs/include/boost/iostreams/seek.hpp,18,dispatch
cpp,android/android_libs/include/boost/iostreams/seek.hpp,70,dispatch
cpp,android/android_libs/include/boost/iostreams/seek.hpp,149,dispatch
cpp,android/android_libs/include/boost/signals2/last_value.hpp,24,signal
cpp,android/android_libs/include/boost/signals2/connection.hpp,2,signal
cpp,android/android_libs/include/boost/signals2/connection.hpp,105,signal
cpp,android/android_libs/include/boost/signals2/signal_type.hpp,4,signal
cpp,android/android_libs/include/boost/signals2/signal_type.hpp,33,signal
cpp,android/android_libs/include/boost/signals2/signal_type.hpp,113,signal
cpp,android/android_libs/include/boost/signals2/trackable.hpp,32,signal
cpp,android/android_libs/include/boost/signals2/dummy_mutex.hpp,3,signal
cpp,android/android_libs/include/boost/signals2/signal.hpp,54,signal
cpp,android/android_libs/include/boost/signals2/signal.hpp,55,signal
cpp,android/android_libs/include/boost/signals2/slot_base.hpp,97,signal
cpp,android/android_libs/include/boost/signals2/slot_base.hpp,99,signal
cpp,android/android_libs/include/boost/signals2/variadic_signal.hpp,2,signal
cpp,android/android_libs/include/boost/signals2/preprocessed_signal.hpp,43,signal
cpp,android/android_libs/include/boost/signals2/preprocessed_signal.hpp,50,signal
cpp,android/android_libs/include/boost/signals2/preprocessed_signal.hpp,54,signal
cpp,android/android_libs/include/boost/signals2/preprocessed_signal.hpp,55,signal
cpp,android/android_libs/include/boost/move/unique_ptr.hpp,61,dispatch
cpp,android/android_libs/include/boost/move/unique_ptr.hpp,62,dispatch
cpp,android/android_libs/include/boost/move/unique_ptr.hpp,64,dispatch
cpp,android/android_libs/include/boost/move/unique_ptr.hpp,267,dispatch
cpp,android/android_libs/include/boost/move/unique_ptr.hpp,268,dispatch
cpp,android/android_libs/include/boost/move/unique_ptr.hpp,271,dispatch
cpp,android/android_libs/include/boost/hana/filter.hpp,21,dispatch
cpp,android/android_libs/include/boost/hana/none_of.hpp,18,dispatch
cpp,android/android_libs/include/boost/hana/adjust.hpp,18,dispatch
cpp,android/android_libs/include/boost/hana/unique.hpp,17,dispatch
cpp,android/android_libs/include/boost/hana/group.hpp,18,dispatch
cpp,android/android_libs/include/boost/hana/fill.hpp,18,dispatch
cpp,android/android_libs/include/boost/hana/take_back.hpp,19,dispatch
cpp,android/android_libs/include/boost/hana/fold_right.hpp,17,dispatch
cpp,android/android_libs/include/boost/hana/or.hpp,17,dispatch
cpp,android/android_libs/include/boost/hana/span.hpp,18,dispatch
cpp,android/android_libs/include/boost/hana/accessors.hpp,17,dispatch
cpp,android/android_libs/include/boost/hana/back.hpp,18,dispatch
cpp,android/android_libs/include/boost/hana/less.hpp,24,dispatch
cpp,android/android_libs/include/boost/hana/fold_left.hpp,17,dispatch
cpp,android/android_libs/include/boost/hana/length.hpp,17,dispatch
cpp,android/android_libs/include/boost/hana/cartesian_product.hpp,18,dispatch
cpp,android/android_libs/include/boost/hana/extend.hpp,17,dispatch
cpp,android/android_libs/include/boost/hana/unfold_left.hpp,18,dispatch
cpp,android/android_libs/include/boost/hana/ap.hpp,19,dispatch
cpp,android/android_libs/include/boost/hana/concat.hpp,19,dispatch
cpp,android/android_libs/include/boost/hana/difference.hpp,16,dispatch
cpp,android/android_libs/include/boost/hana/prefix.hpp,19,dispatch
cpp,android/android_libs/include/boost/hana/transform.hpp,19,dispatch
cpp,android/android_libs/include/boost/hana/members.hpp,18,dispatch
cpp,android/android_libs/include/boost/hana/lift.hpp,18,dispatch
cpp,android/android_libs/include/boost/hana/monadic_fold_right.hpp,19,dispatch
cpp,android/android_libs/include/boost/hana/at_key.hpp,21,dispatch
cpp,android/android_libs/include/boost/hana/first.hpp,17,dispatch
cpp,android/android_libs/include/boost/hana/plus.hpp,20,dispatch
cpp,android/android_libs/include/boost/hana/eval.hpp,16,dispatch
cpp,android/android_libs/include/boost/hana/suffix.hpp,18,dispatch
cpp,android/android_libs/include/boost/hana/min.hpp,17,dispatch
cpp,android/android_libs/include/boost/hana/partition.hpp,18,dispatch
cpp,android/android_libs/include/boost/hana/any_of.hpp,22,dispatch
cpp,android/android_libs/include/boost/hana/empty.hpp,18,dispatch
cpp,android/android_libs/include/boost/hana/not.hpp,19,dispatch
cpp,android/android_libs/include/boost/hana/erase_key.hpp,16,dispatch
cpp,android/android_libs/include/boost/hana/duplicate.hpp,17,dispatch
cpp,android/android_libs/include/boost/hana/cycle.hpp,21,dispatch
cpp,android/android_libs/include/boost/hana/count_if.hpp,17,dispatch
cpp,android/android_libs/include/boost/hana/all.hpp,18,dispatch
cpp,android/android_libs/include/boost/hana/all_of.hpp,18,dispatch
cpp,android/android_libs/include/boost/hana/for_each.hpp,17,dispatch
cpp,android/android_libs/include/boost/hana/not_equal.hpp,18,dispatch
cpp,android/android_libs/include/boost/hana/find.hpp,17,dispatch
cpp,android/android_libs/include/boost/hana/mod.hpp,19,dispatch
cpp,android/android_libs/include/boost/hana/front.hpp,18,dispatch
cpp,android/android_libs/include/boost/hana/tap.hpp,17,dispatch
cpp,android/android_libs/include/boost/hana/mult.hpp,19,dispatch
cpp,android/android_libs/include/boost/hana/none.hpp,17,dispatch
cpp,android/android_libs/include/boost/hana/append.hpp,20,dispatch
cpp,android/android_libs/include/boost/hana/eval_if.hpp,19,dispatch
cpp,android/android_libs/include/boost/hana/one.hpp,19,dispatch
cpp,android/android_libs/include/boost/hana/negate.hpp,17,dispatch
cpp,android/android_libs/include/boost/hana/max.hpp,17,dispatch
cpp,android/android_libs/include/boost/hana/remove_if.hpp,17,dispatch
cpp,android/android_libs/include/boost/hana/power.hpp,18,dispatch
cpp,android/android_libs/include/boost/hana/contains.hpp,18,dispatch
cpp,android/android_libs/include/boost/hana/find_if.hpp,23,dispatch
cpp,android/android_libs/include/boost/hana/greater_equal.hpp,19,dispatch
cpp,android/android_libs/include/boost/hana/lexicographical_compare.hpp,18,dispatch
cpp,android/android_libs/include/boost/hana/equal.hpp,28,dispatch
cpp,android/android_libs/include/boost/hana/value.hpp,18,dispatch
cpp,android/android_libs/include/boost/hana/zip_shortest_with.hpp,16,dispatch
cpp,android/android_libs/include/boost/hana/scan_right.hpp,18,dispatch
cpp,android/android_libs/include/boost/hana/while.hpp,21,dispatch
cpp,android/android_libs/include/boost/hana/replace.hpp,17,dispatch
cpp,android/android_libs/include/boost/hana/adjust_if.hpp,18,dispatch
cpp,android/android_libs/include/boost/hana/product.hpp,18,dispatch
cpp,android/android_libs/include/boost/hana/take_while.hpp,17,dispatch
cpp,android/android_libs/include/boost/hana/zip_shortest.hpp,17,dispatch
cpp,android/android_libs/include/boost/hana/zip.hpp,17,dispatch
cpp,android/android_libs/include/boost/hana/replicate.hpp,18,dispatch
cpp,android/android_libs/include/boost/hana/minus.hpp,20,dispatch
cpp,android/android_libs/include/boost/hana/insert.hpp,19,dispatch
cpp,android/android_libs/include/boost/hana/monadic_fold_left.hpp,19,dispatch
cpp,android/android_libs/include/boost/hana/div.hpp,19,dispatch
cpp,android/android_libs/include/boost/hana/reverse.hpp,18,dispatch
cpp,android/android_libs/include/boost/hana/replace_if.hpp,18,dispatch
cpp,android/android_libs/include/boost/hana/core.hpp,16,dispatch
cpp,android/android_libs/include/boost/hana/keys.hpp,18,dispatch
cpp,android/android_libs/include/boost/hana/repeat.hpp,17,dispatch
cpp,android/android_libs/include/boost/hana/at.hpp,18,dispatch
cpp,android/android_libs/include/boost/hana/slice.hpp,19,dispatch
cpp,android/android_libs/include/boost/hana/scan_left.hpp,18,dispatch
cpp,android/android_libs/include/boost/hana/remove.hpp,17,dispatch
cpp,android/android_libs/include/boost/hana/take_front.hpp,19,dispatch
cpp,android/android_libs/include/boost/hana/drop_front.hpp,18,dispatch
cpp,android/android_libs/include/boost/hana/symmetric_difference.hpp,16,dispatch
cpp,android/android_libs/include/boost/hana/union.hpp,16,dispatch
cpp,android/android_libs/include/boost/hana/sort.hpp,18,dispatch
cpp,android/android_libs/include/boost/hana/remove_at.hpp,19,dispatch
cpp,android/android_libs/include/boost/hana/minimum.hpp,17,dispatch
cpp,android/android_libs/include/boost/hana/sum.hpp,18,dispatch
cpp,android/android_libs/include/boost/hana/drop_back.hpp,19,dispatch
cpp,android/android_libs/include/boost/hana/flatten.hpp,18,dispatch
cpp,android/android_libs/include/boost/hana/drop_while.hpp,18,dispatch
cpp,android/android_libs/include/boost/hana/zip_with.hpp,18,dispatch
cpp,android/android_libs/include/boost/hana/unfold_right.hpp,17,dispatch
cpp,android/android_libs/include/boost/hana/then.hpp,18,dispatch
cpp,android/android_libs/include/boost/hana/drop_front_exactly.hpp,19,dispatch
cpp,android/android_libs/include/boost/hana/and.hpp,17,dispatch
cpp,android/android_libs/include/boost/hana/extract.hpp,17,dispatch
cpp,android/android_libs/include/boost/hana/remove_range.hpp,19,dispatch
cpp,android/android_libs/include/boost/hana/second.hpp,17,dispatch
cpp,android/android_libs/include/boost/hana/is_empty.hpp,17,dispatch
cpp,android/android_libs/include/boost/hana/less_equal.hpp,19,dispatch
cpp,android/android_libs/include/boost/hana/chain.hpp,17,dispatch
cpp,android/android_libs/include/boost/hana/maximum.hpp,17,dispatch
cpp,android/android_libs/include/boost/hana/any.hpp,18,dispatch
cpp,android/android_libs/include/boost/hana/is_subset.hpp,21,dispatch
cpp,android/android_libs/include/boost/hana/insert_range.hpp,20,dispatch
cpp,android/android_libs/include/boost/hana/is_disjoint.hpp,18,dispatch
cpp,android/android_libs/include/boost/hana/unpack.hpp,21,dispatch
cpp,android/android_libs/include/boost/hana/permutations.hpp,18,dispatch
cpp,android/android_libs/include/boost/hana/hash.hpp,18,dispatch
cpp,android/android_libs/include/boost/hana/count.hpp,17,dispatch
cpp,android/android_libs/include/boost/hana/if.hpp,17,dispatch
cpp,android/android_libs/include/boost/hana/prepend.hpp,20,dispatch
cpp,android/android_libs/include/boost/hana/intersection.hpp,16,dispatch
cpp,android/android_libs/include/boost/hana/greater.hpp,19,dispatch
cpp,android/android_libs/include/boost/hana/intersperse.hpp,19,dispatch
cpp,android/android_libs/include/boost/hana/monadic_compose.hpp,18,dispatch
cpp,android/android_libs/include/boost/hana/zero.hpp,19,dispatch
cpp,android/android_libs/include/boost/filesystem/path.hpp,168,dispatch
cpp,android/android_libs/include/boost/filesystem/path.hpp,189,dispatch
cpp,android/android_libs/include/boost/filesystem/path.hpp,230,dispatch
cpp,android/android_libs/include/boost/filesystem/path.hpp,249,dispatch
cpp,android/android_libs/include/boost/filesystem/path.hpp,310,dispatch
cpp,android/android_libs/include/boost/filesystem/path.hpp,317,dispatch
cpp,android/android_libs/include/boost/filesystem/path.hpp,938,dispatch
cpp,android/android_libs/include/boost/filesystem/path.hpp,950,dispatch
cpp,android/android_libs/include/boost/filesystem/path_traits.hpp,223,dispatch
cpp,android/android_libs/include/boost/filesystem/path_traits.hpp,227,dispatch
cpp,android/android_libs/include/boost/filesystem/path_traits.hpp,233,dispatch
cpp,android/android_libs/include/boost/filesystem/path_traits.hpp,239,dispatch
cpp,android/android_libs/include/boost/filesystem/path_traits.hpp,245,dispatch
cpp,android/android_libs/include/boost/filesystem/path_traits.hpp,253,dispatch
cpp,android/android_libs/include/boost/filesystem/path_traits.hpp,259,dispatch
cpp,android/android_libs/include/boost/filesystem/path_traits.hpp,265,dispatch
cpp,android/android_libs/include/boost/filesystem/path_traits.hpp,271,dispatch
cpp,android/android_libs/include/boost/filesystem/path_traits.hpp,282,dispatch
cpp,android/android_libs/include/boost/filesystem/path_traits.hpp,293,dispatch
cpp,android/android_libs/include/boost/filesystem/path_traits.hpp,295,dispatch
cpp,android/android_libs/include/boost/filesystem/path_traits.hpp,300,dispatch
cpp,android/android_libs/include/boost/filesystem/path_traits.hpp,304,dispatch
cpp,android/android_libs/include/boost/filesystem/path_traits.hpp,317,dispatch
cpp,android/android_libs/include/boost/filesystem/path_traits.hpp,328,dispatch
cpp,android/android_libs/include/boost/filesystem/path_traits.hpp,330,dispatch
cpp,android/android_libs/include/boost/filesystem/path_traits.hpp,335,dispatch
cpp,android/android_libs/include/boost/filesystem/path_traits.hpp,339,dispatch
cpp,android/android_libs/include/boost/wave/wave_config.hpp,128,emit
cpp,android/android_libs/include/boost/exception/to_string_stub.hpp,75,dispatch
cpp,android/android_libs/include/boost/exception/to_string_stub.hpp,95,dispatch
cpp,android/android_libs/include/boost/exception/to_string_stub.hpp,103,dispatch
cpp,android/android_libs/include/boost/thread/user_scheduler.hpp,107,signal
cpp,android/android_libs/include/boost/thread/future.hpp,621,emplace
cpp,android/android_libs/include/boost/thread/future.hpp,2453,emplace
cpp,android/android_libs/include/boost/thread/future.hpp,4394,emplace
cpp,android/android_libs/include/boost/thread/latch.hpp,127,signal
cpp,android/android_libs/include/boost/thread/completion_latch.hpp,156,signal
cpp,android/android_libs/include/boost/pending/container_traits.hpp,562,dispatch
cpp,android/android_libs/include/boost/graph/strong_components.hpp,116,dispatch
cpp,android/android_libs/include/boost/graph/strong_components.hpp,118,dispatch
cpp,android/android_libs/include/boost/graph/graph_mutability_traits.hpp,22,dispatch
cpp,android/android_libs/include/boost/graph/maximum_adjacency_search.hpp,318,dispatch
cpp,android/android_libs/include/boost/graph/plod_generator.hpp,175,signal
cpp,android/android_libs/include/boost/graph/labeled_graph.hpp,104,dispatch
cpp,android/android_libs/include/boost/graph/labeled_graph.hpp,126,dispatch
cpp,android/android_libs/include/boost/graph/labeled_graph.hpp,140,dispatch
cpp,android/android_libs/include/boost/graph/labeled_graph.hpp,167,dispatch
cpp,android/android_libs/include/boost/graph/labeled_graph.hpp,174,dispatch
cpp,android/android_libs/include/boost/graph/labeled_graph.hpp,193,dispatch
cpp,android/android_libs/include/boost/process/environment.hpp,302,emplace
cpp,android/android_libs/include/boost/process/environment.hpp,392,emplace
cpp,android/android_libs/include/boost/process/environment.hpp,519,emplace
cpp,android/android_libs/include/boost/process/posix.hpp,11,signal
cpp,android/android_libs/include/boost/random/random_device.hpp,58,signal
cpp,android/android_libs/include/boost/contract/call_if.hpp,78,dispatch
cpp,android/android_libs/include/boost/stacktrace/stacktrace.hpp,122,signal
cpp,android/android_libs/include/boost/stacktrace/stacktrace.hpp,133,signal
cpp,android/android_libs/include/boost/stacktrace/stacktrace.hpp,146,signal
cpp,android/android_libs/include/boost/stacktrace/stacktrace.hpp,164,signal
cpp,android/android_libs/include/boost/stacktrace/stacktrace.hpp,171,signal
cpp,android/android_libs/include/boost/stacktrace/stacktrace.hpp,180,signal
cpp,android/android_libs/include/boost/stacktrace/stacktrace.hpp,187,signal
cpp,android/android_libs/include/boost/stacktrace/stacktrace.hpp,194,signal
cpp,android/android_libs/include/boost/stacktrace/safe_dump_to.hpp,26,signal
cpp,android/android_libs/include/boost/stacktrace/safe_dump_to.hpp,114,signal
cpp,android/android_libs/include/boost/stacktrace/safe_dump_to.hpp,127,signal
cpp,android/android_libs/include/boost/stacktrace/safe_dump_to.hpp,146,signal
cpp,android/android_libs/include/boost/stacktrace/safe_dump_to.hpp,157,signal
cpp,android/android_libs/include/boost/safe_numerics/safe_base_operations.hpp,117,dispatch
cpp,android/android_libs/include/boost/safe_numerics/safe_base_operations.hpp,1731,dispatch
cpp,android/android_libs/include/boost/safe_numerics/exception_policies.hpp,58,emit
cpp,android/android_libs/include/boost/safe_numerics/exception_policies.hpp,146,dispatch
cpp,android/android_libs/include/boost/safe_numerics/exception_policies.hpp,158,dispatch
cpp,android/android_libs/include/boost/variant2/variant.hpp,533,emplace
cpp,android/android_libs/include/boost/variant2/variant.hpp,538,emplace
cpp,android/android_libs/include/boost/variant2/variant.hpp,540,emplace
cpp,android/android_libs/include/boost/variant2/variant.hpp,571,emplace
cpp,android/android_libs/include/boost/variant2/variant.hpp,579,emplace
cpp,android/android_libs/include/boost/variant2/variant.hpp,678,emplace
cpp,android/android_libs/include/boost/variant2/variant.hpp,688,emplace
cpp,android/android_libs/include/boost/variant2/variant.hpp,692,emplace
cpp,android/android_libs/include/boost/variant2/variant.hpp,747,emplace
cpp,android/android_libs/include/boost/variant2/variant.hpp,753,emplace
cpp,android/android_libs/include/boost/variant2/variant.hpp,758,emplace
cpp,android/android_libs/include/boost/variant2/variant.hpp,836,emplace
cpp,android/android_libs/include/boost/variant2/variant.hpp,848,emplace
cpp,android/android_libs/include/boost/variant2/variant.hpp,943,emplace
cpp,android/android_libs/include/boost/variant2/variant.hpp,949,emplace
cpp,android/android_libs/include/boost/variant2/variant.hpp,956,emplace
cpp,android/android_libs/include/boost/variant2/variant.hpp,1196,emplace
cpp,android/android_libs/include/boost/variant2/variant.hpp,1231,emplace
cpp,android/android_libs/include/boost/variant2/variant.hpp,1257,emplace
cpp,android/android_libs/include/boost/variant2/variant.hpp,1265,emplace
cpp,android/android_libs/include/boost/variant2/variant.hpp,1268,emplace
cpp,android/android_libs/include/boost/variant2/variant.hpp,1274,emplace
cpp,android/android_libs/include/boost/variant2/variant.hpp,1277,emplace
cpp,android/android_libs/include/boost/variant2/variant.hpp,1282,emplace
cpp,android/android_libs/include/boost/variant2/variant.hpp,1284,emplace
cpp,android/android_libs/include/boost/variant2/variant.hpp,1289,emplace
cpp,android/android_libs/include/boost/variant2/variant.hpp,1291,emplace
cpp,android/android_libs/include/boost/date_time/compiler_config.hpp,93,emit
cpp,android/android_libs/include/boost/parameter/parameters.hpp,184,emit
cpp,android/android_libs/include/boost/parameter/parameters.hpp,417,emit
cpp,android/android_libs/include/boost/polygon/polygon_90_set_traits.hpp,251,dispatch
cpp,android/android_libs/include/boost/asio/basic_seq_packet_socket.hpp,85,dispatch
cpp,android/android_libs/include/boost/asio/basic_seq_packet_socket.hpp,99,dispatch
cpp,android/android_libs/include/boost/asio/basic_seq_packet_socket.hpp,118,dispatch
cpp,android/android_libs/include/boost/asio/basic_seq_packet_socket.hpp,137,dispatch
cpp,android/android_libs/include/boost/asio/basic_seq_packet_socket.hpp,162,dispatch
cpp,android/android_libs/include/boost/asio/basic_seq_packet_socket.hpp,183,dispatch
cpp,android/android_libs/include/boost/asio/basic_seq_packet_socket.hpp,207,dispatch
cpp,android/android_libs/include/boost/asio/basic_seq_packet_socket.hpp,227,dispatch
cpp,android/android_libs/include/boost/asio/strand.hpp,180,dispatch
cpp,android/android_libs/include/boost/asio/strand.hpp,191,dispatch
cpp,android/android_libs/include/boost/asio/strand.hpp,193,dispatch
cpp,android/android_libs/include/boost/asio/strand.hpp,240,dispatch
cpp,android/android_libs/include/boost/asio/io_context.hpp,124,dispatch
cpp,android/android_libs/include/boost/asio/io_context.hpp,277,dispatch
cpp,android/android_libs/include/boost/asio/io_context.hpp,308,dispatch
cpp,android/android_libs/include/boost/asio/io_context.hpp,513,dispatch
cpp,android/android_libs/include/boost/asio/io_context.hpp,537,dispatch
cpp,android/android_libs/include/boost/asio/io_context.hpp,571,dispatch
cpp,android/android_libs/include/boost/asio/io_context.hpp,578,dispatch
cpp,android/android_libs/include/boost/asio/io_context.hpp,586,dispatch
cpp,android/android_libs/include/boost/asio/io_context.hpp,648,dispatch
cpp,android/android_libs/include/boost/asio/io_context.hpp,660,dispatch
cpp,android/android_libs/include/boost/asio/basic_socket_acceptor.hpp,119,dispatch
cpp,android/android_libs/include/boost/asio/basic_socket_acceptor.hpp,134,dispatch
cpp,android/android_libs/include/boost/asio/basic_socket_acceptor.hpp,151,dispatch
cpp,android/android_libs/include/boost/asio/basic_socket_acceptor.hpp,171,dispatch
cpp,android/android_libs/include/boost/asio/basic_socket_acceptor.hpp,197,dispatch
cpp,android/android_libs/include/boost/asio/basic_socket_acceptor.hpp,245,dispatch
cpp,android/android_libs/include/boost/asio/basic_socket_acceptor.hpp,297,dispatch
cpp,android/android_libs/include/boost/asio/basic_socket_acceptor.hpp,322,dispatch
cpp,android/android_libs/include/boost/asio/basic_waitable_timer.hpp,176,dispatch
cpp,android/android_libs/include/boost/asio/basic_waitable_timer.hpp,190,dispatch
cpp,android/android_libs/include/boost/asio/basic_waitable_timer.hpp,207,dispatch
cpp,android/android_libs/include/boost/asio/basic_waitable_timer.hpp,225,dispatch
cpp,android/android_libs/include/boost/asio/basic_waitable_timer.hpp,249,dispatch
cpp,android/android_libs/include/boost/asio/basic_waitable_timer.hpp,268,dispatch
cpp,android/android_libs/include/boost/asio/signal_set.hpp,24,signal
cpp,android/android_libs/include/boost/asio/system_executor.hpp,32,dispatch
cpp,android/android_libs/include/boost/asio/system_executor.hpp,69,dispatch
cpp,android/android_libs/include/boost/asio/basic_io_object.hpp,76,dispatch
cpp,android/android_libs/include/boost/asio/basic_io_object.hpp,79,dispatch
cpp,android/android_libs/include/boost/asio/basic_io_object.hpp,90,dispatch
cpp,android/android_libs/include/boost/asio/basic_io_object.hpp,93,dispatch
cpp,android/android_libs/include/boost/asio/defer.hpp,90,dispatch
cpp,android/android_libs/include/boost/asio/basic_datagram_socket.hpp,86,dispatch
cpp,android/android_libs/include/boost/asio/basic_datagram_socket.hpp,99,dispatch
cpp,android/android_libs/include/boost/asio/basic_datagram_socket.hpp,116,dispatch
cpp,android/android_libs/include/boost/asio/basic_datagram_socket.hpp,132,dispatch
cpp,android/android_libs/include/boost/asio/basic_datagram_socket.hpp,157,dispatch
cpp,android/android_libs/include/boost/asio/basic_datagram_socket.hpp,177,dispatch
cpp,android/android_libs/include/boost/asio/basic_datagram_socket.hpp,201,dispatch
cpp,android/android_libs/include/boost/asio/basic_datagram_socket.hpp,221,dispatch
cpp,android/android_libs/include/boost/asio/post.hpp,86,dispatch
cpp,android/android_libs/include/boost/asio/basic_signal_set.hpp,34,signal
cpp,android/android_libs/include/boost/asio/basic_signal_set.hpp,52,signal
cpp,android/android_libs/include/boost/asio/basic_signal_set.hpp,58,signal
cpp,android/android_libs/include/boost/asio/basic_signal_set.hpp,65,signal
cpp,android/android_libs/include/boost/asio/basic_signal_set.hpp,67,signal
cpp,android/android_libs/include/boost/asio/basic_signal_set.hpp,68,signal
cpp,android/android_libs/include/boost/asio/basic_signal_set.hpp,72,signal
cpp,android/android_libs/include/boost/asio/basic_signal_set.hpp,74,signal
cpp,android/android_libs/include/boost/asio/basic_signal_set.hpp,75,signal
cpp,android/android_libs/include/boost/asio/basic_signal_set.hpp,80,signal
cpp,android/android_libs/include/boost/asio/basic_signal_set.hpp,81,signal
cpp,android/android_libs/include/boost/asio/basic_signal_set.hpp,84,signal
cpp,android/android_libs/include/boost/asio/basic_signal_set.hpp,85,signal
cpp,android/android_libs/include/boost/asio/basic_signal_set.hpp,101,signal
cpp,android/android_libs/include/boost/asio/basic_signal_set.hpp,105,signal
cpp,android/android_libs/include/boost/asio/basic_signal_set.hpp,109,signal
cpp,android/android_libs/include/boost/asio/basic_signal_set.hpp,111,signal
cpp,android/android_libs/include/boost/asio/basic_signal_set.hpp,113,signal
cpp,android/android_libs/include/boost/asio/basic_signal_set.hpp,114,dispatch
cpp,android/android_libs/include/boost/asio/basic_signal_set.hpp,115,signal
cpp,android/android_libs/include/boost/asio/basic_signal_set.hpp,122,signal
cpp,android/android_libs/include/boost/asio/basic_signal_set.hpp,124,signal
cpp,android/android_libs/include/boost/asio/basic_signal_set.hpp,127,signal
cpp,android/android_libs/include/boost/asio/basic_signal_set.hpp,128,signal
cpp,android/android_libs/include/boost/asio/basic_signal_set.hpp,139,signal
cpp,android/android_libs/include/boost/asio/basic_signal_set.hpp,141,signal
cpp,android/android_libs/include/boost/asio/basic_signal_set.hpp,143,signal
cpp,android/android_libs/include/boost/asio/basic_signal_set.hpp,144,dispatch
cpp,android/android_libs/include/boost/asio/basic_signal_set.hpp,145,signal
cpp,android/android_libs/include/boost/asio/basic_signal_set.hpp,147,signal
cpp,android/android_libs/include/boost/asio/basic_signal_set.hpp,161,signal
cpp,android/android_libs/include/boost/asio/basic_signal_set.hpp,163,signal
cpp,android/android_libs/include/boost/asio/basic_signal_set.hpp,166,signal
cpp,android/android_libs/include/boost/asio/basic_signal_set.hpp,167,signal
cpp,android/android_libs/include/boost/asio/basic_signal_set.hpp,169,signal
cpp,android/android_libs/include/boost/asio/basic_signal_set.hpp,187,signal
cpp,android/android_libs/include/boost/asio/basic_signal_set.hpp,189,signal
cpp,android/android_libs/include/boost/asio/basic_signal_set.hpp,191,signal
cpp,android/android_libs/include/boost/asio/basic_signal_set.hpp,192,dispatch
cpp,android/android_libs/include/boost/asio/basic_signal_set.hpp,193,signal
cpp,android/android_libs/include/boost/asio/basic_signal_set.hpp,195,signal
cpp,android/android_libs/include/boost/asio/basic_signal_set.hpp,197,signal
cpp,android/android_libs/include/boost/asio/basic_signal_set.hpp,215,signal
cpp,android/android_libs/include/boost/asio/basic_signal_set.hpp,217,signal
cpp,android/android_libs/include/boost/asio/basic_signal_set.hpp,220,signal
cpp,android/android_libs/include/boost/asio/basic_signal_set.hpp,221,signal
cpp,android/android_libs/include/boost/asio/basic_signal_set.hpp,223,signal
cpp,android/android_libs/include/boost/asio/basic_signal_set.hpp,225,signal
cpp,android/android_libs/include/boost/asio/basic_signal_set.hpp,247,signal
cpp,android/android_libs/include/boost/asio/basic_signal_set.hpp,249,signal
cpp,android/android_libs/include/boost/asio/basic_signal_set.hpp,251,signal
cpp,android/android_libs/include/boost/asio/basic_signal_set.hpp,252,dispatch
cpp,android/android_libs/include/boost/asio/basic_signal_set.hpp,253,signal
cpp,android/android_libs/include/boost/asio/basic_signal_set.hpp,255,signal
cpp,android/android_libs/include/boost/asio/basic_signal_set.hpp,257,signal
cpp,android/android_libs/include/boost/asio/basic_signal_set.hpp,259,signal
cpp,android/android_libs/include/boost/asio/basic_signal_set.hpp,280,signal
cpp,android/android_libs/include/boost/asio/basic_signal_set.hpp,282,signal
cpp,android/android_libs/include/boost/asio/basic_signal_set.hpp,285,signal
cpp,android/android_libs/include/boost/asio/basic_signal_set.hpp,286,signal
cpp,android/android_libs/include/boost/asio/basic_signal_set.hpp,288,signal
cpp,android/android_libs/include/boost/asio/basic_signal_set.hpp,290,signal
cpp,android/android_libs/include/boost/asio/basic_signal_set.hpp,292,signal
cpp,android/android_libs/include/boost/asio/basic_signal_set.hpp,317,signal
cpp,android/android_libs/include/boost/asio/basic_signal_set.hpp,319,signal
cpp,android/android_libs/include/boost/asio/basic_signal_set.hpp,320,signal
cpp,android/android_libs/include/boost/asio/basic_signal_set.hpp,333,signal
cpp,android/android_libs/include/boost/asio/basic_signal_set.hpp,335,signal
cpp,android/android_libs/include/boost/asio/basic_signal_set.hpp,336,signal
cpp,android/android_libs/include/boost/asio/basic_signal_set.hpp,338,signal
cpp,android/android_libs/include/boost/asio/basic_signal_set.hpp,349,signal
cpp,android/android_libs/include/boost/asio/basic_signal_set.hpp,351,signal
cpp,android/android_libs/include/boost/asio/basic_signal_set.hpp,352,signal
cpp,android/android_libs/include/boost/asio/basic_signal_set.hpp,354,signal
cpp,android/android_libs/include/boost/asio/basic_signal_set.hpp,365,signal
cpp,android/android_libs/include/boost/asio/basic_signal_set.hpp,367,signal
cpp,android/android_libs/include/boost/asio/basic_signal_set.hpp,368,signal
cpp,android/android_libs/include/boost/asio/basic_signal_set.hpp,370,signal
cpp,android/android_libs/include/boost/asio/basic_signal_set.hpp,375,signal
cpp,android/android_libs/include/boost/asio/basic_signal_set.hpp,384,signal
cpp,android/android_libs/include/boost/asio/basic_signal_set.hpp,386,signal
cpp,android/android_libs/include/boost/asio/basic_signal_set.hpp,387,signal
cpp,android/android_libs/include/boost/asio/basic_signal_set.hpp,389,signal
cpp,android/android_libs/include/boost/asio/basic_signal_set.hpp,394,signal
cpp,android/android_libs/include/boost/asio/basic_signal_set.hpp,434,signal
cpp,android/android_libs/include/boost/asio/basic_signal_set.hpp,437,signal
cpp,android/android_libs/include/boost/asio/basic_signal_set.hpp,445,signal
cpp,android/android_libs/include/boost/asio/basic_signal_set.hpp,462,signal
cpp,android/android_libs/include/boost/asio/basic_signal_set.hpp,465,signal
cpp,android/android_libs/include/boost/asio/basic_signal_set.hpp,473,signal
cpp,android/android_libs/include/boost/asio/basic_signal_set.hpp,489,signal
cpp,android/android_libs/include/boost/asio/basic_signal_set.hpp,492,signal
cpp,android/android_libs/include/boost/asio/basic_signal_set.hpp,497,signal
cpp,android/android_libs/include/boost/asio/basic_signal_set.hpp,499,signal
cpp,android/android_libs/include/boost/asio/basic_signal_set.hpp,502,signal
cpp,android/android_libs/include/boost/asio/basic_signal_set.hpp,507,signal
cpp,android/android_libs/include/boost/asio/basic_stream_socket.hpp,90,dispatch
cpp,android/android_libs/include/boost/asio/basic_stream_socket.hpp,104,dispatch
cpp,android/android_libs/include/boost/asio/basic_stream_socket.hpp,122,dispatch
cpp,android/android_libs/include/boost/asio/basic_stream_socket.hpp,139,dispatch
cpp,android/android_libs/include/boost/asio/basic_stream_socket.hpp,163,dispatch
cpp,android/android_libs/include/boost/asio/basic_stream_socket.hpp,183,dispatch
cpp,android/android_libs/include/boost/asio/basic_stream_socket.hpp,206,dispatch
cpp,android/android_libs/include/boost/asio/basic_stream_socket.hpp,226,dispatch
cpp,android/android_libs/include/boost/asio/handler_invoke_hook.hpp,59,dispatch
cpp,android/android_libs/include/boost/asio/basic_deadline_timer.hpp,160,dispatch
cpp,android/android_libs/include/boost/asio/basic_deadline_timer.hpp,174,dispatch
cpp,android/android_libs/include/boost/asio/basic_deadline_timer.hpp,191,dispatch
cpp,android/android_libs/include/boost/asio/basic_deadline_timer.hpp,209,dispatch
cpp,android/android_libs/include/boost/asio/basic_deadline_timer.hpp,232,dispatch
cpp,android/android_libs/include/boost/asio/basic_deadline_timer.hpp,252,dispatch
cpp,android/android_libs/include/boost/asio/basic_socket.hpp,112,dispatch
cpp,android/android_libs/include/boost/asio/basic_socket.hpp,124,dispatch
cpp,android/android_libs/include/boost/asio/basic_socket.hpp,141,dispatch
cpp,android/android_libs/include/boost/asio/basic_socket.hpp,160,dispatch
cpp,android/android_libs/include/boost/asio/basic_socket.hpp,187,dispatch
cpp,android/android_libs/include/boost/asio/basic_socket.hpp,213,dispatch
cpp,android/android_libs/include/boost/asio/basic_socket.hpp,241,dispatch
cpp,android/android_libs/include/boost/asio/basic_socket.hpp,264,dispatch
cpp,android/android_libs/include/boost/asio/basic_socket.hpp,1312,signal
cpp,android/android_libs/include/boost/asio/basic_socket.hpp,1402,signal
cpp,android/android_libs/include/boost/asio/basic_socket.hpp,1495,signal
cpp,android/android_libs/include/boost/asio/executor.hpp,160,dispatch
cpp,android/android_libs/include/boost/asio/executor.hpp,286,dispatch
cpp,android/android_libs/include/boost/asio/basic_raw_socket.hpp,86,dispatch
cpp,android/android_libs/include/boost/asio/basic_raw_socket.hpp,99,dispatch
cpp,android/android_libs/include/boost/asio/basic_raw_socket.hpp,116,dispatch
cpp,android/android_libs/include/boost/asio/basic_raw_socket.hpp,132,dispatch
cpp,android/android_libs/include/boost/asio/basic_raw_socket.hpp,156,dispatch
cpp,android/android_libs/include/boost/asio/basic_raw_socket.hpp,176,dispatch
cpp,android/android_libs/include/boost/asio/basic_raw_socket.hpp,199,dispatch
cpp,android/android_libs/include/boost/asio/basic_raw_socket.hpp,219,dispatch
cpp,android/android_libs/include/boost/asio/thread_pool.hpp,36,dispatch
cpp,android/android_libs/include/boost/asio/thread_pool.hpp,140,dispatch
cpp,android/android_libs/include/boost/asio/thread_pool.hpp,152,dispatch
cpp,android/android_libs/include/boost/asio/io_context_strand.hpp,35,dispatch
cpp,android/android_libs/include/boost/asio/io_context_strand.hpp,58,dispatch
cpp,android/android_libs/include/boost/asio/io_context_strand.hpp,61,dispatch
cpp,android/android_libs/include/boost/asio/io_context_strand.hpp,64,dispatch
cpp,android/android_libs/include/boost/asio/io_context_strand.hpp,73,dispatch
cpp,android/android_libs/include/boost/asio/io_context_strand.hpp,74,dispatch
cpp,android/android_libs/include/boost/asio/io_context_strand.hpp,97,dispatch
cpp,android/android_libs/include/boost/asio/io_context_strand.hpp,146,dispatch
cpp,android/android_libs/include/boost/asio/io_context_strand.hpp,157,dispatch
cpp,android/android_libs/include/boost/asio/io_context_strand.hpp,160,dispatch
cpp,android/android_libs/include/boost/asio/io_context_strand.hpp,165,dispatch
cpp,android/android_libs/include/boost/asio/io_context_strand.hpp,187,dispatch
cpp,android/android_libs/include/boost/asio/io_context_strand.hpp,268,dispatch
cpp,android/android_libs/include/boost/asio/io_context_strand.hpp,275,dispatch
cpp,android/android_libs/include/boost/asio/io_context_strand.hpp,282,dispatch
cpp,android/android_libs/include/boost/asio/io_context_strand.hpp,300,dispatch
cpp,android/android_libs/include/boost/asio/io_context_strand.hpp,343,dispatch
cpp,android/android_libs/include/boost/asio/basic_serial_port.hpp,94,dispatch
cpp,android/android_libs/include/boost/asio/basic_serial_port.hpp,107,dispatch
cpp,android/android_libs/include/boost/asio/basic_serial_port.hpp,126,dispatch
cpp,android/android_libs/include/boost/asio/basic_serial_port.hpp,146,dispatch
cpp,android/android_libs/include/boost/asio/basic_serial_port.hpp,170,dispatch
cpp,android/android_libs/include/boost/asio/basic_serial_port.hpp,190,dispatch
cpp,android/android_libs/include/boost/asio/basic_serial_port.hpp,214,dispatch
cpp,android/android_libs/include/boost/asio/basic_serial_port.hpp,237,dispatch
cpp,android/android_libs/include/boost/asio/dispatch.hpp,2,dispatch
cpp,android/android_libs/include/boost/asio/dispatch.hpp,33,dispatch
cpp,android/android_libs/include/boost/asio/dispatch.hpp,49,dispatch
cpp,android/android_libs/include/boost/asio/dispatch.hpp,54,dispatch
cpp,android/android_libs/include/boost/asio/dispatch.hpp,61,dispatch
cpp,android/android_libs/include/boost/asio/dispatch.hpp,80,dispatch
cpp,android/android_libs/include/boost/asio/dispatch.hpp,83,dispatch
cpp,android/android_libs/include/boost/asio/dispatch.hpp,90,dispatch
cpp,android/android_libs/include/boost/asio/dispatch.hpp,98,dispatch
cpp,android/android_libs/include/boost/asio/dispatch.hpp,105,dispatch
cpp,android/android_libs/include/boost/asio/dispatch.hpp,118,dispatch
cpp,android/android_libs/include/boost/dll/runtime_symbol_info.hpp,51,signal
cpp,android/android_libs/include/boost/container/slist.hpp,1353,emplace
cpp,android/android_libs/include/boost/container/slist.hpp,1360,emplace
cpp,android/android_libs/include/boost/container/list.hpp,760,emplace
cpp,android/android_libs/include/boost/container/list.hpp,773,emplace
cpp,android/android_libs/include/boost/container/list.hpp,783,emplace
cpp,android/android_libs/include/boost/container/list.hpp,795,emplace
cpp,android/android_libs/include/boost/container/list.hpp,799,emplace
cpp,android/android_libs/include/boost/container/list.hpp,802,emplace
cpp,android/android_libs/include/boost/container/static_vector.hpp,770,emplace
cpp,android/android_libs/include/boost/container/flat_set.hpp,605,emplace
cpp,android/android_libs/include/boost/container/flat_set.hpp,628,emplace
cpp,android/android_libs/include/boost/container/flat_set.hpp,1567,emplace
cpp,android/android_libs/include/boost/container/flat_set.hpp,1589,emplace
cpp,android/android_libs/include/boost/container/deque.hpp,1449,emplace
cpp,android/android_libs/include/boost/container/deque.hpp,1504,emplace
cpp,android/android_libs/include/boost/container/deque.hpp,1637,emplace
cpp,android/android_libs/include/boost/container/vector.hpp,1285,emplace
cpp,android/android_libs/include/boost/container/vector.hpp,1829,emplace
cpp,android/android_libs/include/boost/container/vector.hpp,1871,emplace
cpp,android/android_libs/include/boost/container/vector.hpp,1969,emplace
cpp,android/android_libs/include/boost/container/flat_map.hpp,889,emplace
cpp,android/android_libs/include/boost/container/flat_map.hpp,989,emplace
cpp,android/android_libs/include/boost/container/flat_map.hpp,2343,emplace
cpp,android/android_libs/include/boost/container/flat_map.hpp,2370,emplace
cpp,android/android_libs/include/boost/container/throw_exception.hpp,110,signal
cpp,android/android_libs/include/boost/container/throw_exception.hpp,126,signal
cpp,android/android_libs/include/boost/container/set.hpp,544,emplace
cpp,android/android_libs/include/boost/container/set.hpp,564,emplace
cpp,android/android_libs/include/boost/container/set.hpp,1347,emplace
cpp,android/android_libs/include/boost/container/set.hpp,1366,emplace
cpp,android/android_libs/include/boost/container/map.hpp,856,emplace
cpp,android/android_libs/include/boost/container/map.hpp,937,emplace
cpp,android/android_libs/include/boost/container/map.hpp,1800,emplace
cpp,android/android_libs/include/boost/container/map.hpp,1820,emplace
cpp,android/android_libs/include/boost/container/stable_vector.hpp,1463,emplace
cpp,android/android_libs/include/boost/container/stable_vector.hpp,1488,emplace
cpp,android/android_libs/include/boost/container/stable_vector.hpp,1614,emplace
cpp,android/android_libs/include/boost/proto/matches.hpp,788,dispatch
cpp,android/android_libs/include/boost/unordered/unordered_map.hpp,219,emplace
cpp,android/android_libs/include/boost/unordered/unordered_map.hpp,224,emplace
cpp,android/android_libs/include/boost/unordered/unordered_map.hpp,235,emplace
cpp,android/android_libs/include/boost/unordered/unordered_map.hpp,239,emplace
cpp,android/android_libs/include/boost/unordered/unordered_map.hpp,244,emplace
cpp,android/android_libs/include/boost/unordered/unordered_map.hpp,250,emplace
cpp,android/android_libs/include/boost/unordered/unordered_map.hpp,259,emplace
cpp,android/android_libs/include/boost/unordered/unordered_map.hpp,270,emplace
cpp,android/android_libs/include/boost/unordered/unordered_map.hpp,343,emplace
cpp,android/android_libs/include/boost/unordered/unordered_map.hpp,379,emplace
cpp,android/android_libs/include/boost/unordered/unordered_map.hpp,384,emplace
cpp,android/android_libs/include/boost/unordered/unordered_map.hpp,393,emplace
cpp,android/android_libs/include/boost/unordered/unordered_map.hpp,1089,emplace
cpp,android/android_libs/include/boost/unordered/unordered_map.hpp,1093,emplace
cpp,android/android_libs/include/boost/unordered/unordered_map.hpp,1104,emplace
cpp,android/android_libs/include/boost/unordered/unordered_map.hpp,1108,emplace
cpp,android/android_libs/include/boost/unordered/unordered_map.hpp,1112,emplace
cpp,android/android_libs/include/boost/unordered/unordered_map.hpp,1117,emplace
cpp,android/android_libs/include/boost/unordered/unordered_map.hpp,1126,emplace
cpp,android/android_libs/include/boost/unordered/unordered_map.hpp,1136,emplace
cpp,android/android_libs/include/boost/unordered/unordered_map.hpp,1211,emplace
cpp,android/android_libs/include/boost/unordered/unordered_map.hpp,1244,emplace
cpp,android/android_libs/include/boost/unordered/unordered_map.hpp,1248,emplace
cpp,android/android_libs/include/boost/unordered/unordered_map.hpp,1257,emplace
cpp,android/android_libs/include/boost/unordered/unordered_set.hpp,217,emplace
cpp,android/android_libs/include/boost/unordered/unordered_set.hpp,222,emplace
cpp,android/android_libs/include/boost/unordered/unordered_set.hpp,233,emplace
cpp,android/android_libs/include/boost/unordered/unordered_set.hpp,237,emplace
cpp,android/android_libs/include/boost/unordered/unordered_set.hpp,242,emplace
cpp,android/android_libs/include/boost/unordered/unordered_set.hpp,248,emplace
cpp,android/android_libs/include/boost/unordered/unordered_set.hpp,257,emplace
cpp,android/android_libs/include/boost/unordered/unordered_set.hpp,268,emplace
cpp,android/android_libs/include/boost/unordered/unordered_set.hpp,341,emplace
cpp,android/android_libs/include/boost/unordered/unordered_set.hpp,377,emplace
cpp,android/android_libs/include/boost/unordered/unordered_set.hpp,382,emplace
cpp,android/android_libs/include/boost/unordered/unordered_set.hpp,772,emplace
cpp,android/android_libs/include/boost/unordered/unordered_set.hpp,776,emplace
cpp,android/android_libs/include/boost/unordered/unordered_set.hpp,787,emplace
cpp,android/android_libs/include/boost/unordered/unordered_set.hpp,791,emplace
cpp,android/android_libs/include/boost/unordered/unordered_set.hpp,795,emplace
cpp,android/android_libs/include/boost/unordered/unordered_set.hpp,800,emplace
cpp,android/android_libs/include/boost/unordered/unordered_set.hpp,809,emplace
cpp,android/android_libs/include/boost/unordered/unordered_set.hpp,819,emplace
cpp,android/android_libs/include/boost/unordered/unordered_set.hpp,894,emplace
cpp,android/android_libs/include/boost/unordered/unordered_set.hpp,927,emplace
cpp,android/android_libs/include/boost/unordered/unordered_set.hpp,931,emplace
cpp,android/android_libs/include/boost/test/execution_monitor.hpp,143,signal
cpp,android/android_libs/include/boost/test/execution_monitor.hpp,345,signal
cpp,android/android_libs/include/boost/test/execution_monitor.hpp,348,signal
cpp,android/android_libs/include/boost/test/execution_monitor.hpp,365,signal
cpp,android/android_libs/include/boost/histogram/storage_adaptor.hpp,160,emplace
cpp,android/android_libs/include/boost/histogram/storage_adaptor.hpp,173,emplace
cpp,android/android_libs/include/boost/histogram/storage_adaptor.hpp,185,emplace
cpp,android/android_libs/include/boost/histogram/storage_adaptor.hpp,205,emplace
cpp,android/android_libs/include/boost/histogram/storage_adaptor.hpp,219,emplace
cpp,android/android_libs/include/boost/serialization/singleton.hpp,96,signal
cpp,android/android_libs/include/boost/serialization/vector.hpp,133,dispatch
cpp,android/android_libs/include/boost/heap/d_ary_heap.hpp,227,emplace
cpp,android/android_libs/include/boost/heap/d_ary_heap.hpp,598,emplace
cpp,android/android_libs/include/boost/heap/d_ary_heap.hpp,600,emplace
cpp,android/android_libs/include/boost/heap/d_ary_heap.hpp,602,emplace
cpp,android/android_libs/include/boost/heap/pairing_heap.hpp,406,emplace
cpp,android/android_libs/include/boost/heap/skew_heap.hpp,451,emplace
cpp,android/android_libs/include/boost/heap/skew_heap.hpp,454,emplace
cpp,android/android_libs/include/boost/heap/skew_heap.hpp,807,emplace
cpp,android/android_libs/include/boost/heap/skew_heap.hpp,823,emplace
cpp,android/android_libs/include/boost/heap/binomial_heap.hpp,394,emplace
cpp,android/android_libs/include/boost/heap/priority_queue.hpp,268,emplace
cpp,android/android_libs/include/boost/heap/fibonacci_heap.hpp,394,emplace
cpp,android/android_libs/include/boost/optional/optional.hpp,1104,emplace
cpp,android/android_libs/include/boost/optional/optional.hpp,1121,emplace
cpp,android/android_libs/include/boost/optional/optional.hpp,1126,emplace
cpp,android/android_libs/include/boost/optional/optional.hpp,1150,emplace
cpp,android/android_libs/include/boost/optional/optional.hpp,1156,emplace
cpp,android/android_libs/include/boost/optional/optional.hpp,1161,emplace
cpp,android/android_libs/include/boost/math/special_functions/gamma.hpp,1435,dispatch
cpp,android/android_libs/include/boost/math/special_functions/bessel.hpp,7,dispatch
cpp,android/android_libs/include/boost/math/quadrature/naive_monte_carlo.hpp,330,signal
cpp,android/android_libs/include/boost/math/statistics/signal_statistics.hpp,128,signal
cpp,android/android_libs/include/boost/math/statistics/signal_statistics.hpp,131,signal
cpp,android/android_libs/include/boost/math/statistics/signal_statistics.hpp,137,signal
cpp,android/android_libs/include/boost/math/statistics/signal_statistics.hpp,139,signal
cpp,android/android_libs/include/boost/math/statistics/signal_statistics.hpp,140,signal
cpp,android/android_libs/include/boost/math/statistics/signal_statistics.hpp,158,signal
cpp,android/android_libs/include/boost/math/statistics/signal_statistics.hpp,160,signal
cpp,android/android_libs/include/boost/math/statistics/signal_statistics.hpp,161,signal
cpp,android/android_libs/include/boost/math/statistics/signal_statistics.hpp,178,signal
cpp,android/android_libs/include/boost/math/statistics/signal_statistics.hpp,180,signal
cpp,android/android_libs/include/boost/math/statistics/signal_statistics.hpp,181,signal
cpp,android/android_libs/include/boost/math/statistics/signal_statistics.hpp,197,signal
cpp,android/android_libs/include/boost/math/statistics/signal_statistics.hpp,200,signal
cpp,android/android_libs/include/boost/math/statistics/signal_statistics.hpp,202,signal
cpp,android/android_libs/include/boost/math/statistics/signal_statistics.hpp,205,signal
cpp,android/android_libs/include/boost/math/statistics/signal_statistics.hpp,207,signal
cpp,android/android_libs/include/boost/math/statistics/signal_statistics.hpp,209,signal
cpp,android/android_libs/include/boost/math/statistics/signal_statistics.hpp,225,signal
cpp,android/android_libs/include/boost/math/statistics/signal_statistics.hpp,228,signal
cpp,android/android_libs/include/boost/math/statistics/signal_statistics.hpp,234,signal
cpp,android/android_libs/include/boost/math/statistics/signal_statistics.hpp,237,signal
cpp,android/android_libs/include/boost/math/statistics/signal_statistics.hpp,247,signal
cpp,android/android_libs/include/boost/math/statistics/signal_statistics.hpp,265,signal
cpp,android/android_libs/include/boost/math/tools/signal_statistics.hpp,130,signal
cpp,android/android_libs/include/boost/math/tools/signal_statistics.hpp,133,signal
cpp,android/android_libs/include/boost/math/tools/signal_statistics.hpp,139,signal
cpp,android/android_libs/include/boost/math/tools/signal_statistics.hpp,141,signal
cpp,android/android_libs/include/boost/math/tools/signal_statistics.hpp,142,signal
cpp,android/android_libs/include/boost/math/tools/signal_statistics.hpp,160,signal
cpp,android/android_libs/include/boost/math/tools/signal_statistics.hpp,162,signal
cpp,android/android_libs/include/boost/math/tools/signal_statistics.hpp,163,signal
cpp,android/android_libs/include/boost/math/tools/signal_statistics.hpp,180,signal
cpp,android/android_libs/include/boost/math/tools/signal_statistics.hpp,182,signal
cpp,android/android_libs/include/boost/math/tools/signal_statistics.hpp,183,signal
cpp,android/android_libs/include/boost/math/tools/signal_statistics.hpp,199,signal
cpp,android/android_libs/include/boost/math/tools/signal_statistics.hpp,202,signal
cpp,android/android_libs/include/boost/math/tools/signal_statistics.hpp,204,signal
cpp,android/android_libs/include/boost/math/tools/signal_statistics.hpp,207,signal
cpp,android/android_libs/include/boost/math/tools/signal_statistics.hpp,209,signal
cpp,android/android_libs/include/boost/math/tools/signal_statistics.hpp,211,signal
cpp,android/android_libs/include/boost/math/tools/signal_statistics.hpp,227,signal
cpp,android/android_libs/include/boost/math/tools/signal_statistics.hpp,230,signal
cpp,android/android_libs/include/boost/math/tools/signal_statistics.hpp,236,signal
cpp,android/android_libs/include/boost/math/tools/signal_statistics.hpp,239,signal
cpp,android/android_libs/include/boost/math/tools/signal_statistics.hpp,249,signal
cpp,android/android_libs/include/boost/math/tools/signal_statistics.hpp,267,signal
cpp,android/android_libs/include/boost/math/interpolators/detail/cubic_b_spline_detail.hpp,174,signal
cpp,android/android_libs/include/boost/math/interpolators/detail/cardinal_cubic_b_spline_detail.hpp,174,signal
cpp,android/android_libs/include/boost/msm/mpl_graph/mpl_graph.hpp,40,dispatch
cpp,android/android_libs/include/boost/msm/back/state_machine.hpp,1030,dispatch
cpp,android/android_libs/include/boost/msm/back/state_machine.hpp,2115,dispatch
cpp,android/android_libs/include/boost/msm/back/favor_compile_time.hpp,290,dispatch
cpp,android/android_libs/include/boost/msm/back/dispatch_table.hpp,363,dispatch
cpp,android/android_libs/include/boost/regex/v4/regex_workaround.hpp,131,emit
cpp,android/android_libs/include/boost/regex/v4/regex_workaround.hpp,156,emit
cpp,android/android_libs/include/boost/regex/v4/perl_matcher_non_recursive.hpp,186,emit
cpp,android/android_libs/include/boost/regex/v4/perl_matcher_non_recursive.hpp,187,dispatch
cpp,android/android_libs/include/boost/regex/v4/perl_matcher_recursive.hpp,88,emit
cpp,android/android_libs/include/boost/regex/v4/perl_matcher_recursive.hpp,89,dispatch
cpp,android/android_libs/include/boost/python/detail/invoke.hpp,41,dispatch
cpp,android/android_libs/include/boost/python/detail/caller.hpp,57,dispatch
cpp,android/android_libs/include/boost/gil/extension/numeric/convolve.hpp,367,signal
cpp,android/android_libs/include/boost/gil/extension/dynamic_image/reduce.hpp,221,dispatch
cpp,android/android_libs/include/boost/multi_index/detail/index_node_base.hpp,77,emit
cpp,android/android_libs/include/boost/multi_index/detail/bucket_array.hpp,191,emit
cpp,android/android_libs/include/boost/multi_index/detail/ord_index_impl.hpp,293,emplace
cpp,android/android_libs/include/boost/multi_index/detail/ord_index_impl.hpp,595,dispatch
cpp,android/android_libs/include/boost/multi_index/detail/ord_index_impl.hpp,597,dispatch
cpp,android/android_libs/include/boost/iostreams/detail/dispatch.hpp,28,dispatch
cpp,android/android_libs/include/boost/iostreams/filter/test.hpp,178,dispatch
cpp,android/android_libs/include/boost/iostreams/filter/test.hpp,222,dispatch
cpp,android/android_libs/include/boost/iostreams/filter/test.hpp,313,dispatch
cpp,android/android_libs/include/boost/iostreams/detail/adapter/range_adapter.hpp,33,dispatch
cpp,android/android_libs/include/boost/iostreams/detail/adapter/concept_adapter.hpp,17,dispatch
cpp,android/android_libs/include/boost/iostreams/detail/adapter/concept_adapter.hpp,41,dispatch
cpp,android/android_libs/include/boost/iostreams/detail/adapter/concept_adapter.hpp,42,dispatch
cpp,android/android_libs/include/boost/multiprecision/cpp_int/serialize.hpp,199,dispatch
cpp,android/android_libs/include/boost/signals2/detail/tracked_objects_visitor.hpp,72,signal
cpp,android/android_libs/include/boost/signals2/detail/tracked_objects_visitor.hpp,74,signal
cpp,android/android_libs/include/boost/signals2/detail/tracked_objects_visitor.hpp,75,signal
cpp,android/android_libs/include/boost/signals2/detail/slot_template.hpp,119,signal
cpp,android/android_libs/include/boost/signals2/detail/slot_template.hpp,121,signal
cpp,android/android_libs/include/boost/signals2/detail/signal_template.hpp,224,emit
cpp,android/android_libs/include/boost/signals2/detail/signal_template.hpp,404,signal
cpp,android/android_libs/include/boost/signals2/detail/signal_template.hpp,405,signal
cpp,android/android_libs/include/boost/signals2/detail/signal_template.hpp,788,signal
cpp,android/android_libs/include/boost/signals2/detail/signal_template.hpp,789,signal
cpp,android/android_libs/include/boost/signals2/detail/signals_common.hpp,23,signal
cpp,android/android_libs/include/boost/signals2/detail/signals_common.hpp,28,signal
cpp,android/android_libs/include/boost/signals2/detail/signals_common.hpp,34,signal
cpp,android/android_libs/include/boost/signals2/detail/signals_common.hpp,49,signal
cpp,android/android_libs/include/boost/signals2/detail/signals_common.hpp,50,signal
cpp,android/android_libs/include/boost/signals2/detail/signals_common.hpp,62,signal
cpp,android/android_libs/include/boost/signals2/detail/signals_common_macros.hpp,23,signal
cpp,android/android_libs/include/boost/signals2/detail/signals_common_macros.hpp,146,signal
cpp,android/android_libs/include/boost/signals2/detail/variadic_slot_invoker.hpp,2,signal
cpp,android/android_libs/include/boost/log/sources/severity_feature.hpp,70,dispatch
cpp,android/android_libs/include/boost/log/attributes/attribute_value_impl.hpp,76,dispatch
cpp,android/android_libs/include/boost/log/attributes/value_visitation.hpp,149,dispatch
cpp,android/android_libs/include/boost/log/attributes/value_extraction.hpp,209,dispatch
cpp,android/android_libs/include/boost/log/attributes/attribute_value.hpp,80,dispatch
cpp,android/android_libs/include/boost/log/attributes/attribute_value.hpp,83,dispatch
cpp,android/android_libs/include/boost/log/attributes/attribute_value.hpp,193,dispatch
cpp,android/android_libs/include/boost/log/attributes/attribute_value.hpp,197,dispatch
cpp,android/android_libs/include/boost/log/attributes/attribute_value.hpp,200,dispatch
cpp,android/android_libs/include/boost/log/attributes/current_thread_id.hpp,63,dispatch
cpp,android/android_libs/include/boost/log/detail/config.hpp,213,emit
cpp,android/android_libs/include/boost/log/sinks/event_log_backend.hpp,378,emit
cpp,android/android_libs/include/boost/log/sinks/event_log_backend.hpp,497,emit
cpp,android/android_libs/include/boost/move/detail/unique_ptr_meta_utils.hpp,431,dispatch
cpp,android/android_libs/include/boost/move/detail/unique_ptr_meta_utils.hpp,432,dispatch
cpp,android/android_libs/include/boost/move/detail/unique_ptr_meta_utils.hpp,435,dispatch
cpp,android/android_libs/include/boost/move/detail/meta_utils.hpp,308,dispatch
cpp,android/android_libs/include/boost/move/detail/meta_utils.hpp,309,dispatch
cpp,android/android_libs/include/boost/move/detail/meta_utils.hpp,312,dispatch
cpp,android/android_libs/include/boost/atomic/detail/ops_msvc_x86.hpp,62,emit
cpp,android/android_libs/include/boost/lambda/detail/actions.hpp,58,signal
cpp,android/android_libs/include/boost/hana/experimental/printable.hpp,18,dispatch
cpp,android/android_libs/include/boost/hana/core/to.hpp,20,dispatch
cpp,android/android_libs/include/boost/hana/functional/demux.hpp,36,signal
cpp,android/android_libs/include/boost/hana/functional/demux.hpp,38,signal
cpp,android/android_libs/include/boost/hana/functional/demux.hpp,40,signal
cpp,android/android_libs/include/boost/hana/functional/infix.hpp,115,dispatch
cpp,android/android_libs/include/boost/hana/functional/infix.hpp,118,dispatch
cpp,android/android_libs/include/boost/hana/functional/infix.hpp,175,dispatch
cpp,android/android_libs/include/boost/hana/functional/infix.hpp,176,dispatch
cpp,android/android_libs/include/boost/spirit/home/support/attributes.hpp,1059,dispatch
cpp,android/android_libs/include/boost/spirit/home/support/attributes.hpp,1083,dispatch
cpp,android/android_libs/include/boost/spirit/home/support/attributes.hpp,1138,dispatch
cpp,android/android_libs/include/boost/spirit/home/karma/directive/columns.hpp,90,emit
cpp,android/android_libs/include/boost/spirit/home/karma/directive/columns.hpp,98,emit
cpp,android/android_libs/include/boost/spirit/home/karma/numeric/real_policies.hpp,114,emit
cpp,android/android_libs/include/boost/spirit/home/karma/numeric/real_policies.hpp,205,emit
cpp,android/android_libs/include/boost/spirit/home/karma/numeric/real_policies.hpp,230,emit
cpp,android/android_libs/include/boost/spirit/home/karma/numeric/real_policies.hpp,232,emit
cpp,android/android_libs/include/boost/spirit/home/karma/auto/meta_create.hpp,323,dispatch
cpp,android/android_libs/include/boost/spirit/home/karma/detail/pass_container.hpp,373,dispatch
cpp,android/android_libs/include/boost/spirit/home/qi/auto/meta_create.hpp,258,dispatch
cpp,android/android_libs/include/boost/spirit/home/qi/detail/pass_container.hpp,339,dispatch
cpp,android/android_libs/include/boost/spirit/home/classic/error_handling/exceptions.hpp,118,signal
cpp,android/android_libs/include/boost/spirit/home/classic/core/composite/actions.hpp,54,dispatch
cpp,android/android_libs/include/boost/spirit/home/support/utree/utree.hpp,468,dispatch
cpp,android/android_libs/include/boost/spirit/home/support/utree/utree.hpp,477,dispatch
cpp,android/android_libs/include/boost/spirit/home/support/utree/utree.hpp,486,dispatch
cpp,android/android_libs/include/boost/spirit/home/support/utree/operators.hpp,73,dispatch
cpp,android/android_libs/include/boost/spirit/home/support/utree/operators.hpp,79,dispatch
cpp,android/android_libs/include/boost/spirit/home/support/utree/operators.hpp,87,dispatch
cpp,android/android_libs/include/boost/spirit/home/support/utree/operators.hpp,129,dispatch
cpp,android/android_libs/include/boost/spirit/home/support/utree/operators.hpp,135,dispatch
cpp,android/android_libs/include/boost/spirit/home/support/utree/operators.hpp,143,dispatch
cpp,android/android_libs/include/boost/spirit/home/support/utree/operators.hpp,293,dispatch
cpp,android/android_libs/include/boost/spirit/home/support/utree/operators.hpp,300,dispatch
cpp,android/android_libs/include/boost/spirit/home/support/utree/operators.hpp,307,dispatch
cpp,android/android_libs/include/boost/spirit/home/support/utree/operators.hpp,314,dispatch
cpp,android/android_libs/include/boost/spirit/home/support/utree/operators.hpp,321,dispatch
cpp,android/android_libs/include/boost/spirit/home/support/utree/operators.hpp,330,dispatch
cpp,android/android_libs/include/boost/spirit/home/support/utree/operators.hpp,335,dispatch
cpp,android/android_libs/include/boost/spirit/home/support/utree/operators.hpp,342,dispatch
cpp,android/android_libs/include/boost/spirit/home/support/utree/operators.hpp,354,dispatch
cpp,android/android_libs/include/boost/spirit/home/support/utree/operators.hpp,360,dispatch
cpp,android/android_libs/include/boost/spirit/home/support/utree/operators.hpp,369,dispatch
cpp,android/android_libs/include/boost/spirit/home/support/utree/operators.hpp,376,dispatch
cpp,android/android_libs/include/boost/spirit/home/support/utree/operators.hpp,382,dispatch
cpp,android/android_libs/include/boost/spirit/home/support/utree/operators.hpp,391,dispatch
cpp,android/android_libs/include/boost/spirit/home/support/utree/operators.hpp,401,dispatch
cpp,android/android_libs/include/boost/spirit/home/support/utree/operators.hpp,407,dispatch
cpp,android/android_libs/include/boost/spirit/home/support/utree/operators.hpp,416,dispatch
cpp,android/android_libs/include/boost/spirit/home/support/utree/operators.hpp,423,dispatch
cpp,android/android_libs/include/boost/spirit/home/support/utree/operators.hpp,429,dispatch
cpp,android/android_libs/include/boost/spirit/home/support/utree/operators.hpp,438,dispatch
cpp,android/android_libs/include/boost/spirit/home/support/auto/meta_create.hpp,35,dispatch
cpp,android/android_libs/include/boost/spirit/home/support/utree/detail/utree_detail2.hpp,445,dispatch
cpp,android/android_libs/include/boost/spirit/home/support/utree/detail/utree_detail2.hpp,509,dispatch
cpp,android/android_libs/include/boost/spirit/home/support/utree/detail/utree_detail2.hpp,1526,dispatch
cpp,android/android_libs/include/boost/spirit/home/support/utree/detail/utree_detail2.hpp,1532,dispatch
cpp,android/android_libs/include/boost/spirit/home/support/utree/detail/utree_detail2.hpp,1548,dispatch
cpp,android/android_libs/include/boost/spirit/home/support/char_encoding/unicode/create_tables.cpp,152,signal
cpp,android/android_libs/include/boost/spirit/home/support/char_encoding/unicode/query.hpp,292,signal
cpp,android/android_libs/include/boost/spirit/home/support/char_encoding/unicode/query.hpp,299,signal
cpp,android/android_libs/include/boost/range/detail/default_constructible_unary_fn.hpp,44,emplace
cpp,android/android_libs/include/boost/beast/core/flat_stream.hpp,140,dispatch
cpp,android/android_libs/include/boost/beast/core/flat_stream.hpp,142,dispatch
cpp,android/android_libs/include/boost/beast/core/saved_handler.hpp,78,emplace
cpp,android/android_libs/include/boost/beast/core/saved_handler.hpp,91,emplace
cpp,android/android_libs/include/boost/beast/core/basic_stream.hpp,513,dispatch
cpp,android/android_libs/include/boost/beast/core/basic_stream.hpp,516,dispatch
cpp,android/android_libs/include/boost/beast/core/buffered_read_stream.hpp,154,dispatch
cpp,android/android_libs/include/boost/beast/core/buffered_read_stream.hpp,156,dispatch
cpp,android/android_libs/include/boost/beast/ssl/ssl_stream.hpp,116,dispatch
cpp,android/android_libs/include/boost/beast/ssl/ssl_stream.hpp,118,dispatch
cpp,android/android_libs/include/boost/beast/zlib/deflate_stream.hpp,383,emit
cpp,android/android_libs/include/boost/beast/websocket/stream.hpp,217,dispatch
cpp,android/android_libs/include/boost/beast/websocket/stream.hpp,219,dispatch
cpp,android/android_libs/include/boost/beast/http/chunk_encode.hpp,92,emit
cpp,android/android_libs/include/boost/beast/core/impl/saved_handler.hpp,100,emplace
cpp,android/android_libs/include/boost/beast/core/impl/saved_handler.hpp,139,emplace
cpp,android/android_libs/include/boost/beast/core/impl/saved_handler.hpp,143,emplace
cpp,android/android_libs/include/boost/beast/core/impl/string_param.hpp,38,emplace
cpp,android/android_libs/include/boost/beast/core/impl/string_param.hpp,90,emplace
cpp,android/android_libs/include/boost/beast/core/impl/buffers_cat.hpp,235,emplace
cpp,android/android_libs/include/boost/beast/core/impl/buffers_cat.hpp,264,emplace
cpp,android/android_libs/include/boost/beast/core/impl/buffers_cat.hpp,320,emplace
cpp,android/android_libs/include/boost/beast/core/impl/buffers_cat.hpp,330,emplace
cpp,android/android_libs/include/boost/beast/core/impl/buffers_cat.hpp,349,emplace
cpp,android/android_libs/include/boost/beast/core/impl/buffers_cat.hpp,360,emplace
cpp,android/android_libs/include/boost/beast/core/detail/bind_default_executor.hpp,15,dispatch
cpp,android/android_libs/include/boost/beast/core/detail/bind_default_executor.hpp,75,dispatch
cpp,android/android_libs/include/boost/beast/core/detail/remap_post_to_defer.hpp,84,dispatch
cpp,android/android_libs/include/boost/beast/core/detail/remap_post_to_defer.hpp,86,dispatch
cpp,android/android_libs/include/boost/beast/core/detail/buffer.hpp,41,emplace
cpp,android/android_libs/include/boost/beast/core/detail/buffer.hpp,63,emplace
cpp,android/android_libs/include/boost/beast/core/detail/variant.hpp,25,emplace
cpp,android/android_libs/include/boost/beast/core/detail/variant.hpp,198,emplace
cpp,android/android_libs/include/boost/beast/_experimental/http/icy_stream.hpp,111,dispatch
cpp,android/android_libs/include/boost/beast/_experimental/http/icy_stream.hpp,113,dispatch
cpp,android/android_libs/include/boost/beast/_experimental/unit_test/suite_list.hpp,72,emplace
cpp,android/android_libs/include/boost/beast/_experimental/unit_test/reporter.hpp,172,emplace
cpp,android/android_libs/include/boost/beast/_experimental/test/stream.hpp,248,dispatch
cpp,android/android_libs/include/boost/beast/_experimental/test/stream.hpp,259,dispatch
cpp,android/android_libs/include/boost/beast/_experimental/test/stream.hpp,276,dispatch
cpp,android/android_libs/include/boost/beast/_experimental/test/stream.hpp,291,dispatch
cpp,android/android_libs/include/boost/beast/_experimental/test/impl/stream.hpp,119,dispatch
cpp,android/android_libs/include/boost/beast/zlib/detail/deflate_stream.hpp,379,emit
cpp,android/android_libs/include/boost/beast/zlib/detail/deflate_stream.hpp,383,emit
cpp,android/android_libs/include/boost/beast/websocket/impl/write.hpp,177,emplace
cpp,android/android_libs/include/boost/beast/websocket/impl/close.hpp,89,emplace
cpp,android/android_libs/include/boost/beast/websocket/impl/close.hpp,124,emplace
cpp,android/android_libs/include/boost/beast/websocket/impl/ping.hpp,85,emplace
cpp,android/android_libs/include/boost/beast/websocket/impl/ping.hpp,176,emplace
cpp,android/android_libs/include/boost/beast/websocket/impl/read.hpp,105,emplace
cpp,android/android_libs/include/boost/beast/websocket/impl/read.hpp,146,emit
cpp,android/android_libs/include/boost/beast/websocket/impl/read.hpp,244,emplace
cpp,android/android_libs/include/boost/beast/websocket/impl/read.hpp,441,emit
cpp,android/android_libs/include/boost/beast/websocket/impl/read.hpp,550,emplace
cpp,android/android_libs/include/boost/beast/websocket/impl/read.hpp,948,emit
cpp,android/android_libs/include/boost/beast/websocket/impl/read.hpp,1151,emit
cpp,android/android_libs/include/boost/beast/http/impl/fields.hpp,175,emplace
cpp,android/android_libs/include/boost/beast/http/impl/fields.hpp,215,emplace
cpp,android/android_libs/include/boost/beast/http/impl/fields.hpp,257,emplace
cpp,android/android_libs/include/boost/beast/http/impl/serializer.hpp,31,emplace
cpp,android/android_libs/include/boost/beast/http/impl/serializer.hpp,40,emplace
cpp,android/android_libs/include/boost/beast/http/impl/serializer.hpp,51,emplace
cpp,android/android_libs/include/boost/beast/http/impl/serializer.hpp,101,emplace
cpp,android/android_libs/include/boost/beast/http/impl/serializer.hpp,114,emplace
cpp,android/android_libs/include/boost/beast/http/impl/serializer.hpp,133,emplace
cpp,android/android_libs/include/boost/beast/http/impl/serializer.hpp,165,emplace
cpp,android/android_libs/include/boost/beast/http/impl/serializer.hpp,178,emplace
cpp,android/android_libs/include/boost/beast/http/impl/serializer.hpp,195,emplace
cpp,android/android_libs/include/boost/beast/http/impl/serializer.hpp,218,emplace
cpp,android/android_libs/include/boost/beast/http/impl/serializer.hpp,230,emplace
cpp,android/android_libs/include/boost/beast/http/impl/serializer.hpp,261,emplace
cpp,android/android_libs/include/boost/fusion/iterator/equal_to.hpp,42,dispatch
cpp,android/android_libs/include/boost/fusion/iterator/equal_to.hpp,45,dispatch
cpp,android/android_libs/include/boost/fusion/iterator/equal_to.hpp,50,dispatch
cpp,android/android_libs/include/boost/wave/util/cpp_macromap.hpp,1490,dispatch
cpp,android/android_libs/include/boost/wave/util/cpp_macromap.hpp,1599,dispatch
cpp,android/android_libs/include/boost/wave/util/cpp_iterator.hpp,367,emit
cpp,android/android_libs/include/boost/wave/util/cpp_iterator.hpp,463,emit
cpp,android/android_libs/include/boost/wave/util/cpp_iterator.hpp,526,dispatch
cpp,android/android_libs/include/boost/wave/util/cpp_iterator.hpp,535,emit
cpp,android/android_libs/include/boost/wave/util/cpp_iterator.hpp,539,emit
cpp,android/android_libs/include/boost/wave/util/cpp_iterator.hpp,801,emit
cpp,android/android_libs/include/boost/wave/util/cpp_iterator.hpp,1387,dispatch
cpp,android/android_libs/include/boost/wave/util/cpp_iterator.hpp,1419,dispatch
cpp,android/android_libs/include/boost/poly_collection/detail/poly_collection.hpp,622,emplace
cpp,android/android_libs/include/boost/poly_collection/detail/poly_collection.hpp,638,emplace
cpp,android/android_libs/include/boost/poly_collection/detail/poly_collection.hpp,659,emplace
cpp,android/android_libs/include/boost/poly_collection/detail/poly_collection.hpp,677,emplace
cpp,android/android_libs/include/boost/poly_collection/detail/poly_collection.hpp,1106,emplace
cpp,android/android_libs/include/boost/poly_collection/detail/poly_collection.hpp,1117,emplace
cpp,android/android_libs/include/boost/poly_collection/detail/type_info_map.hpp,165,emplace
cpp,android/android_libs/include/boost/poly_collection/detail/split_segment.hpp,168,emplace
cpp,android/android_libs/include/boost/poly_collection/detail/split_segment.hpp,212,emplace
cpp,android/android_libs/include/boost/poly_collection/detail/split_segment.hpp,223,emplace
cpp,android/android_libs/include/boost/poly_collection/detail/split_segment.hpp,473,emplace
cpp,android/android_libs/include/boost/poly_collection/detail/packed_segment.hpp,133,emplace
cpp,android/android_libs/include/boost/poly_collection/detail/packed_segment.hpp,168,emplace
cpp,android/android_libs/include/boost/poly_collection/detail/packed_segment.hpp,176,emplace
cpp,android/android_libs/include/boost/poly_collection/detail/segment.hpp,130,emplace
cpp,android/android_libs/include/boost/thread/executors/inline_executor.hpp,67,signal
cpp,android/android_libs/include/boost/thread/executors/loop_executor.hpp,102,signal
cpp,android/android_libs/include/boost/thread/executors/basic_thread_pool.hpp,233,signal
cpp,android/android_libs/include/boost/thread/executors/serial_executor.hpp,144,signal
cpp,android/android_libs/include/boost/thread/executors/thread_executor.hpp,74,signal
cpp,android/android_libs/include/boost/thread/executors/serial_executor_cont.hpp,100,signal
cpp,android/android_libs/include/boost/thread/detail/platform.hpp,54,dispatch
cpp,android/android_libs/include/boost/thread/win32/condition_variable.hpp,247,signal
cpp,android/android_libs/include/boost/thread/pthread/condition_variable.hpp,97,signal
cpp,android/android_libs/include/boost/thread/pthread/condition_variable.hpp,452,signal
cpp,android/android_libs/include/boost/config/platform/vxworks.hpp,342,signal
cpp,android/android_libs/include/boost/config/platform/vxworks.hpp,343,signal
cpp,android/android_libs/include/boost/config/platform/vxworks.hpp,357,signal
cpp,android/android_libs/include/boost/config/detail/posix_features.hpp,35,signal
cpp,android/android_libs/include/boost/config/compiler/gcc.hpp,356,emit
cpp,android/android_libs/include/boost/config/compiler/intel.hpp,563,emit
cpp,android/android_libs/include/boost/graph/detail/adjacency_list.hpp,754,dispatch
cpp,android/android_libs/include/boost/graph/detail/adjacency_list.hpp,2828,dispatch
cpp,android/android_libs/include/boost/graph/distributed/dehne_gotz_min_spanning_tree.hpp,197,emit
cpp,android/android_libs/include/boost/graph/distributed/dehne_gotz_min_spanning_tree.hpp,671,emit
cpp,android/android_libs/include/boost/graph/distributed/dehne_gotz_min_spanning_tree.hpp,773,emit
cpp,android/android_libs/include/boost/graph/distributed/dehne_gotz_min_spanning_tree.hpp,891,emit
cpp,android/android_libs/include/boost/graph/distributed/mpi_process_group.hpp,370,emit
cpp,android/android_libs/include/boost/process/detail/posix/sigchld_service.hpp,10,dispatch
cpp,android/android_libs/include/boost/process/detail/posix/sigchld_service.hpp,15,signal
cpp,android/android_libs/include/boost/process/detail/posix/sigchld_service.hpp,43,dispatch
cpp,android/android_libs/include/boost/process/detail/posix/sigchld_service.hpp,60,dispatch
cpp,android/android_libs/include/boost/process/detail/posix/terminate.hpp,16,signal
cpp,android/android_libs/include/boost/process/detail/posix/signal.hpp,15,signal
cpp,android/android_libs/include/boost/process/detail/posix/signal.hpp,34,signal
cpp,android/android_libs/include/boost/process/detail/posix/signal.hpp,42,signal
cpp,android/android_libs/include/boost/process/detail/posix/signal.hpp,52,signal
cpp,android/android_libs/include/boost/process/detail/posix/wait_for_exit.hpp,59,signal
cpp,android/android_libs/include/boost/process/detail/posix/wait_for_exit.hpp,71,signal
cpp,android/android_libs/include/boost/process/detail/posix/wait_for_exit.hpp,72,signal
cpp,android/android_libs/include/boost/process/detail/posix/wait_for_exit.hpp,130,signal
cpp,android/android_libs/include/boost/geometry/iterators/segment_iterator.hpp,24,dispatch
cpp,android/android_libs/include/boost/geometry/iterators/segment_iterator.hpp,32,dispatch
cpp,android/android_libs/include/boost/geometry/iterators/segment_iterator.hpp,138,dispatch
cpp,android/android_libs/include/boost/geometry/iterators/segment_iterator.hpp,146,dispatch
cpp,android/android_libs/include/boost/geometry/iterators/segment_iterator.hpp,244,dispatch
cpp,android/android_libs/include/boost/geometry/iterators/segment_iterator.hpp,338,dispatch
cpp,android/android_libs/include/boost/geometry/iterators/segment_iterator.hpp,347,dispatch
cpp,android/android_libs/include/boost/geometry/iterators/point_iterator.hpp,22,dispatch
cpp,android/android_libs/include/boost/geometry/iterators/point_iterator.hpp,31,dispatch
cpp,android/android_libs/include/boost/geometry/iterators/point_iterator.hpp,134,dispatch
cpp,android/android_libs/include/boost/geometry/iterators/point_iterator.hpp,142,dispatch
cpp,android/android_libs/include/boost/geometry/iterators/point_iterator.hpp,241,dispatch
cpp,android/android_libs/include/boost/geometry/iterators/point_iterator.hpp,293,dispatch
cpp,android/android_libs/include/boost/geometry/iterators/point_iterator.hpp,302,dispatch
cpp,android/android_libs/include/boost/geometry/algorithms/sym_difference.hpp,60,dispatch
cpp,android/android_libs/include/boost/geometry/algorithms/sym_difference.hpp,143,dispatch
cpp,android/android_libs/include/boost/geometry/algorithms/sym_difference.hpp,159,dispatch
cpp,android/android_libs/include/boost/geometry/algorithms/sym_difference.hpp,204,dispatch
cpp,android/android_libs/include/boost/geometry/algorithms/sym_difference.hpp,260,dispatch
cpp,android/android_libs/include/boost/geometry/algorithms/unique.hpp,100,dispatch
cpp,android/android_libs/include/boost/geometry/algorithms/unique.hpp,153,dispatch
cpp,android/android_libs/include/boost/geometry/algorithms/unique.hpp,178,dispatch
cpp,android/android_libs/include/boost/geometry/algorithms/remove_spikes.hpp,215,dispatch
cpp,android/android_libs/include/boost/geometry/algorithms/remove_spikes.hpp,254,dispatch
cpp,android/android_libs/include/boost/geometry/algorithms/remove_spikes.hpp,267,dispatch
cpp,android/android_libs/include/boost/geometry/algorithms/assign.hpp,101,dispatch
cpp,android/android_libs/include/boost/geometry/algorithms/assign.hpp,121,dispatch
cpp,android/android_libs/include/boost/geometry/algorithms/assign.hpp,151,dispatch
cpp,android/android_libs/include/boost/geometry/algorithms/assign.hpp,184,dispatch
cpp,android/android_libs/include/boost/geometry/algorithms/assign.hpp,211,dispatch
cpp,android/android_libs/include/boost/geometry/algorithms/assign.hpp,251,dispatch
cpp,android/android_libs/include/boost/geometry/algorithms/discrete_hausdorff_distance.hpp,222,dispatch
cpp,android/android_libs/include/boost/geometry/algorithms/discrete_hausdorff_distance.hpp,264,dispatch
cpp,android/android_libs/include/boost/geometry/algorithms/discrete_hausdorff_distance.hpp,307,dispatch
cpp,android/android_libs/include/boost/geometry/algorithms/length.hpp,131,dispatch
cpp,android/android_libs/include/boost/geometry/algorithms/length.hpp,184,dispatch
cpp,android/android_libs/include/boost/geometry/algorithms/length.hpp,196,dispatch
cpp,android/android_libs/include/boost/geometry/algorithms/length.hpp,208,dispatch
cpp,android/android_libs/include/boost/geometry/algorithms/simplify.hpp,370,dispatch
cpp,android/android_libs/include/boost/geometry/algorithms/simplify.hpp,446,dispatch
cpp,android/android_libs/include/boost/geometry/algorithms/simplify.hpp,461,dispatch
cpp,android/android_libs/include/boost/geometry/algorithms/simplify.hpp,504,dispatch
cpp,android/android_libs/include/boost/geometry/algorithms/difference.hpp,81,dispatch
cpp,android/android_libs/include/boost/geometry/algorithms/transform.hpp,270,dispatch
cpp,android/android_libs/include/boost/geometry/algorithms/transform.hpp,330,dispatch
cpp,android/android_libs/include/boost/geometry/algorithms/transform.hpp,339,dispatch
cpp,android/android_libs/include/boost/geometry/algorithms/transform.hpp,355,dispatch
cpp,android/android_libs/include/boost/geometry/algorithms/centroid.hpp,420,dispatch
cpp,android/android_libs/include/boost/geometry/algorithms/centroid.hpp,501,dispatch
cpp,android/android_libs/include/boost/geometry/algorithms/centroid.hpp,513,dispatch
cpp,android/android_libs/include/boost/geometry/algorithms/centroid.hpp,534,dispatch
cpp,android/android_libs/include/boost/geometry/algorithms/correct.hpp,193,dispatch
cpp,android/android_libs/include/boost/geometry/algorithms/correct.hpp,261,dispatch
cpp,android/android_libs/include/boost/geometry/algorithms/correct.hpp,274,dispatch
cpp,android/android_libs/include/boost/geometry/algorithms/for_each.hpp,222,dispatch
cpp,android/android_libs/include/boost/geometry/algorithms/for_each.hpp,294,dispatch
cpp,android/android_libs/include/boost/geometry/algorithms/for_each.hpp,311,dispatch
cpp,android/android_libs/include/boost/geometry/algorithms/for_each.hpp,324,dispatch
cpp,android/android_libs/include/boost/geometry/algorithms/for_each.hpp,347,dispatch
cpp,android/android_libs/include/boost/geometry/algorithms/for_each.hpp,370,dispatch
cpp,android/android_libs/include/boost/geometry/algorithms/clear.hpp,85,dispatch
cpp,android/android_libs/include/boost/geometry/algorithms/clear.hpp,136,dispatch
cpp,android/android_libs/include/boost/geometry/algorithms/clear.hpp,147,dispatch
cpp,android/android_libs/include/boost/geometry/algorithms/append.hpp,147,dispatch
cpp,android/android_libs/include/boost/geometry/algorithms/append.hpp,215,dispatch
cpp,android/android_libs/include/boost/geometry/algorithms/append.hpp,230,dispatch
cpp,android/android_libs/include/boost/geometry/algorithms/append.hpp,242,dispatch
cpp,android/android_libs/include/boost/geometry/algorithms/append.hpp,280,dispatch
cpp,android/android_libs/include/boost/geometry/algorithms/append.hpp,296,dispatch
cpp,android/android_libs/include/boost/geometry/algorithms/discrete_frechet_distance.hpp,141,dispatch
cpp,android/android_libs/include/boost/geometry/algorithms/discrete_frechet_distance.hpp,164,dispatch
cpp,android/android_libs/include/boost/geometry/algorithms/discrete_frechet_distance.hpp,204,dispatch
cpp,android/android_libs/include/boost/geometry/algorithms/line_interpolate.hpp,163,dispatch
cpp,android/android_libs/include/boost/geometry/algorithms/line_interpolate.hpp,216,dispatch
cpp,android/android_libs/include/boost/geometry/algorithms/line_interpolate.hpp,236,dispatch
cpp,android/android_libs/include/boost/geometry/algorithms/line_interpolate.hpp,253,dispatch
cpp,android/android_libs/include/boost/geometry/algorithms/convert.hpp,290,dispatch
cpp,android/android_libs/include/boost/geometry/algorithms/convert.hpp,508,dispatch
cpp,android/android_libs/include/boost/geometry/algorithms/convert.hpp,520,dispatch
cpp,android/android_libs/include/boost/geometry/algorithms/reverse.hpp,77,dispatch
cpp,android/android_libs/include/boost/geometry/algorithms/reverse.hpp,128,dispatch
cpp,android/android_libs/include/boost/geometry/algorithms/reverse.hpp,141,dispatch
cpp,android/android_libs/include/boost/geometry/algorithms/buffer.hpp,47,dispatch
cpp,android/android_libs/include/boost/geometry/algorithms/buffer.hpp,72,dispatch
cpp,android/android_libs/include/boost/geometry/algorithms/buffer.hpp,87,dispatch
cpp,android/android_libs/include/boost/geometry/algorithms/num_segments.hpp,71,dispatch
cpp,android/android_libs/include/boost/geometry/algorithms/num_segments.hpp,139,dispatch
cpp,android/android_libs/include/boost/geometry/algorithms/num_segments.hpp,155,dispatch
cpp,android/android_libs/include/boost/geometry/algorithms/make.hpp,84,dispatch
cpp,android/android_libs/include/boost/geometry/algorithms/make.hpp,118,dispatch
cpp,android/android_libs/include/boost/geometry/algorithms/make.hpp,133,dispatch
cpp,android/android_libs/include/boost/geometry/algorithms/make.hpp,169,dispatch
cpp,android/android_libs/include/boost/geometry/algorithms/make.hpp,190,dispatch
cpp,android/android_libs/include/boost/geometry/algorithms/convex_hull.hpp,100,dispatch
cpp,android/android_libs/include/boost/geometry/algorithms/convex_hull.hpp,144,dispatch
cpp,android/android_libs/include/boost/geometry/algorithms/convex_hull.hpp,158,dispatch
cpp,android/android_libs/include/boost/geometry/algorithms/convex_hull.hpp,184,dispatch
cpp,android/android_libs/include/boost/geometry/algorithms/correct_closure.hpp,108,dispatch
cpp,android/android_libs/include/boost/geometry/algorithms/correct_closure.hpp,172,dispatch
cpp,android/android_libs/include/boost/geometry/algorithms/correct_closure.hpp,185,dispatch
cpp,android/android_libs/include/boost/geometry/algorithms/union.hpp,39,dispatch
cpp,android/android_libs/include/boost/geometry/algorithms/union.hpp,111,dispatch
cpp,android/android_libs/include/boost/geometry/algorithms/union.hpp,138,dispatch
cpp,android/android_libs/include/boost/geometry/algorithms/union.hpp,158,dispatch
cpp,android/android_libs/include/boost/geometry/algorithms/union.hpp,178,dispatch
cpp,android/android_libs/include/boost/geometry/algorithms/union.hpp,229,dispatch
cpp,android/android_libs/include/boost/geometry/algorithms/union.hpp,269,dispatch
cpp,android/android_libs/include/boost/geometry/algorithms/is_convex.hpp,127,dispatch
cpp,android/android_libs/include/boost/geometry/algorithms/is_convex.hpp,154,dispatch
cpp,android/android_libs/include/boost/geometry/algorithms/is_convex.hpp,166,dispatch
cpp,android/android_libs/include/boost/geometry/algorithms/num_interior_rings.hpp,45,dispatch
cpp,android/android_libs/include/boost/geometry/algorithms/num_interior_rings.hpp,79,dispatch
cpp,android/android_libs/include/boost/geometry/algorithms/num_interior_rings.hpp,93,dispatch
cpp,android/android_libs/include/boost/geometry/algorithms/area.hpp,140,dispatch
cpp,android/android_libs/include/boost/geometry/algorithms/area.hpp,212,dispatch
cpp,android/android_libs/include/boost/geometry/algorithms/area.hpp,226,dispatch
cpp,android/android_libs/include/boost/geometry/algorithms/area.hpp,242,dispatch
cpp,android/android_libs/include/boost/geometry/algorithms/densify.hpp,150,dispatch
cpp,android/android_libs/include/boost/geometry/algorithms/densify.hpp,256,dispatch
cpp,android/android_libs/include/boost/geometry/algorithms/densify.hpp,271,dispatch
cpp,android/android_libs/include/boost/geometry/algorithms/num_points.hpp,83,dispatch
cpp,android/android_libs/include/boost/geometry/algorithms/num_points.hpp,139,dispatch
cpp,android/android_libs/include/boost/geometry/algorithms/num_points.hpp,155,dispatch
cpp,android/android_libs/include/boost/geometry/algorithms/num_points.hpp,156,dispatch
cpp,android/android_libs/include/boost/geometry/algorithms/perimeter.hpp,44,dispatch
cpp,android/android_libs/include/boost/geometry/algorithms/perimeter.hpp,105,dispatch
cpp,android/android_libs/include/boost/geometry/algorithms/perimeter.hpp,117,dispatch
cpp,android/android_libs/include/boost/geometry/algorithms/perimeter.hpp,129,dispatch
cpp,android/android_libs/include/boost/geometry/algorithms/is_empty.hpp,96,dispatch
cpp,android/android_libs/include/boost/geometry/algorithms/is_empty.hpp,148,dispatch
cpp,android/android_libs/include/boost/geometry/algorithms/is_empty.hpp,162,dispatch
cpp,android/android_libs/include/boost/geometry/algorithms/crosses.hpp,40,dispatch
cpp,android/android_libs/include/boost/geometry/algorithms/crosses.hpp,61,dispatch
cpp,android/android_libs/include/boost/geometry/algorithms/crosses.hpp,78,dispatch
cpp,android/android_libs/include/boost/geometry/algorithms/num_geometries.hpp,47,dispatch
cpp,android/android_libs/include/boost/geometry/algorithms/num_geometries.hpp,81,dispatch
cpp,android/android_libs/include/boost/geometry/algorithms/num_geometries.hpp,95,dispatch
cpp,android/android_libs/include/boost/geometry/strategies/distance_result.hpp,109,dispatch
cpp,android/android_libs/include/boost/geometry/strategies/distance_result.hpp,166,dispatch
cpp,android/android_libs/include/boost/geometry/io/io.hpp,28,dispatch
cpp,android/android_libs/include/boost/geometry/io/io.hpp,44,dispatch
cpp,android/android_libs/include/boost/geometry/io/io.hpp,51,dispatch
cpp,android/android_libs/include/boost/geometry/index/detail/varray.hpp,1028,emplace
cpp,android/android_libs/include/boost/geometry/index/detail/varray.hpp,1078,emplace
cpp,android/android_libs/include/boost/geometry/index/detail/varray_detail.hpp,604,emplace
cpp,android/android_libs/include/boost/geometry/index/detail/algorithms/is_valid.hpp,19,dispatch
cpp,android/android_libs/include/boost/geometry/index/detail/algorithms/is_valid.hpp,65,dispatch
cpp,android/android_libs/include/boost/geometry/index/detail/algorithms/is_valid.hpp,78,dispatch
cpp,android/android_libs/include/boost/geometry/index/detail/algorithms/is_valid.hpp,86,dispatch
cpp,android/android_libs/include/boost/geometry/index/detail/algorithms/bounds.hpp,23,dispatch
cpp,android/android_libs/include/boost/geometry/index/detail/algorithms/bounds.hpp,51,dispatch
cpp,android/android_libs/include/boost/geometry/index/detail/algorithms/bounds.hpp,58,dispatch
cpp,android/android_libs/include/boost/geometry/index/detail/algorithms/bounds.hpp,62,dispatch
cpp,android/android_libs/include/boost/geometry/index/detail/algorithms/bounds.hpp,121,dispatch
cpp,android/android_libs/include/boost/geometry/index/detail/algorithms/bounds.hpp,127,dispatch
cpp,android/android_libs/include/boost/geometry/index/detail/algorithms/bounds.hpp,133,dispatch
cpp,android/android_libs/include/boost/geometry/index/detail/algorithms/bounds.hpp,137,dispatch
cpp,android/android_libs/include/boost/geometry/index/detail/algorithms/bounds.hpp,203,dispatch
cpp,android/android_libs/include/boost/geometry/index/detail/algorithms/bounds.hpp,209,dispatch
cpp,android/android_libs/include/boost/geometry/index/detail/algorithms/bounds.hpp,215,dispatch
cpp,android/android_libs/include/boost/geometry/index/detail/algorithms/segment_intersection.hpp,32,dispatch
cpp,android/android_libs/include/boost/geometry/index/detail/algorithms/segment_intersection.hpp,108,dispatch
cpp,android/android_libs/include/boost/geometry/index/detail/algorithms/segment_intersection.hpp,128,dispatch
cpp,android/android_libs/include/boost/geometry/index/detail/algorithms/segment_intersection.hpp,138,dispatch
cpp,android/android_libs/include/boost/geometry/index/detail/algorithms/content.hpp,25,dispatch
cpp,android/android_libs/include/boost/geometry/index/detail/algorithms/content.hpp,69,dispatch
cpp,android/android_libs/include/boost/geometry/index/detail/algorithms/content.hpp,73,dispatch
cpp,android/android_libs/include/boost/geometry/index/detail/algorithms/content.hpp,78,dispatch
cpp,android/android_libs/include/boost/geometry/index/detail/algorithms/path_intersection.hpp,22,dispatch
cpp,android/android_libs/include/boost/geometry/index/detail/algorithms/path_intersection.hpp,95,dispatch
cpp,android/android_libs/include/boost/geometry/index/detail/algorithms/path_intersection.hpp,100,dispatch
cpp,android/android_libs/include/boost/geometry/index/detail/algorithms/path_intersection.hpp,114,dispatch
cpp,android/android_libs/include/boost/geometry/index/detail/algorithms/margin.hpp,122,dispatch
cpp,android/android_libs/include/boost/geometry/index/detail/algorithms/margin.hpp,150,dispatch
cpp,android/android_libs/include/boost/geometry/index/detail/algorithms/margin.hpp,155,dispatch
cpp,android/android_libs/include/boost/geometry/index/detail/rtree/utilities/gl_draw.hpp,20,dispatch
cpp,android/android_libs/include/boost/geometry/index/detail/rtree/utilities/gl_draw.hpp,100,dispatch
cpp,android/android_libs/include/boost/geometry/index/detail/rtree/utilities/gl_draw.hpp,105,dispatch
cpp,android/android_libs/include/boost/geometry/index/detail/rtree/utilities/print.hpp,20,dispatch
cpp,android/android_libs/include/boost/geometry/index/detail/rtree/utilities/print.hpp,115,dispatch
cpp,android/android_libs/include/boost/geometry/index/detail/rtree/utilities/print.hpp,120,dispatch
cpp,android/android_libs/include/boost/geometry/iterators/dispatch/segment_iterator.hpp,21,dispatch
cpp,android/android_libs/include/boost/geometry/iterators/dispatch/segment_iterator.hpp,25,dispatch
cpp,android/android_libs/include/boost/geometry/iterators/dispatch/segment_iterator.hpp,33,dispatch
cpp,android/android_libs/include/boost/geometry/iterators/dispatch/segment_iterator.hpp,41,dispatch
cpp,android/android_libs/include/boost/geometry/iterators/dispatch/point_iterator.hpp,21,dispatch
cpp,android/android_libs/include/boost/geometry/iterators/dispatch/point_iterator.hpp,25,dispatch
cpp,android/android_libs/include/boost/geometry/iterators/dispatch/point_iterator.hpp,33,dispatch
cpp,android/android_libs/include/boost/geometry/iterators/dispatch/point_iterator.hpp,41,dispatch
cpp,android/android_libs/include/boost/geometry/iterators/detail/segment_iterator/iterator_type.hpp,30,dispatch
cpp,android/android_libs/include/boost/geometry/iterators/detail/segment_iterator/iterator_type.hpp,92,dispatch
cpp,android/android_libs/include/boost/geometry/iterators/detail/segment_iterator/iterator_type.hpp,93,dispatch
cpp,android/android_libs/include/boost/geometry/iterators/detail/segment_iterator/iterator_type.hpp,117,dispatch
cpp,android/android_libs/include/boost/geometry/iterators/detail/segment_iterator/iterator_type.hpp,118,dispatch
cpp,android/android_libs/include/boost/geometry/iterators/detail/segment_iterator/iterator_type.hpp,138,dispatch
cpp,android/android_libs/include/boost/geometry/iterators/detail/segment_iterator/iterator_type.hpp,139,dispatch
cpp,android/android_libs/include/boost/geometry/iterators/detail/point_iterator/iterator_type.hpp,28,dispatch
cpp,android/android_libs/include/boost/geometry/iterators/detail/point_iterator/iterator_type.hpp,80,dispatch
cpp,android/android_libs/include/boost/geometry/iterators/detail/point_iterator/iterator_type.hpp,81,dispatch
cpp,android/android_libs/include/boost/geometry/iterators/detail/point_iterator/iterator_type.hpp,107,dispatch
cpp,android/android_libs/include/boost/geometry/iterators/detail/point_iterator/iterator_type.hpp,108,dispatch
cpp,android/android_libs/include/boost/geometry/iterators/detail/point_iterator/iterator_type.hpp,125,dispatch
cpp,android/android_libs/include/boost/geometry/iterators/detail/point_iterator/iterator_type.hpp,126,dispatch
cpp,android/android_libs/include/boost/geometry/algorithms/detail/assign_values.hpp,251,dispatch
cpp,android/android_libs/include/boost/geometry/algorithms/detail/assign_values.hpp,337,dispatch
cpp,android/android_libs/include/boost/geometry/algorithms/detail/for_each_range.hpp,90,dispatch
cpp,android/android_libs/include/boost/geometry/algorithms/detail/for_each_range.hpp,178,dispatch
cpp,android/android_libs/include/boost/geometry/algorithms/detail/for_each_range.hpp,187,dispatch
cpp,android/android_libs/include/boost/geometry/algorithms/detail/calculate_point_order.hpp,311,dispatch
cpp,android/android_libs/include/boost/geometry/algorithms/detail/calculate_point_order.hpp,338,dispatch
cpp,android/android_libs/include/boost/geometry/algorithms/detail/calculate_point_order.hpp,348,dispatch
cpp,android/android_libs/include/boost/geometry/algorithms/detail/calculate_point_order.hpp,361,dispatch
cpp,android/android_libs/include/boost/geometry/algorithms/detail/recalculate.hpp,181,dispatch
cpp,android/android_libs/include/boost/geometry/algorithms/detail/recalculate.hpp,214,dispatch
cpp,android/android_libs/include/boost/geometry/algorithms/detail/recalculate.hpp,227,dispatch
cpp,android/android_libs/include/boost/geometry/algorithms/detail/as_range.hpp,30,dispatch
cpp,android/android_libs/include/boost/geometry/algorithms/detail/as_range.hpp,56,dispatch
cpp,android/android_libs/include/boost/geometry/algorithms/detail/as_range.hpp,72,dispatch
cpp,android/android_libs/include/boost/geometry/algorithms/detail/as_range.hpp,91,dispatch
cpp,android/android_libs/include/boost/geometry/algorithms/detail/extreme_points.hpp,388,dispatch
cpp,android/android_libs/include/boost/geometry/algorithms/detail/extreme_points.hpp,493,dispatch
cpp,android/android_libs/include/boost/geometry/algorithms/detail/extreme_points.hpp,532,dispatch
cpp,android/android_libs/include/boost/geometry/algorithms/detail/point_on_border.hpp,135,dispatch
cpp,android/android_libs/include/boost/geometry/algorithms/detail/point_on_border.hpp,187,dispatch
cpp,android/android_libs/include/boost/geometry/algorithms/detail/point_on_border.hpp,207,dispatch
cpp,android/android_libs/include/boost/geometry/algorithms/dispatch/is_valid.hpp,22,dispatch
cpp,android/android_libs/include/boost/geometry/algorithms/dispatch/is_valid.hpp,38,dispatch
cpp,android/android_libs/include/boost/geometry/algorithms/dispatch/envelope.hpp,33,dispatch
cpp,android/android_libs/include/boost/geometry/algorithms/dispatch/envelope.hpp,44,dispatch
cpp,android/android_libs/include/boost/geometry/algorithms/dispatch/distance.hpp,39,dispatch
cpp,android/android_libs/include/boost/geometry/algorithms/dispatch/distance.hpp,77,dispatch
cpp,android/android_libs/include/boost/geometry/algorithms/dispatch/is_simple.hpp,22,dispatch
cpp,android/android_libs/include/boost/geometry/algorithms/dispatch/is_simple.hpp,32,dispatch
cpp,android/android_libs/include/boost/geometry/algorithms/dispatch/expand.hpp,37,dispatch
cpp,android/android_libs/include/boost/geometry/algorithms/dispatch/expand.hpp,50,dispatch
cpp,android/android_libs/include/boost/geometry/algorithms/dispatch/disjoint.hpp,40,dispatch
cpp,android/android_libs/include/boost/geometry/algorithms/dispatch/disjoint.hpp,87,dispatch
cpp,android/android_libs/include/boost/geometry/algorithms/detail/overlay/intersection_insert.hpp,483,dispatch
cpp,android/android_libs/include/boost/geometry/algorithms/detail/overlay/intersection_insert.hpp,628,dispatch
cpp,android/android_libs/include/boost/geometry/algorithms/detail/overlay/intersection_insert.hpp,675,dispatch
cpp,android/android_libs/include/boost/geometry/algorithms/detail/overlay/intersection_insert.hpp,992,dispatch
cpp,android/android_libs/include/boost/geometry/algorithms/detail/overlay/intersection_insert.hpp,1033,dispatch
cpp,android/android_libs/include/boost/geometry/algorithms/detail/overlay/intersection_insert.hpp,1054,dispatch
cpp,android/android_libs/include/boost/geometry/algorithms/detail/overlay/intersection_insert.hpp,1132,dispatch
cpp,android/android_libs/include/boost/geometry/algorithms/detail/overlay/intersection_insert.hpp,1205,dispatch
cpp,android/android_libs/include/boost/geometry/algorithms/detail/overlay/intersection_insert.hpp,1233,dispatch
cpp,android/android_libs/include/boost/geometry/algorithms/detail/overlay/intersection_insert.hpp,1242,dispatch
cpp,android/android_libs/include/boost/geometry/algorithms/detail/overlay/pointlike_linear.hpp,304,dispatch
cpp,android/android_libs/include/boost/geometry/algorithms/detail/overlay/copy_segments.hpp,305,dispatch
cpp,android/android_libs/include/boost/geometry/algorithms/detail/overlay/copy_segments.hpp,349,dispatch
cpp,android/android_libs/include/boost/geometry/algorithms/detail/overlay/copy_segments.hpp,376,dispatch
cpp,android/android_libs/include/boost/geometry/algorithms/detail/overlay/get_turns.hpp,1020,dispatch
cpp,android/android_libs/include/boost/geometry/algorithms/detail/overlay/get_turns.hpp,1137,dispatch
cpp,android/android_libs/include/boost/geometry/algorithms/detail/overlay/get_turns.hpp,1182,dispatch
cpp,android/android_libs/include/boost/geometry/algorithms/detail/overlay/get_turns.hpp,1190,dispatch
cpp,android/android_libs/include/boost/geometry/algorithms/detail/overlay/select_rings.hpp,53,dispatch
cpp,android/android_libs/include/boost/geometry/algorithms/detail/overlay/select_rings.hpp,176,dispatch
cpp,android/android_libs/include/boost/geometry/algorithms/detail/overlay/select_rings.hpp,326,dispatch
cpp,android/android_libs/include/boost/geometry/algorithms/detail/overlay/select_rings.hpp,329,dispatch
cpp,android/android_libs/include/boost/geometry/algorithms/detail/overlay/select_rings.hpp,355,dispatch
cpp,android/android_libs/include/boost/geometry/algorithms/detail/overlay/pointlike_pointlike.hpp,306,dispatch
cpp,android/android_libs/include/boost/geometry/algorithms/detail/overlay/self_turn_points.hpp,195,dispatch
cpp,android/android_libs/include/boost/geometry/algorithms/detail/overlay/self_turn_points.hpp,282,dispatch
cpp,android/android_libs/include/boost/geometry/algorithms/detail/overlay/self_turn_points.hpp,314,dispatch
cpp,android/android_libs/include/boost/geometry/algorithms/detail/overlay/copy_segment_point.hpp,154,dispatch
cpp,android/android_libs/include/boost/geometry/algorithms/detail/overlay/copy_segment_point.hpp,272,dispatch
cpp,android/android_libs/include/boost/geometry/algorithms/detail/overlay/copy_segment_point.hpp,290,dispatch
cpp,android/android_libs/include/boost/geometry/algorithms/detail/overlay/copy_segment_point.hpp,324,dispatch
cpp,android/android_libs/include/boost/geometry/algorithms/detail/overlay/copy_segment_point.hpp,335,dispatch
cpp,android/android_libs/include/boost/geometry/algorithms/detail/overlay/get_intersection_points.hpp,123,dispatch
cpp,android/android_libs/include/boost/geometry/algorithms/detail/overlay/get_intersection_points.hpp,131,dispatch
cpp,android/android_libs/include/boost/geometry/algorithms/detail/overlaps/interface.hpp,38,dispatch
cpp,android/android_libs/include/boost/geometry/algorithms/detail/overlaps/interface.hpp,59,dispatch
cpp,android/android_libs/include/boost/geometry/algorithms/detail/overlaps/interface.hpp,85,dispatch
cpp,android/android_libs/include/boost/geometry/algorithms/detail/overlaps/interface.hpp,115,dispatch
cpp,android/android_libs/include/boost/geometry/algorithms/detail/overlaps/implementation.hpp,142,dispatch
cpp,android/android_libs/include/boost/geometry/algorithms/detail/overlaps/implementation.hpp,150,dispatch
cpp,android/android_libs/include/boost/geometry/algorithms/detail/sections/range_by_section.hpp,96,dispatch
cpp,android/android_libs/include/boost/geometry/algorithms/detail/sections/range_by_section.hpp,163,dispatch
cpp,android/android_libs/include/boost/geometry/algorithms/detail/sections/range_by_section.hpp,182,dispatch
cpp,android/android_libs/include/boost/geometry/algorithms/detail/sections/sectionalize.hpp,859,dispatch
cpp,android/android_libs/include/boost/geometry/algorithms/detail/sections/sectionalize.hpp,975,dispatch
cpp,android/android_libs/include/boost/geometry/algorithms/detail/sections/sectionalize.hpp,1041,dispatch
cpp,android/android_libs/include/boost/geometry/algorithms/detail/covered_by/interface.hpp,39,dispatch
cpp,android/android_libs/include/boost/geometry/algorithms/detail/covered_by/interface.hpp,53,dispatch
cpp,android/android_libs/include/boost/geometry/algorithms/detail/covered_by/interface.hpp,71,dispatch
cpp,android/android_libs/include/boost/geometry/algorithms/detail/covered_by/implementation.hpp,60,dispatch
cpp,android/android_libs/include/boost/geometry/algorithms/detail/covered_by/implementation.hpp,274,dispatch
cpp,android/android_libs/include/boost/geometry/algorithms/detail/closest_feature/geometry_to_range.hpp,20,dispatch
cpp,android/android_libs/include/boost/geometry/algorithms/detail/closest_feature/geometry_to_range.hpp,57,dispatch
cpp,android/android_libs/include/boost/geometry/algorithms/detail/closest_feature/geometry_to_range.hpp,67,dispatch
cpp,android/android_libs/include/boost/geometry/algorithms/detail/closest_feature/range_to_range.hpp,22,dispatch
cpp,android/android_libs/include/boost/geometry/algorithms/detail/closest_feature/range_to_range.hpp,95,dispatch
cpp,android/android_libs/include/boost/geometry/algorithms/detail/buffer/buffer_inserter.hpp,408,dispatch
cpp,android/android_libs/include/boost/geometry/algorithms/detail/buffer/buffer_inserter.hpp,899,dispatch
cpp,android/android_libs/include/boost/geometry/algorithms/detail/buffer/buffer_inserter.hpp,912,dispatch
cpp,android/android_libs/include/boost/geometry/algorithms/detail/buffer/buffer_inserter.hpp,961,dispatch
cpp,android/android_libs/include/boost/geometry/algorithms/detail/buffer/buffered_ring.hpp,81,dispatch
cpp,android/android_libs/include/boost/geometry/algorithms/detail/buffer/buffered_ring.hpp,176,dispatch
cpp,android/android_libs/include/boost/geometry/algorithms/detail/buffer/buffered_ring.hpp,255,dispatch
cpp,android/android_libs/include/boost/geometry/algorithms/detail/relate/relate_impl.hpp,44,dispatch
cpp,android/android_libs/include/boost/geometry/algorithms/detail/relate/relate_impl.hpp,74,dispatch
cpp,android/android_libs/include/boost/geometry/algorithms/detail/relate/interface.hpp,41,dispatch
cpp,android/android_libs/include/boost/geometry/algorithms/detail/relate/interface.hpp,90,dispatch
cpp,android/android_libs/include/boost/geometry/algorithms/detail/relate/interface.hpp,104,dispatch
cpp,android/android_libs/include/boost/geometry/algorithms/detail/relate/interface.hpp,114,dispatch
cpp,android/android_libs/include/boost/geometry/algorithms/detail/relate/interface.hpp,204,dispatch
cpp,android/android_libs/include/boost/geometry/algorithms/detail/relate/interface.hpp,223,dispatch
cpp,android/android_libs/include/boost/geometry/algorithms/detail/relate/turns.hpp,137,dispatch
cpp,android/android_libs/include/boost/geometry/algorithms/detail/relate/implementation.hpp,37,dispatch
cpp,android/android_libs/include/boost/geometry/algorithms/detail/relate/implementation.hpp,118,dispatch
cpp,android/android_libs/include/boost/geometry/algorithms/detail/equals/interface.hpp,46,dispatch
cpp,android/android_libs/include/boost/geometry/algorithms/detail/equals/interface.hpp,90,dispatch
cpp,android/android_libs/include/boost/geometry/algorithms/detail/equals/interface.hpp,104,dispatch
cpp,android/android_libs/include/boost/geometry/algorithms/detail/equals/interface.hpp,121,dispatch
cpp,android/android_libs/include/boost/geometry/algorithms/detail/equals/collect_vectors.hpp,494,dispatch
cpp,android/android_libs/include/boost/geometry/algorithms/detail/equals/collect_vectors.hpp,552,dispatch
cpp,android/android_libs/include/boost/geometry/algorithms/detail/equals/collect_vectors.hpp,568,dispatch
cpp,android/android_libs/include/boost/geometry/algorithms/detail/equals/implementation.hpp,293,dispatch
cpp,android/android_libs/include/boost/geometry/algorithms/detail/equals/implementation.hpp,451,dispatch
cpp,android/android_libs/include/boost/geometry/algorithms/detail/comparable_distance/interface.hpp,54,dispatch
cpp,android/android_libs/include/boost/geometry/algorithms/detail/comparable_distance/interface.hpp,86,dispatch
cpp,android/android_libs/include/boost/geometry/algorithms/detail/intersection/multi.hpp,221,dispatch
cpp,android/android_libs/include/boost/geometry/algorithms/detail/intersection/multi.hpp,414,dispatch
cpp,android/android_libs/include/boost/geometry/algorithms/detail/intersection/interface.hpp,33,dispatch
cpp,android/android_libs/include/boost/geometry/algorithms/detail/intersection/interface.hpp,100,dispatch
cpp,android/android_libs/include/boost/geometry/algorithms/detail/intersection/interface.hpp,131,dispatch
cpp,android/android_libs/include/boost/geometry/algorithms/detail/intersection/interface.hpp,166,dispatch
cpp,android/android_libs/include/boost/geometry/algorithms/detail/intersection/box_box.hpp,27,dispatch
cpp,android/android_libs/include/boost/geometry/algorithms/detail/intersection/box_box.hpp,47,dispatch
cpp,android/android_libs/include/boost/geometry/algorithms/detail/expand/point.hpp,26,dispatch
cpp,android/android_libs/include/boost/geometry/algorithms/detail/expand/point.hpp,39,dispatch
cpp,android/android_libs/include/boost/geometry/algorithms/detail/expand/point.hpp,65,dispatch
cpp,android/android_libs/include/boost/geometry/algorithms/detail/expand/box.hpp,23,dispatch
cpp,android/android_libs/include/boost/geometry/algorithms/detail/expand/box.hpp,36,dispatch
cpp,android/android_libs/include/boost/geometry/algorithms/detail/expand/box.hpp,62,dispatch
cpp,android/android_libs/include/boost/geometry/algorithms/detail/expand/interface.hpp,35,dispatch
cpp,android/android_libs/include/boost/geometry/algorithms/detail/expand/interface.hpp,55,dispatch
cpp,android/android_libs/include/boost/geometry/algorithms/detail/expand/interface.hpp,69,dispatch
cpp,android/android_libs/include/boost/geometry/algorithms/detail/expand/interface.hpp,153,dispatch
cpp,android/android_libs/include/boost/geometry/algorithms/detail/expand/indexed.hpp,33,dispatch
cpp,android/android_libs/include/boost/geometry/algorithms/detail/expand/segment.hpp,25,dispatch
cpp,android/android_libs/include/boost/geometry/algorithms/detail/expand/segment.hpp,39,dispatch
cpp,android/android_libs/include/boost/geometry/algorithms/detail/expand/segment.hpp,63,dispatch
cpp,android/android_libs/include/boost/geometry/algorithms/detail/is_simple/always_simple.hpp,16,dispatch
cpp,android/android_libs/include/boost/geometry/algorithms/detail/is_simple/always_simple.hpp,46,dispatch
cpp,android/android_libs/include/boost/geometry/algorithms/detail/is_simple/always_simple.hpp,79,dispatch
cpp,android/android_libs/include/boost/geometry/algorithms/detail/is_simple/interface.hpp,20,dispatch
cpp,android/android_libs/include/boost/geometry/algorithms/detail/is_simple/interface.hpp,38,dispatch
cpp,android/android_libs/include/boost/geometry/algorithms/detail/is_simple/interface.hpp,51,dispatch
cpp,android/android_libs/include/boost/geometry/algorithms/detail/is_simple/multipoint.hpp,27,dispatch
cpp,android/android_libs/include/boost/geometry/algorithms/detail/is_simple/multipoint.hpp,77,dispatch
cpp,android/android_libs/include/boost/geometry/algorithms/detail/is_simple/multipoint.hpp,91,dispatch
cpp,android/android_libs/include/boost/geometry/algorithms/detail/is_simple/areal.hpp,26,dispatch
cpp,android/android_libs/include/boost/geometry/algorithms/detail/is_simple/areal.hpp,95,dispatch
cpp,android/android_libs/include/boost/geometry/algorithms/detail/is_simple/areal.hpp,160,dispatch
cpp,android/android_libs/include/boost/geometry/algorithms/detail/is_simple/linear.hpp,50,dispatch
cpp,android/android_libs/include/boost/geometry/algorithms/detail/is_simple/linear.hpp,341,dispatch
cpp,android/android_libs/include/boost/geometry/algorithms/detail/is_simple/linear.hpp,367,dispatch
cpp,android/android_libs/include/boost/geometry/algorithms/detail/within/interface.hpp,44,dispatch
cpp,android/android_libs/include/boost/geometry/algorithms/detail/within/interface.hpp,59,dispatch
cpp,android/android_libs/include/boost/geometry/algorithms/detail/within/interface.hpp,75,dispatch
cpp,android/android_libs/include/boost/geometry/algorithms/detail/within/implementation.hpp,85,dispatch
cpp,android/android_libs/include/boost/geometry/algorithms/detail/within/implementation.hpp,298,dispatch
cpp,android/android_libs/include/boost/geometry/algorithms/detail/touches/interface.hpp,45,dispatch
cpp,android/android_libs/include/boost/geometry/algorithms/detail/touches/interface.hpp,80,dispatch
cpp,android/android_libs/include/boost/geometry/algorithms/detail/touches/interface.hpp,94,dispatch
cpp,android/android_libs/include/boost/geometry/algorithms/detail/touches/interface.hpp,111,dispatch
cpp,android/android_libs/include/boost/geometry/algorithms/detail/touches/implementation.hpp,291,dispatch
cpp,android/android_libs/include/boost/geometry/algorithms/detail/touches/implementation.hpp,418,dispatch
cpp,android/android_libs/include/boost/geometry/algorithms/detail/envelope/point.hpp,23,dispatch
cpp,android/android_libs/include/boost/geometry/algorithms/detail/envelope/point.hpp,52,dispatch
cpp,android/android_libs/include/boost/geometry/algorithms/detail/envelope/point.hpp,62,dispatch
cpp,android/android_libs/include/boost/geometry/algorithms/detail/envelope/box.hpp,34,dispatch
cpp,android/android_libs/include/boost/geometry/algorithms/detail/envelope/box.hpp,49,dispatch
cpp,android/android_libs/include/boost/geometry/algorithms/detail/envelope/interface.hpp,29,dispatch
cpp,android/android_libs/include/boost/geometry/algorithms/detail/envelope/interface.hpp,57,dispatch
cpp,android/android_libs/include/boost/geometry/algorithms/detail/envelope/interface.hpp,76,dispatch
cpp,android/android_libs/include/boost/geometry/algorithms/detail/envelope/multipoint.hpp,18,dispatch
cpp,android/android_libs/include/boost/geometry/algorithms/detail/envelope/multipoint.hpp,29,dispatch
cpp,android/android_libs/include/boost/geometry/algorithms/detail/envelope/multipoint.hpp,44,dispatch
cpp,android/android_libs/include/boost/geometry/algorithms/detail/envelope/areal.hpp,23,dispatch
cpp,android/android_libs/include/boost/geometry/algorithms/detail/envelope/areal.hpp,61,dispatch
cpp,android/android_libs/include/boost/geometry/algorithms/detail/envelope/areal.hpp,84,dispatch
cpp,android/android_libs/include/boost/geometry/algorithms/detail/envelope/linear.hpp,26,dispatch
cpp,android/android_libs/include/boost/geometry/algorithms/detail/envelope/linear.hpp,37,dispatch
cpp,android/android_libs/include/boost/geometry/algorithms/detail/envelope/linear.hpp,56,dispatch
cpp,android/android_libs/include/boost/geometry/algorithms/detail/envelope/range.hpp,64,dispatch
cpp,android/android_libs/include/boost/geometry/algorithms/detail/envelope/range.hpp,72,dispatch
cpp,android/android_libs/include/boost/geometry/algorithms/detail/envelope/segment.hpp,26,dispatch
cpp,android/android_libs/include/boost/geometry/algorithms/detail/envelope/segment.hpp,68,dispatch
cpp,android/android_libs/include/boost/geometry/algorithms/detail/envelope/segment.hpp,90,dispatch
cpp,android/android_libs/include/boost/geometry/algorithms/detail/envelope/implementation.hpp,37,dispatch
cpp,android/android_libs/include/boost/geometry/algorithms/detail/disjoint/point_box.hpp,30,dispatch
cpp,android/android_libs/include/boost/geometry/algorithms/detail/disjoint/point_box.hpp,57,dispatch
cpp,android/android_libs/include/boost/geometry/algorithms/detail/disjoint/point_box.hpp,73,dispatch
cpp,android/android_libs/include/boost/geometry/algorithms/detail/disjoint/point_point.hpp,28,dispatch
cpp,android/android_libs/include/boost/geometry/algorithms/detail/disjoint/point_point.hpp,62,dispatch
cpp,android/android_libs/include/boost/geometry/algorithms/detail/disjoint/point_point.hpp,78,dispatch
cpp,android/android_libs/include/boost/geometry/algorithms/detail/disjoint/point_geometry.hpp,28,dispatch
cpp,android/android_libs/include/boost/geometry/algorithms/detail/disjoint/point_geometry.hpp,59,dispatch
cpp,android/android_libs/include/boost/geometry/algorithms/detail/disjoint/point_geometry.hpp,81,dispatch
cpp,android/android_libs/include/boost/geometry/algorithms/detail/disjoint/multipoint_geometry.hpp,40,dispatch
cpp,android/android_libs/include/boost/geometry/algorithms/detail/disjoint/multipoint_geometry.hpp,170,dispatch
cpp,android/android_libs/include/boost/geometry/algorithms/detail/disjoint/multipoint_geometry.hpp,189,dispatch
cpp,android/android_libs/include/boost/geometry/algorithms/detail/disjoint/multipoint_geometry.hpp,289,dispatch
cpp,android/android_libs/include/boost/geometry/algorithms/detail/disjoint/multipoint_geometry.hpp,375,dispatch
cpp,android/android_libs/include/boost/geometry/algorithms/detail/disjoint/multipoint_geometry.hpp,471,dispatch
cpp,android/android_libs/include/boost/geometry/algorithms/detail/disjoint/multipoint_geometry.hpp,560,dispatch
cpp,android/android_libs/include/boost/geometry/algorithms/detail/disjoint/linear_linear.hpp,42,dispatch
cpp,android/android_libs/include/boost/geometry/algorithms/detail/disjoint/linear_linear.hpp,117,dispatch
cpp,android/android_libs/include/boost/geometry/algorithms/detail/disjoint/linear_linear.hpp,144,dispatch
cpp,android/android_libs/include/boost/geometry/algorithms/detail/disjoint/linear_linear.hpp,160,dispatch
cpp,android/android_libs/include/boost/geometry/algorithms/detail/disjoint/interface.hpp,31,dispatch
cpp,android/android_libs/include/boost/geometry/algorithms/detail/disjoint/interface.hpp,51,dispatch
cpp,android/android_libs/include/boost/geometry/algorithms/detail/disjoint/interface.hpp,67,dispatch
cpp,android/android_libs/include/boost/geometry/algorithms/detail/disjoint/multirange_geometry.hpp,17,dispatch
cpp,android/android_libs/include/boost/geometry/algorithms/detail/disjoint/multirange_geometry.hpp,63,dispatch
cpp,android/android_libs/include/boost/geometry/algorithms/detail/disjoint/areal_areal.hpp,190,dispatch
cpp,android/android_libs/include/boost/geometry/algorithms/detail/disjoint/areal_areal.hpp,206,dispatch
cpp,android/android_libs/include/boost/geometry/algorithms/detail/disjoint/linear_segment_or_box.hpp,26,dispatch
cpp,android/android_libs/include/boost/geometry/algorithms/detail/disjoint/linear_segment_or_box.hpp,58,dispatch
cpp,android/android_libs/include/boost/geometry/algorithms/detail/disjoint/linear_segment_or_box.hpp,72,dispatch
cpp,android/android_libs/include/boost/geometry/algorithms/detail/disjoint/linear_segment_or_box.hpp,135,dispatch
cpp,android/android_libs/include/boost/geometry/algorithms/detail/disjoint/linear_segment_or_box.hpp,181,dispatch
cpp,android/android_libs/include/boost/geometry/algorithms/detail/disjoint/linear_segment_or_box.hpp,197,dispatch
cpp,android/android_libs/include/boost/geometry/algorithms/detail/disjoint/segment_box.hpp,35,dispatch
cpp,android/android_libs/include/boost/geometry/algorithms/detail/disjoint/segment_box.hpp,259,dispatch
cpp,android/android_libs/include/boost/geometry/algorithms/detail/disjoint/segment_box.hpp,269,dispatch
cpp,android/android_libs/include/boost/geometry/algorithms/detail/disjoint/linear_areal.hpp,50,dispatch
cpp,android/android_libs/include/boost/geometry/algorithms/detail/disjoint/linear_areal.hpp,249,dispatch
cpp,android/android_libs/include/boost/geometry/algorithms/detail/disjoint/linear_areal.hpp,295,dispatch
cpp,android/android_libs/include/boost/geometry/algorithms/detail/disjoint/box_box.hpp,26,dispatch
cpp,android/android_libs/include/boost/geometry/algorithms/detail/disjoint/box_box.hpp,58,dispatch
cpp,android/android_libs/include/boost/geometry/algorithms/detail/disjoint/box_box.hpp,73,dispatch
cpp,android/android_libs/include/boost/geometry/algorithms/detail/distance/point_to_geometry.hpp,50,dispatch
cpp,android/android_libs/include/boost/geometry/algorithms/detail/distance/point_to_geometry.hpp,310,dispatch
cpp,android/android_libs/include/boost/geometry/algorithms/detail/distance/point_to_geometry.hpp,361,dispatch
cpp,android/android_libs/include/boost/geometry/algorithms/detail/distance/point_to_geometry.hpp,519,dispatch
cpp,android/android_libs/include/boost/geometry/algorithms/detail/distance/linear_to_linear.hpp,23,dispatch
cpp,android/android_libs/include/boost/geometry/algorithms/detail/distance/linear_to_linear.hpp,53,dispatch
cpp,android/android_libs/include/boost/geometry/algorithms/detail/distance/linear_to_linear.hpp,63,dispatch
cpp,android/android_libs/include/boost/geometry/algorithms/detail/distance/linear_to_linear.hpp,103,dispatch
cpp,android/android_libs/include/boost/geometry/algorithms/detail/distance/linear_to_linear.hpp,118,dispatch
cpp,android/android_libs/include/boost/geometry/algorithms/detail/distance/segment_to_box.hpp,39,dispatch
cpp,android/android_libs/include/boost/geometry/algorithms/detail/distance/segment_to_box.hpp,788,dispatch
cpp,android/android_libs/include/boost/geometry/algorithms/detail/distance/segment_to_box.hpp,838,dispatch
cpp,android/android_libs/include/boost/geometry/algorithms/detail/distance/segment_to_box.hpp,875,dispatch
cpp,android/android_libs/include/boost/geometry/algorithms/detail/distance/box_to_box.hpp,21,dispatch
cpp,android/android_libs/include/boost/geometry/algorithms/detail/distance/box_to_box.hpp,28,dispatch
cpp,android/android_libs/include/boost/geometry/algorithms/detail/distance/box_to_box.hpp,53,dispatch
cpp,android/android_libs/include/boost/geometry/algorithms/detail/distance/interface.hpp,43,dispatch
cpp,android/android_libs/include/boost/geometry/algorithms/detail/distance/interface.hpp,51,dispatch
cpp,android/android_libs/include/boost/geometry/algorithms/detail/distance/interface.hpp,91,dispatch
cpp,android/android_libs/include/boost/geometry/algorithms/detail/distance/interface.hpp,107,dispatch
cpp,android/android_libs/include/boost/geometry/algorithms/detail/distance/interface.hpp,129,dispatch
cpp,android/android_libs/include/boost/geometry/algorithms/detail/distance/segment_to_segment.hpp,32,dispatch
cpp,android/android_libs/include/boost/geometry/algorithms/detail/distance/segment_to_segment.hpp,129,dispatch
cpp,android/android_libs/include/boost/geometry/algorithms/detail/distance/segment_to_segment.hpp,146,dispatch
cpp,android/android_libs/include/boost/geometry/algorithms/detail/distance/backward_compatibility.hpp,32,dispatch
cpp,android/android_libs/include/boost/geometry/algorithms/detail/distance/backward_compatibility.hpp,81,dispatch
cpp,android/android_libs/include/boost/geometry/algorithms/detail/distance/backward_compatibility.hpp,326,dispatch
cpp,android/android_libs/include/boost/geometry/algorithms/detail/distance/geometry_to_segment_or_box.hpp,32,dispatch
cpp,android/android_libs/include/boost/geometry/algorithms/detail/distance/geometry_to_segment_or_box.hpp,309,dispatch
cpp,android/android_libs/include/boost/geometry/algorithms/detail/distance/geometry_to_segment_or_box.hpp,384,dispatch
cpp,android/android_libs/include/boost/geometry/algorithms/detail/distance/geometry_to_segment_or_box.hpp,401,dispatch
cpp,android/android_libs/include/boost/geometry/algorithms/detail/distance/geometry_to_segment_or_box.hpp,479,dispatch
cpp,android/android_libs/include/boost/geometry/algorithms/detail/distance/linear_to_box.hpp,47,dispatch
cpp,android/android_libs/include/boost/geometry/algorithms/detail/distance/linear_to_box.hpp,87,dispatch
cpp,android/android_libs/include/boost/geometry/algorithms/detail/distance/linear_to_box.hpp,118,dispatch
cpp,android/android_libs/include/boost/geometry/algorithms/detail/distance/linear_or_areal_to_areal.hpp,98,dispatch
cpp,android/android_libs/include/boost/geometry/algorithms/detail/distance/linear_or_areal_to_areal.hpp,142,dispatch
cpp,android/android_libs/include/boost/geometry/algorithms/detail/distance/range_to_geometry_rtree.hpp,23,dispatch
cpp,android/android_libs/include/boost/geometry/algorithms/detail/distance/range_to_geometry_rtree.hpp,76,dispatch
cpp,android/android_libs/include/boost/geometry/algorithms/detail/distance/range_to_geometry_rtree.hpp,109,dispatch
cpp,android/android_libs/include/boost/geometry/algorithms/detail/distance/multipoint_to_geometry.hpp,24,dispatch
cpp,android/android_libs/include/boost/geometry/algorithms/detail/distance/multipoint_to_geometry.hpp,188,dispatch
cpp,android/android_libs/include/boost/geometry/algorithms/detail/distance/multipoint_to_geometry.hpp,241,dispatch
cpp,android/android_libs/include/boost/geometry/algorithms/detail/is_valid/multipolygon.hpp,44,dispatch
cpp,android/android_libs/include/boost/geometry/algorithms/detail/is_valid/multipolygon.hpp,379,dispatch
cpp,android/android_libs/include/boost/geometry/algorithms/detail/is_valid/multipolygon.hpp,399,dispatch
cpp,android/android_libs/include/boost/geometry/algorithms/detail/is_valid/pointlike.hpp,21,dispatch
cpp,android/android_libs/include/boost/geometry/algorithms/detail/is_valid/pointlike.hpp,32,dispatch
cpp,android/android_libs/include/boost/geometry/algorithms/detail/is_valid/pointlike.hpp,85,dispatch
cpp,android/android_libs/include/boost/geometry/algorithms/detail/is_valid/box.hpp,24,dispatch
cpp,android/android_libs/include/boost/geometry/algorithms/detail/is_valid/box.hpp,90,dispatch
cpp,android/android_libs/include/boost/geometry/algorithms/detail/is_valid/box.hpp,107,dispatch
cpp,android/android_libs/include/boost/geometry/algorithms/detail/is_valid/interface.hpp,21,dispatch
cpp,android/android_libs/include/boost/geometry/algorithms/detail/is_valid/interface.hpp,44,dispatch
cpp,android/android_libs/include/boost/geometry/algorithms/detail/is_valid/interface.hpp,58,dispatch
cpp,android/android_libs/include/boost/geometry/algorithms/detail/is_valid/ring.hpp,39,dispatch
cpp,android/android_libs/include/boost/geometry/algorithms/detail/is_valid/ring.hpp,224,dispatch
cpp,android/android_libs/include/boost/geometry/algorithms/detail/is_valid/ring.hpp,240,dispatch
cpp,android/android_libs/include/boost/geometry/algorithms/detail/is_valid/polygon.hpp,63,dispatch
cpp,android/android_libs/include/boost/geometry/algorithms/detail/is_valid/polygon.hpp,523,dispatch
cpp,android/android_libs/include/boost/geometry/algorithms/detail/is_valid/polygon.hpp,538,dispatch
cpp,android/android_libs/include/boost/geometry/algorithms/detail/is_valid/linear.hpp,32,dispatch
cpp,android/android_libs/include/boost/geometry/algorithms/detail/is_valid/linear.hpp,100,dispatch
cpp,android/android_libs/include/boost/geometry/algorithms/detail/is_valid/linear.hpp,183,dispatch
cpp,android/android_libs/include/boost/geometry/algorithms/detail/is_valid/segment.hpp,23,dispatch
cpp,android/android_libs/include/boost/geometry/algorithms/detail/is_valid/segment.hpp,32,dispatch
cpp,android/android_libs/include/boost/geometry/algorithms/detail/is_valid/segment.hpp,79,dispatch
cpp,android/android_libs/include/boost/geometry/strategies/cartesian/envelope_box.hpp,33,dispatch
cpp,android/android_libs/include/boost/geometry/strategies/concepts/within_concept.hpp,255,dispatch
cpp,android/android_libs/include/boost/geometry/strategies/concepts/within_concept.hpp,293,dispatch
cpp,android/android_libs/include/boost/geometry/strategies/concepts/within_concept.hpp,304,dispatch
cpp,android/android_libs/include/boost/geometry/strategies/spherical/envelope_multipoint.hpp,257,dispatch
cpp,android/android_libs/include/boost/geometry/strategies/spherical/expand_box.hpp,35,dispatch
cpp,android/android_libs/include/boost/geometry/strategies/spherical/point_in_point.hpp,36,dispatch
cpp,android/android_libs/include/boost/geometry/policies/robustness/get_rescale_policy.hpp,392,dispatch
cpp,android/android_libs/include/boost/geometry/io/svg/svg_mapper.hpp,57,dispatch
cpp,android/android_libs/include/boost/geometry/io/svg/svg_mapper.hpp,250,dispatch
cpp,android/android_libs/include/boost/geometry/io/svg/svg_mapper.hpp,259,dispatch
cpp,android/android_libs/include/boost/geometry/io/svg/write.hpp,229,dispatch
cpp,android/android_libs/include/boost/geometry/io/svg/write.hpp,360,dispatch
cpp,android/android_libs/include/boost/geometry/io/svg/write.hpp,384,dispatch
cpp,android/android_libs/include/boost/geometry/io/dsv/write.hpp,273,dispatch
cpp,android/android_libs/include/boost/geometry/io/dsv/write.hpp,309,dispatch
cpp,android/android_libs/include/boost/geometry/io/dsv/write.hpp,333,dispatch
cpp,android/android_libs/include/boost/geometry/io/dsv/write.hpp,355,dispatch
cpp,android/android_libs/include/boost/geometry/io/dsv/write.hpp,392,dispatch
cpp,android/android_libs/include/boost/geometry/io/dsv/write.hpp,395,dispatch
cpp,android/android_libs/include/boost/geometry/io/dsv/write.hpp,403,dispatch
cpp,android/android_libs/include/boost/geometry/io/wkt/write.hpp,338,dispatch
cpp,android/android_libs/include/boost/geometry/io/wkt/write.hpp,495,dispatch
cpp,android/android_libs/include/boost/geometry/io/wkt/write.hpp,529,dispatch
cpp,android/android_libs/include/boost/geometry/io/wkt/read.hpp,805,dispatch
cpp,android/android_libs/include/boost/geometry/io/wkt/read.hpp,897,dispatch
cpp,android/android_libs/include/boost/geometry/io/wkt/read.hpp,913,dispatch
cpp,android/android_libs/include/boost/geometry/geometries/concepts/check.hpp,60,dispatch
cpp,android/android_libs/include/boost/geometry/geometries/concepts/check.hpp,180,dispatch
cpp,android/android_libs/include/boost/geometry/geometries/concepts/check.hpp,196,dispatch
cpp,android/android_libs/include/boost/geometry/views/detail/range_type.hpp,32,dispatch
cpp,android/android_libs/include/boost/geometry/views/detail/range_type.hpp,95,dispatch
cpp,android/android_libs/include/boost/geometry/views/detail/range_type.hpp,102,dispatch
cpp,android/android_libs/include/boost/geometry/views/detail/range_type.hpp,123,dispatch
cpp,android/android_libs/include/boost/stacktrace/detail/addr2line_impls.hpp,23,signal
cpp,android/android_libs/include/boost/stacktrace/detail/libbacktrace_impls.hpp,63,signal
cpp,android/android_libs/include/boost/stacktrace/detail/libbacktrace_impls.hpp,65,signal
cpp,android/android_libs/include/boost/parameter/aux_/arg_list.hpp,833,dispatch
cpp,android/android_libs/include/boost/parameter/aux_/arg_list.hpp,854,dispatch
cpp,android/android_libs/include/boost/parameter/aux_/preprocessor/impl/function_dispatch_layer.hpp,17,dispatch
cpp,android/android_libs/include/boost/parameter/aux_/preprocessor/impl/function_dispatch_layer.hpp,26,dispatch
cpp,android/android_libs/include/boost/parameter/aux_/preprocessor/impl/function_dispatch_layer.hpp,33,dispatch
cpp,android/android_libs/include/boost/parameter/aux_/preprocessor/impl/function_dispatch_layer.hpp,42,dispatch
cpp,android/android_libs/include/boost/parameter/aux_/preprocessor/impl/function_dispatch_layer.hpp,50,dispatch
cpp,android/android_libs/include/boost/parameter/aux_/preprocessor/impl/function_dispatch_layer.hpp,84,dispatch
cpp,android/android_libs/include/boost/parameter/aux_/preprocessor/impl/function_dispatch_layer.hpp,101,dispatch
cpp,android/android_libs/include/boost/parameter/aux_/preprocessor/impl/function_dispatch_layer.hpp,122,dispatch
cpp,android/android_libs/include/boost/parameter/aux_/preprocessor/impl/function_dispatch_layer.hpp,123,dispatch
cpp,android/android_libs/include/boost/parameter/aux_/preprocessor/impl/function_dispatch_layer.hpp,138,dispatch
cpp,android/android_libs/include/boost/parameter/aux_/preprocessor/impl/function_dispatch_layer.hpp,146,dispatch
cpp,android/android_libs/include/boost/parameter/aux_/preprocessor/impl/function_dispatch_layer.hpp,167,dispatch
cpp,android/android_libs/include/boost/parameter/aux_/preprocessor/impl/function_dispatch_layer.hpp,184,dispatch
cpp,android/android_libs/include/boost/parameter/aux_/preprocessor/impl/function_dispatch_layer.hpp,208,dispatch
cpp,android/android_libs/include/boost/parameter/aux_/preprocessor/impl/function_dispatch_layer.hpp,227,dispatch
cpp,android/android_libs/include/boost/parameter/aux_/preprocessor/impl/function_dispatch_layer.hpp,230,dispatch
cpp,android/android_libs/include/boost/parameter/aux_/preprocessor/impl/function_dispatch_layer.hpp,268,dispatch
cpp,android/android_libs/include/boost/parameter/aux_/preprocessor/impl/function_dispatch_layer.hpp,269,dispatch
cpp,android/android_libs/include/boost/parameter/aux_/preprocessor/impl/function_dispatch_layer.hpp,271,dispatch
cpp,android/android_libs/include/boost/parameter/aux_/preprocessor/impl/function_dispatch_layer.hpp,282,dispatch
cpp,android/android_libs/include/boost/parameter/aux_/preprocessor/impl/function_dispatch_layer.hpp,284,dispatch
cpp,android/android_libs/include/boost/parameter/aux_/preprocessor/impl/function_dispatch_layer.hpp,287,dispatch
cpp,android/android_libs/include/boost/parameter/aux_/preprocessor/impl/function_dispatch_layer.hpp,289,dispatch
cpp,android/android_libs/include/boost/parameter/aux_/preprocessor/impl/function_dispatch_layer.hpp,292,dispatch
cpp,android/android_libs/include/boost/parameter/aux_/preprocessor/impl/function_dispatch_layer.hpp,294,dispatch
cpp,android/android_libs/include/boost/parameter/aux_/preprocessor/impl/function_dispatch_layer.hpp,295,dispatch
cpp,android/android_libs/include/boost/parameter/aux_/preprocessor/impl/function_dispatch_layer.hpp,389,dispatch
cpp,android/android_libs/include/boost/parameter/aux_/preprocessor/impl/function_dispatch_layer.hpp,390,dispatch
cpp,android/android_libs/include/boost/parameter/aux_/preprocessor/impl/function_dispatch_layer.hpp,391,dispatch
cpp,android/android_libs/include/boost/parameter/aux_/preprocessor/impl/function_dispatch_layer.hpp,392,dispatch
cpp,android/android_libs/include/boost/parameter/aux_/preprocessor/impl/function_dispatch_tuple.hpp,11,dispatch
cpp,android/android_libs/include/boost/sort/heap_sort/heap_sort.hpp,44,signal
cpp,android/android_libs/include/boost/sort/common/scheduler.hpp,4,dispatch
cpp,android/android_libs/include/boost/sort/common/scheduler.hpp,142,emplace
cpp,android/android_libs/include/boost/sort/common/scheduler.hpp,152,emplace
cpp,android/android_libs/include/boost/sort/common/scheduler.hpp,159,emplace
cpp,android/android_libs/include/boost/sort/common/scheduler.hpp,166,emplace
cpp,android/android_libs/include/boost/sort/common/scheduler.hpp,201,emplace
cpp,android/android_libs/include/boost/asio/impl/io_context.hpp,166,dispatch
cpp,android/android_libs/include/boost/asio/impl/io_context.hpp,176,dispatch
cpp,android/android_libs/include/boost/asio/impl/io_context.hpp,253,dispatch
cpp,android/android_libs/include/boost/asio/impl/io_context.hpp,275,dispatch
cpp,android/android_libs/include/boost/asio/impl/system_executor.hpp,35,dispatch
cpp,android/android_libs/include/boost/asio/impl/spawn.hpp,416,dispatch
cpp,android/android_libs/include/boost/asio/impl/spawn.hpp,441,dispatch
cpp,android/android_libs/include/boost/asio/impl/executor.hpp,182,dispatch
cpp,android/android_libs/include/boost/asio/impl/executor.hpp,184,dispatch
cpp,android/android_libs/include/boost/asio/impl/executor.hpp,291,dispatch
cpp,android/android_libs/include/boost/asio/impl/executor.hpp,293,dispatch
cpp,android/android_libs/include/boost/asio/impl/executor.hpp,344,dispatch
cpp,android/android_libs/include/boost/asio/impl/executor.hpp,349,dispatch
cpp,android/android_libs/include/boost/asio/impl/executor.hpp,351,dispatch
cpp,android/android_libs/include/boost/asio/impl/co_spawn.hpp,20,dispatch
cpp,android/android_libs/include/boost/asio/impl/co_spawn.hpp,47,dispatch
cpp,android/android_libs/include/boost/asio/impl/co_spawn.hpp,58,dispatch
cpp,android/android_libs/include/boost/asio/impl/co_spawn.hpp,86,dispatch
cpp,android/android_libs/include/boost/asio/impl/thread_pool.hpp,54,dispatch
cpp,android/android_libs/include/boost/asio/impl/thread_pool.hpp,76,dispatch
cpp,android/android_libs/include/boost/asio/impl/use_future.hpp,222,dispatch
cpp,android/android_libs/include/boost/asio/impl/use_future.hpp,617,dispatch
cpp,android/android_libs/include/boost/asio/impl/use_future.hpp,626,dispatch
cpp,android/android_libs/include/boost/asio/impl/use_future.hpp,730,dispatch
cpp,android/android_libs/include/boost/asio/impl/use_future.hpp,740,dispatch
cpp,android/android_libs/include/boost/asio/impl/dispatch.hpp,2,dispatch
cpp,android/android_libs/include/boost/asio/impl/dispatch.hpp,43,dispatch
cpp,android/android_libs/include/boost/asio/impl/dispatch.hpp,71,dispatch
cpp,android/android_libs/include/boost/asio/impl/dispatch.hpp,82,dispatch
cpp,android/android_libs/include/boost/asio/impl/dispatch.hpp,91,dispatch
cpp,android/android_libs/include/boost/asio/impl/dispatch.hpp,101,dispatch
cpp,android/android_libs/include/boost/asio/impl/dispatch.hpp,106,dispatch
cpp,android/android_libs/include/boost/asio/posix/basic_stream_descriptor.hpp,67,dispatch
cpp,android/android_libs/include/boost/asio/posix/basic_stream_descriptor.hpp,82,dispatch
cpp,android/android_libs/include/boost/asio/posix/basic_stream_descriptor.hpp,100,dispatch
cpp,android/android_libs/include/boost/asio/posix/basic_stream_descriptor.hpp,119,dispatch
cpp,android/android_libs/include/boost/asio/posix/basic_descriptor.hpp,85,dispatch
cpp,android/android_libs/include/boost/asio/posix/basic_descriptor.hpp,98,dispatch
cpp,android/android_libs/include/boost/asio/posix/basic_descriptor.hpp,116,dispatch
cpp,android/android_libs/include/boost/asio/posix/basic_descriptor.hpp,139,dispatch
cpp,android/android_libs/include/boost/asio/ssl/stream.hpp,125,dispatch
cpp,android/android_libs/include/boost/asio/ssl/stream.hpp,127,dispatch
cpp,android/android_libs/include/boost/asio/detail/work_dispatcher.hpp,59,dispatch
cpp,android/android_libs/include/boost/asio/detail/null_event.hpp,43,signal
cpp,android/android_libs/include/boost/asio/detail/null_event.hpp,53,signal
cpp,android/android_libs/include/boost/asio/detail/null_event.hpp,59,signal
cpp,android/android_libs/include/boost/asio/detail/conditionally_enabled_event.hpp,47,signal
cpp,android/android_libs/include/boost/asio/detail/conditionally_enabled_event.hpp,50,signal
cpp,android/android_libs/include/boost/asio/detail/conditionally_enabled_event.hpp,60,signal
cpp,android/android_libs/include/boost/asio/detail/conditionally_enabled_event.hpp,68,signal
cpp,android/android_libs/include/boost/asio/detail/io_object_executor.hpp,108,dispatch
cpp,android/android_libs/include/boost/asio/detail/io_object_executor.hpp,128,dispatch
cpp,android/android_libs/include/boost/asio/detail/win_iocp_io_context.hpp,151,dispatch
cpp,android/android_libs/include/boost/asio/detail/win_iocp_io_context.hpp,281,dispatch
cpp,android/android_libs/include/boost/asio/detail/win_iocp_io_context.hpp,317,dispatch
cpp,android/android_libs/include/boost/asio/detail/signal_init.hpp,37,signal
cpp,android/android_libs/include/boost/asio/detail/signal_set_service.hpp,21,signal
cpp,android/android_libs/include/boost/asio/detail/signal_set_service.hpp,61,signal
cpp,android/android_libs/include/boost/asio/detail/signal_set_service.hpp,80,signal
cpp,android/android_libs/include/boost/asio/detail/signal_set_service.hpp,83,signal
cpp,android/android_libs/include/boost/asio/detail/signal_set_service.hpp,93,signal
cpp,android/android_libs/include/boost/asio/detail/signal_set_service.hpp,111,signal
cpp,android/android_libs/include/boost/asio/detail/signal_set_service.hpp,137,signal
cpp,android/android_libs/include/boost/asio/detail/signal_set_service.hpp,141,signal
cpp,android/android_libs/include/boost/asio/detail/signal_set_service.hpp,149,signal
cpp,android/android_libs/include/boost/asio/detail/signal_set_service.hpp,153,signal
cpp,android/android_libs/include/boost/asio/detail/signal_set_service.hpp,171,signal
cpp,android/android_libs/include/boost/asio/detail/signal_set_service.hpp,175,signal
cpp,android/android_libs/include/boost/asio/detail/signal_set_service.hpp,178,signal
cpp,android/android_libs/include/boost/asio/detail/signal_set_service.hpp,213,signal
cpp,android/android_libs/include/boost/asio/detail/posix_event.hpp,47,signal
cpp,android/android_libs/include/boost/asio/detail/posix_event.hpp,62,signal
cpp,android/android_libs/include/boost/asio/detail/posix_event.hpp,74,signal
cpp,android/android_libs/include/boost/asio/detail/strand_executor_service.hpp,91,dispatch
cpp,android/android_libs/include/boost/asio/detail/wrapped_handler.hpp,76,dispatch
cpp,android/android_libs/include/boost/asio/detail/wrapped_handler.hpp,81,dispatch
cpp,android/android_libs/include/boost/asio/detail/wrapped_handler.hpp,87,dispatch
cpp,android/android_libs/include/boost/asio/detail/wrapped_handler.hpp,93,dispatch
cpp,android/android_libs/include/boost/asio/detail/wrapped_handler.hpp,99,dispatch
cpp,android/android_libs/include/boost/asio/detail/wrapped_handler.hpp,105,dispatch
cpp,android/android_libs/include/boost/asio/detail/wrapped_handler.hpp,111,dispatch
cpp,android/android_libs/include/boost/asio/detail/wrapped_handler.hpp,117,dispatch
cpp,android/android_libs/include/boost/asio/detail/wrapped_handler.hpp,124,dispatch
cpp,android/android_libs/include/boost/asio/detail/wrapped_handler.hpp,132,dispatch
cpp,android/android_libs/include/boost/asio/detail/wrapped_handler.hpp,141,dispatch
cpp,android/android_libs/include/boost/asio/detail/wrapped_handler.hpp,150,dispatch
cpp,android/android_libs/include/boost/asio/detail/wrapped_handler.hpp,232,dispatch
cpp,android/android_libs/include/boost/asio/detail/wrapped_handler.hpp,242,dispatch
cpp,android/android_libs/include/boost/asio/detail/null_signal_blocker.hpp,43,signal
cpp,android/android_libs/include/boost/asio/detail/null_signal_blocker.hpp,53,signal
cpp,android/android_libs/include/boost/asio/detail/handler_work.hpp,72,dispatch
cpp,android/android_libs/include/boost/asio/detail/handler_work.hpp,87,dispatch
cpp,android/android_libs/include/boost/asio/detail/local_free_on_block_exit.hpp,42,signal
cpp,android/android_libs/include/boost/asio/detail/posix_signal_blocker.hpp,24,signal
cpp,android/android_libs/include/boost/asio/detail/posix_signal_blocker.hpp,46,signal
cpp,android/android_libs/include/boost/asio/detail/posix_signal_blocker.hpp,64,signal
cpp,android/android_libs/include/boost/asio/detail/posix_signal_blocker.hpp,75,signal
cpp,android/android_libs/include/boost/asio/detail/scheduler.hpp,121,dispatch
cpp,android/android_libs/include/boost/asio/detail/is_executor.hpp,32,dispatch
cpp,android/android_libs/include/boost/asio/detail/is_executor.hpp,82,dispatch
cpp,android/android_libs/include/boost/asio/detail/signal_op.hpp,34,signal
cpp,android/android_libs/include/boost/asio/detail/win_event.hpp,44,signal
cpp,android/android_libs/include/boost/asio/detail/win_event.hpp,59,signal
cpp,android/android_libs/include/boost/asio/detail/win_event.hpp,71,signal
cpp,android/android_libs/include/boost/asio/detail/config.hpp,1191,signal
cpp,android/android_libs/include/boost/asio/detail/config.hpp,1204,signal
cpp,android/android_libs/include/boost/asio/detail/strand_service.hpp,89,dispatch
cpp,android/android_libs/include/boost/asio/detail/strand_service.hpp,100,dispatch
cpp,android/android_libs/include/boost/asio/detail/std_event.hpp,50,signal
cpp,android/android_libs/include/boost/asio/detail/std_event.hpp,65,signal
cpp,android/android_libs/include/boost/asio/detail/std_event.hpp,77,signal
cpp,android/android_libs/include/boost/asio/ts/executor.hpp,27,dispatch
cpp,android/android_libs/include/boost/asio/windows/basic_overlapped_handle.hpp,85,dispatch
cpp,android/android_libs/include/boost/asio/windows/basic_overlapped_handle.hpp,98,dispatch
cpp,android/android_libs/include/boost/asio/windows/basic_overlapped_handle.hpp,117,dispatch
cpp,android/android_libs/include/boost/asio/windows/basic_overlapped_handle.hpp,139,dispatch
cpp,android/android_libs/include/boost/asio/windows/basic_stream_handle.hpp,71,dispatch
cpp,android/android_libs/include/boost/asio/windows/basic_stream_handle.hpp,85,dispatch
cpp,android/android_libs/include/boost/asio/windows/basic_stream_handle.hpp,104,dispatch
cpp,android/android_libs/include/boost/asio/windows/basic_stream_handle.hpp,122,dispatch
cpp,android/android_libs/include/boost/asio/windows/basic_random_access_handle.hpp,68,dispatch
cpp,android/android_libs/include/boost/asio/windows/basic_random_access_handle.hpp,83,dispatch
cpp,android/android_libs/include/boost/asio/windows/basic_random_access_handle.hpp,102,dispatch
cpp,android/android_libs/include/boost/asio/windows/basic_random_access_handle.hpp,121,dispatch
cpp,android/android_libs/include/boost/asio/windows/basic_object_handle.hpp,82,dispatch
cpp,android/android_libs/include/boost/asio/windows/basic_object_handle.hpp,95,dispatch
cpp,android/android_libs/include/boost/asio/windows/basic_object_handle.hpp,114,dispatch
cpp,android/android_libs/include/boost/asio/windows/basic_object_handle.hpp,136,dispatch
cpp,android/android_libs/include/boost/asio/ip/basic_resolver.hpp,105,dispatch
cpp,android/android_libs/include/boost/asio/ip/basic_resolver.hpp,118,dispatch
cpp,android/android_libs/include/boost/asio/detail/impl/winrt_timer_scheduler.hpp,57,signal
cpp,android/android_libs/include/boost/asio/detail/impl/strand_executor_service.hpp,100,dispatch
cpp,android/android_libs/include/boost/asio/detail/impl/strand_executor_service.hpp,122,dispatch
cpp,android/android_libs/include/boost/asio/detail/impl/strand_executor_service.hpp,128,dispatch
cpp,android/android_libs/include/boost/asio/detail/impl/strand_service.hpp,55,dispatch
cpp,android/android_libs/include/boost/asio/detail/impl/strand_service.hpp,73,dispatch
cpp,android/android_libs/include/boost/dll/detail/demangling/mangled_storage_base.hpp,97,emplace
cpp,android/android_libs/include/boost/container/detail/flat_tree.hpp,1498,dispatch
cpp,android/android_libs/include/boost/unordered/detail/implementation.hpp,76,emplace
cpp,android/android_libs/include/boost/unordered/detail/implementation.hpp,3100,emplace
cpp,android/android_libs/include/boost/unordered/detail/implementation.hpp,4641,emplace
cpp,android/android_libs/include/boost/unordered/detail/implementation.hpp,4643,emplace
cpp,android/android_libs/include/boost/test/tree/observer.hpp,77,signal
cpp,android/android_libs/include/boost/interprocess/sync/detail/condition_any_algorithm.hpp,81,signal
cpp,android/android_libs/include/boost/interprocess/sync/detail/condition_any_algorithm.hpp,85,signal
cpp,android/android_libs/include/boost/interprocess/sync/detail/condition_any_algorithm.hpp,174,signal
cpp,android/android_libs/include/boost/interprocess/sync/detail/condition_any_algorithm.hpp,177,signal
cpp,android/android_libs/include/boost/interprocess/sync/detail/condition_algorithm_8a.hpp,109,signal
cpp,android/android_libs/include/boost/interprocess/sync/detail/condition_algorithm_8a.hpp,199,signal
cpp,android/android_libs/include/boost/interprocess/sync/detail/condition_algorithm_8a.hpp,203,signal
cpp,android/android_libs/include/boost/interprocess/sync/detail/condition_algorithm_8a.hpp,345,signal
cpp,android/android_libs/include/boost/interprocess/sync/detail/condition_algorithm_8a.hpp,348,signal
cpp,android/android_libs/include/boost/heap/detail/mutable_heap.hpp,361,emplace
cpp,android/android_libs/include/boost/optional/detail/optional_reference_spec.hpp,199,emplace
cpp,android/android_libs/include/boost/optional/detail/optional_reference_spec.hpp,241,emplace
cpp,android/android_libs/include/boost/optional/detail/optional_swap.hpp,38,emplace
cpp,android/android_libs/include/boost/optional/detail/optional_swap.hpp,40,emplace
cpp,android/android_libs/include/boost/optional/detail/old_optional_implementation.hpp,859,emplace
cpp,android/android_libs/include/boost/optional/detail/old_optional_implementation.hpp,865,emplace
cpp,android/android_libs/include/boost/optional/detail/old_optional_implementation.hpp,870,emplace
cpp,android/android_libs/include/boost/optional/detail/old_optional_implementation.hpp,876,emplace
cpp,android/android_libs/include/boost/optional/detail/old_optional_implementation.hpp,882,emplace
cpp,android/android_libs/include/boost/optional/detail/old_optional_implementation.hpp,887,emplace
cpp,android/android_libs/include/boost/archive/detail/common_iarchive.hpp,69,emit
lua,docs/_static/data/locales/sv.lua,111,connect
lua,docs/_static/data/locales/sv.lua,285,connect
lua,docs/_static/data/locales/pl.lua,108,connect
lua,docs/_static/data/locales/pl.lua,281,connect
lua,docs/_static/data/locales/pt.lua,121,connect
lua,docs/_static/data/locales/pt.lua,316,connect
lua,docs/_static/data/locales/pt.lua,355,connect
lua,docs/_static/data/locales/pt.lua,408,connect
lua,docs/_static/data/locales/es.lua,113,connect
lua,docs/_static/data/locales/es.lua,287,connect
lua,docs/_static/data/locales/de.lua,110,connect
lua,docs/_static/data/locales/de.lua,284,connect
lua,docs/authoring/_blueprints/scaffold_out/example_module/example.lua,10,g_ui.
lua,docs/authoring/_samples/locales/template.lua,274,connect
lua,docs/authoring/_samples/locales/template.lua,521,connect
lua,docs/authoring/_samples/locales/template.lua,637,connect
lua,docs/authoring/blueprints/scaffold_out/example_module/example.lua,10,g_ui.
lua,data/locales/sv.lua,111,connect
lua,data/locales/sv.lua,285,connect
lua,data/locales/pl.lua,108,connect
lua,data/locales/pl.lua,281,connect
lua,data/locales/pt.lua,121,connect
lua,data/locales/pt.lua,316,connect
lua,data/locales/pt.lua,355,connect
lua,data/locales/pt.lua,408,connect
lua,data/locales/es.lua,113,connect
lua,data/locales/es.lua,287,connect
lua,data/locales/de.lua,110,connect
lua,data/locales/de.lua,284,connect
cpp,src/framework/luafunctions.cpp,232,g_dispatcher
cpp,src/framework/luafunctions.cpp,233,g_dispatcher
cpp,src/framework/luafunctions.cpp,234,g_dispatcher
cpp,src/framework/luafunctions.cpp,235,g_dispatcher
cpp,src/android/dependencies.cpp,4,signal
cpp,src/android/dependencies.cpp,18,signal
cpp,src/client/missile.cpp,85,g_dispatcher
cpp,src/client/animatedtext.cpp,70,g_dispatcher
cpp,src/client/creature.cpp,406,g_dispatcher
cpp,src/client/creature.cpp,454,g_dispatcher
cpp,src/client/creature.cpp,516,g_dispatcher
cpp,src/client/creature.cpp,587,g_dispatcher
cpp,src/client/creature.cpp,637,g_dispatcher
cpp,src/client/creature.cpp,728,g_dispatcher
cpp,src/client/creature.cpp,800,g_dispatcher
cpp,src/client/creature.cpp,843,g_dispatcher
cpp,src/client/creature.cpp,855,g_dispatcher
cpp,src/client/creature.cpp,1200,g_dispatcher
cpp,src/client/statictext.cpp,111,g_dispatcher
cpp,src/client/statictext.cpp,123,g_dispatcher
cpp,src/client/thingtypemanager.cpp,80,g_dispatcher
cpp,src/client/map.cpp,575,g_dispatcher
cpp,src/client/map.cpp,1124,emplace
cpp,src/client/map.cpp,1159,emplace
cpp,src/client/map.cpp,1163,emplace
cpp,src/client/map.cpp,1224,dispatch
cpp,src/client/map.cpp,1226,g_dispatcher
cpp,src/client/map.cpp,1351,emplace
cpp,src/client/map.cpp,1353,emplace
cpp,src/client/map.cpp,1360,emplace
cpp,src/client/effect.cpp,80,g_dispatcher
cpp,src/client/protocolgameparse.cpp,1090,g_dispatcher
cpp,src/client/protocolgameparse.cpp,1094,g_dispatcher
cpp,src/client/protocolgameparse.cpp,1108,g_dispatcher
cpp,src/client/protocolgameparse.cpp,1112,g_dispatcher
cpp,src/client/localplayer.cpp,246,g_dispatcher
cpp,src/client/localplayer.cpp,283,g_dispatcher
cpp,src/client/localplayer.cpp,395,g_dispatcher
cpp,src/client/game.cpp,203,g_dispatcher
cpp,src/client/game.cpp,208,g_dispatcher
cpp,src/client/game.cpp,213,g_dispatcher
cpp,src/client/game.cpp,297,g_dispatcher
cpp,src/client/game.cpp,1551,g_dispatcher
cpp,src/client/game.cpp,1568,g_dispatcher
cpp,src/framework/net/packet_player.cpp,41,g_dispatcher
cpp,src/framework/net/packet_player.cpp,73,g_dispatcher
cpp,src/framework/core/graphicalapplication.cpp,205,g_dispatcher
cpp,src/framework/core/graphicalapplication.cpp,420,addEvent
cpp,src/framework/core/graphicalapplication.cpp,433,dispatch
cpp,src/framework/core/graphicalapplication.cpp,452,addEvent
cpp,src/framework/core/graphicalapplication.cpp,461,addEvent
cpp,src/framework/core/graphicalapplication.cpp,470,addEvent
cpp,src/framework/core/graphicalapplication.cpp,489,g_dispatcher
cpp,src/framework/core/asyncdispatcher.h,46,dispatch
cpp,src/framework/core/eventdispatcher.cpp,31,g_dispatcher
cpp,src/framework/core/eventdispatcher.cpp,52,g_dispatcher
cpp,src/framework/core/eventdispatcher.cpp,112,g_dispatcher
cpp,src/framework/core/application.cpp,53,g_dispatcher
cpp,src/framework/core/application.cpp,74,signal
cpp,src/framework/core/application.cpp,75,signal
cpp,src/framework/core/application.cpp,126,g_dispatcher
cpp,src/framework/core/application.cpp,148,signal
cpp,src/framework/core/application.cpp,149,signal
cpp,src/framework/core/application.cpp,156,g_dispatcher
cpp,src/framework/core/logger.cpp,74,g_dispatcher
cpp,src/framework/core/eventdispatcher.h,31,g_dispatcher
cpp,src/framework/core/eventdispatcher.h,53,g_dispatcher
cpp,src/framework/core/eventdispatcher.h,59,addEvent
cpp,src/framework/proxy/proxy_client.cpp,417,emplace
cpp,src/framework/platform/androidwindow.cpp,289,g_dispatcher
cpp,src/framework/platform/androidwindow.cpp,419,g_dispatcher
cpp,src/framework/platform/androidwindow.cpp,528,addEvent
cpp,src/framework/platform/androidwindow.cpp,546,g_dispatcher
cpp,src/framework/platform/androidwindow.cpp,556,addEvent
cpp,src/framework/platform/androidwindow.cpp,610,addEvent
cpp,src/framework/platform/unixplatform.cpp,127,g_dispatcher
cpp,src/framework/platform/unixplatform.cpp,139,g_dispatcher
cpp,src/framework/platform/platformwindow.cpp,82,g_dispatcher
cpp,src/framework/platform/platformwindow.cpp,124,g_dispatcher
cpp,src/framework/platform/platformwindow.cpp,162,g_dispatcher
cpp,src/framework/platform/platformwindow.cpp,185,g_dispatcher
cpp,src/framework/platform/unixcrashhandler.cpp,35,signal
cpp,src/framework/platform/unixcrashhandler.cpp,119,signal
cpp,src/framework/platform/unixcrashhandler.cpp,120,signal
cpp,src/framework/platform/unixcrashhandler.cpp,121,signal
cpp,src/framework/platform/unixcrashhandler.cpp,122,signal
cpp,src/framework/platform/win32platform.cpp,159,g_dispatcher
cpp,src/framework/platform/win32platform.cpp,171,g_dispatcher
cpp,src/framework/platform/win32window.cpp,510,addEvent
cpp,src/framework/platform/win32window.cpp,521,addEvent
cpp,src/framework/platform/win32window.cpp,534,addEvent
cpp,src/framework/platform/win32window.cpp,545,addEvent
cpp,src/framework/platform/win32window.cpp,553,addEvent
cpp,src/framework/platform/win32window.cpp,563,addEvent
cpp,src/framework/platform/win32window.cpp,581,g_dispatcher
cpp,src/framework/platform/win32window.cpp,636,g_dispatcher
cpp,src/framework/platform/win32window.cpp,978,addEvent
cpp,src/framework/platform/win32window.cpp,990,addEvent
cpp,src/framework/platform/win32window.cpp,1001,addEvent
cpp,src/framework/platform/win32window.cpp,1008,addEvent
cpp,src/framework/platform/win32window.cpp,1015,addEvent
cpp,src/framework/platform/win32window.cpp,1042,addEvent
cpp,src/framework/platform/win32window.cpp,1048,addEvent
cpp,src/framework/platform/win32window.cpp,1072,addEvent
cpp,src/framework/platform/x11window.cpp,528,addEvent
cpp,src/framework/platform/x11window.cpp,542,addEvent
cpp,src/framework/platform/x11window.cpp,555,addEvent
cpp,src/framework/platform/x11window.cpp,572,addEvent
cpp,src/framework/platform/x11window.cpp,657,g_dispatcher
cpp,src/framework/platform/x11window.cpp,780,g_dispatcher
cpp,src/framework/platform/x11window.cpp,791,g_dispatcher
cpp,src/framework/platform/x11window.cpp,834,g_dispatcher
cpp,src/framework/platform/x11window.cpp,890,addEvent
cpp,src/framework/platform/x11window.cpp,914,addEvent
cpp,src/framework/platform/x11window.cpp,931,addEvent
cpp,src/framework/platform/x11window.cpp,980,addEvent
cpp,src/framework/platform/x11window.cpp,991,addEvent
cpp,src/framework/platform/x11window.cpp,1006,addEvent
cpp,src/framework/platform/x11window.cpp,1034,addEvent
cpp,src/framework/platform/x11window.cpp,1056,addEvent
cpp,src/framework/platform/x11window.cpp,1092,addEvent
cpp,src/framework/platform/androidplatform.cpp,100,addEvent
cpp,src/framework/graphics/fontmanager.cpp,53,addEvent
cpp,src/framework/graphics/framebuffer.cpp,208,addEvent
cpp,src/framework/graphics/framebuffer.cpp,224,dispatch
cpp,src/framework/graphics/atlas.cpp,100,emplace
cpp,src/framework/graphics/texture.cpp,66,addEvent
cpp,src/framework/graphics/texture.cpp,79,addEvent
cpp,src/framework/graphics/hardwarebuffer.cpp,44,addEvent
cpp,src/framework/util/stats.cpp,17,emplace
cpp,src/framework/util/stats.cpp,42,emplace
cpp,src/framework/util/stats.cpp,185,emplace
cpp,src/framework/util/stats.cpp,189,emplace
cpp,src/framework/util/stats.cpp,225,emplace
cpp,src/framework/util/stats.cpp,245,emplace
cpp,src/framework/util/pngunpacker.cpp,24,emplace
cpp,src/framework/http/http.cpp,55,g_dispatcher
cpp,src/framework/http/http.cpp,91,g_dispatcher
cpp,src/framework/http/http.cpp,125,g_dispatcher
cpp,src/framework/http/http.cpp,131,g_dispatcher
cpp,src/framework/http/http.cpp,161,g_dispatcher
cpp,src/framework/otml/otmlnode.cpp,190,emit
cpp,src/framework/otml/otmldocument.cpp,59,emit
cpp,src/framework/otml/otmldocument.cpp,67,emit
cpp,src/framework/otml/otmldocument.h,47,emit
cpp,src/framework/otml/otmlnode.h,93,emit
cpp,src/framework/otml/otmlemitter.cpp,30,emit
cpp,src/framework/otml/otmlemitter.cpp,36,emit
cpp,src/framework/otml/otmlemitter.cpp,46,emit
cpp,src/framework/otml/otmlemitter.cpp,54,emit
cpp,src/framework/otml/otmlemitter.cpp,78,emit
cpp,src/framework/otml/otmlemitter.cpp,84,emit
cpp,src/framework/input/mouse.cpp,59,addEvent
cpp,src/framework/input/mouse.cpp,73,addEvent
cpp,src/framework/input/mouse.cpp,91,addEvent
cpp,src/framework/ui/uiverticallayout.cpp,96,g_dispatcher
cpp,src/framework/ui/uilayout.cpp,67,g_dispatcher
cpp,src/framework/ui/uihorizontallayout.cpp,94,g_dispatcher
cpp,src/framework/ui/uiwidget.cpp,970,g_dispatcher
cpp,src/framework/ui/uiwidget.cpp,1496,g_dispatcher
cpp,src/framework/ui/uimanager.cpp,273,g_dispatcher
cpp,src/framework/ui/uimanager.cpp,323,g_dispatcher
cpp,src/framework/ui/uimanager.cpp,327,g_dispatcher
cpp,src/framework/ui/uigridlayout.cpp,126,g_dispatcher
cpp,src/framework/luaengine/lbitlib.cpp,291,signal
lua,.github/instructions/blueprints/scaffold_out/example_module/example.lua,10,g_ui.
cpp,vc16/angle/include/platform/FeaturesMtl.h,29,dispatch
cpp,vc16/angle/include/platform/FeaturesMtl.h,32,dispatch
